,Planktonic,Disc,migration_rate,replicate,cycle
0,10.970045320903184,8.873299095313163,0.0,0,0
1,10.336846892553746,8.85002284889112,0.0,0,1
2,10.32044052086659,8.815837772064395,0.0,0,2
3,10.318339695334265,8.787134450814497,0.0,0,3
4,10.236288630404191,8.756794441891632,0.0,0,4
5,10.222971425475214,8.739157706399377,0.0,0,5
6,10.225444496476848,8.712584320427522,0.0,0,6
7,10.103304991838067,8.685774876442382,0.0,0,7
8,10.087053049066858,8.663858957655627,0.0,0,8
9,10.081403650777968,8.642981356268411,0.0,0,9
10,9.867870100899095,8.622385982285675,0.0,0,10
11,9.851556468082135,8.599415596789303,0.0,0,11
12,9.845236299185247,8.58539708323002,0.0,0,12
13,9.404824169710464,8.563832248181692,0.0,0,13
14,9.386424710389164,8.542233798723062,0.0,0,14
15,9.370981709296418,8.530627497480511,0.0,0,15
16,10.970045320903184,8.886467800506775,0.0,1,0
17,10.333180456132489,8.843313395823252,0.0,1,1
18,10.326850863973496,8.80871800822253,0.0,1,2
19,10.317840332298896,8.774220930533597,0.0,1,3
20,10.23724524286434,8.754426348995727,0.0,1,4
21,10.22872440852908,8.727087406379145,0.0,1,5
22,10.220075700996286,8.705733654911956,0.0,1,6
23,10.097280392927871,8.675993917981815,0.0,1,7
24,10.093374482245048,8.658456668958458,0.0,1,8
25,10.08374071541341,8.630723234784101,0.0,1,9
26,9.862854114228227,8.613308987060712,0.0,1,10
27,9.859288222022093,8.591944798226658,0.0,1,11
28,9.845681534317022,8.579731487027514,0.0,1,12
29,9.407813097335367,8.567956960234506,0.0,1,13
30,9.38409697857714,8.54006650031423,0.0,1,14
31,9.374309858672634,8.531008790970946,0.0,1,15
32,10.970045320903184,8.878531249959616,0.0,2,0
33,10.326406839315894,8.845285158839646,0.0,2,1
34,10.32541266578228,8.812511554868115,0.0,2,2
35,10.320111491053442,8.780167621244757,0.0,2,3
36,10.238547967557356,8.756595810431508,0.0,2,4
37,10.2283490886745,8.71832630071773,0.0,2,5
38,10.222792621903205,8.69884218774558,0.0,2,6
39,10.09788226620106,8.676545643346264,0.0,2,7
40,10.09038651129316,8.653242762943266,0.0,2,8
41,10.079664921409114,8.629584815141088,0.0,2,9
42,9.864904648542174,8.610425122098363,0.0,2,10
43,9.85687321208478,8.591449413967984,0.0,2,11
44,9.850115599393597,8.573567793236972,0.0,2,12
45,9.408291156958278,8.554069521132144,0.0,2,13
46,9.391143126364966,8.546352704003402,0.0,2,14
47,9.389392045933672,8.52548278957496,0.0,2,15
48,10.970045320903184,8.881666541527956,0.0,3,0
49,10.33965869778085,8.846152071000636,0.0,3,1
50,10.330899887017232,8.818706091337312,0.0,3,2
51,10.320940564071478,8.78438761089936,0.0,3,3
52,10.237612144646803,8.761279440902756,0.0,3,4
53,10.220580503883056,8.738176363466353,0.0,3,5
54,10.216933875563107,8.709510698288735,0.0,3,6
55,10.100063314357358,8.686466229773783,0.0,3,7
56,10.090531785877436,8.656893393473537,0.0,3,8
57,10.081147907695184,8.63589229151302,0.0,3,9
58,9.86731944390056,8.614017770749326,0.0,3,10
59,9.855199186884256,8.589945230445899,0.0,3,11
60,9.842057669457294,8.567276020720678,0.0,3,12
61,9.3995756005473,8.550655257739528,0.0,3,13
62,9.38878332410589,8.532884961197999,0.0,3,14
63,9.37839046672375,8.5130033785021,0.0,3,15
64,10.970045320903184,8.885728557132758,0.0,4,0
65,10.327138574130634,8.845519758523121,0.0,4,1
66,10.328263336019186,8.81364213205347,0.0,4,2
67,10.316981800874732,8.785175768700782,0.0,4,3
68,10.236841120278717,8.751832727880789,0.0,4,4
69,10.226104182218792,8.73026065404441,0.0,4,5
70,10.222364148886063,8.703555108878387,0.0,4,6
71,10.097586454962672,8.680964455777515,0.0,4,7
72,10.096656216810883,8.656842340624749,0.0,4,8
73,10.085411697512628,8.642953322519888,0.0,4,9
74,9.87079638599777,8.62346591393811,0.0,4,10
75,9.864209668365564,8.60362359749443,0.0,4,11
76,9.848593746084957,8.585780271433363,0.0,4,12
77,9.416687329892302,8.569055981454712,0.0,4,13
78,9.400380511577303,8.545260858876604,0.0,4,14
79,9.384876803413457,8.524777632837655,0.0,4,15
80,10.970045320903184,8.880800264604586,0.0,5,0
81,10.334439793521184,8.840223799124164,0.0,5,1
82,10.331773257499712,8.820489932663778,0.0,5,2
83,10.320607665882592,8.789051129033146,0.0,5,3
84,10.237085445534692,8.761241022435454,0.0,5,4
85,10.222133582492694,8.743578429858063,0.0,5,5
86,10.217905627959825,8.713527911741465,0.0,5,6
87,10.098831809848164,8.6904380136017,0.0,5,7
88,10.091351071973405,8.661507422909485,0.0,5,8
89,10.08205578507871,8.639785682667458,0.0,5,9
90,9.862442632815844,8.620490110784756,0.0,5,10
91,9.853749301237974,8.599588261739603,0.0,5,11
92,9.837284987806123,8.583935422800822,0.0,5,12
93,9.406389190574656,8.572737652536018,0.0,5,13
94,9.393249522844744,8.555098245065597,0.0,5,14
95,9.380105980079891,8.544262886718437,0.0,5,15
96,10.970045320903184,8.88281791828662,0.0,6,0
97,10.334446065838728,8.845061935000063,0.0,6,1
98,10.322262806814477,8.807371217985922,0.0,6,2
99,10.323994112041618,8.785672956256084,0.0,6,3
100,10.23525367751298,8.75639624526719,0.0,6,4
101,10.229433255997757,8.725928910996997,0.0,6,5
102,10.224272030591813,8.705386826977389,0.0,6,6
103,10.09561623810814,8.676891767189174,0.0,6,7
104,10.087398478626609,8.654648015839802,0.0,6,8
105,10.084108979451225,8.63487760322463,0.0,6,9
106,9.866940662468258,8.621473246517805,0.0,6,10
107,9.8548532341487,8.593885720200097,0.0,6,11
108,9.838526123289244,8.56647822037868,0.0,6,12
109,9.390578013237882,8.55163162237566,0.0,6,13
110,9.379582949074408,8.537731132987043,0.0,6,14
111,9.368429357406606,8.512843949618716,0.0,6,15
112,10.970045320903184,8.878212848454456,0.0,7,0
113,10.333296573873492,8.845618952626454,0.0,7,1
114,10.326848578615596,8.812237693136217,0.0,7,2
115,10.315096834185294,8.785417998183817,0.0,7,3
116,10.236302504658884,8.757321950899385,0.0,7,4
117,10.227736506680332,8.727754638539523,0.0,7,5
118,10.219685856617955,8.70562906040966,0.0,7,6
119,10.102624683090704,8.683308638960304,0.0,7,7
120,10.090561740828749,8.660595811677409,0.0,7,8
121,10.08349743915444,8.63944059676527,0.0,7,9
122,9.86854113510655,8.627242772836992,0.0,7,10
123,9.852751546408994,8.608079714943571,0.0,7,11
124,9.835038936609962,8.589501739529652,0.0,7,12
125,9.397983317356804,8.565426426607733,0.0,7,13
126,9.392308251273125,8.548332662285382,0.0,7,14
127,9.36647507259774,8.526316553060301,0.0,7,15
128,10.970045320903184,8.877771447604433,0.0,8,0
129,10.338921133818705,8.846864516216502,0.0,8,1
130,10.320889987484303,8.819948566087769,0.0,8,2
131,10.319870956754928,8.7842094290086,0.0,8,3
132,10.237578624424312,8.758053446285022,0.0,8,4
133,10.225464657482808,8.730824497132737,0.0,8,5
134,10.221288695075572,8.713246820769001,0.0,8,6
135,10.093932136579529,8.686284948631775,0.0,8,7
136,10.089586845751262,8.670930038507636,0.0,8,8
137,10.082779793244102,8.645751876389202,0.0,8,9
138,9.862466342137656,8.62739918276247,0.0,8,10
139,9.855852492728914,8.60244148884536,0.0,8,11
140,9.839782310180686,8.584057321715331,0.0,8,12
141,9.403758985903224,8.561062971176277,0.0,8,13
142,9.385407698167958,8.5461587300059,0.0,8,14
143,9.37891765567397,8.523597715500145,0.0,8,15
144,10.970045320903184,8.880914163677806,0.0,9,0
145,10.330133258248717,8.845418381691125,0.0,9,1
146,10.320972493480436,8.818411240386126,0.0,9,2
147,10.32158343094766,8.785943638145982,0.0,9,3
148,10.239087884313024,8.76598186836243,0.0,9,4
149,10.234322556728966,8.724939257382236,0.0,9,5
150,10.218845222778045,8.698655380847624,0.0,9,6
151,10.095717285972489,8.674406951650303,0.0,9,7
152,10.085650560895754,8.646195172460313,0.0,9,8
153,10.077372079863034,8.622440266802933,0.0,9,9
154,9.855961384950476,8.603718380497234,0.0,9,10
155,9.849007695401236,8.588973727103772,0.0,9,11
156,9.838524588665036,8.570456879452145,0.0,9,12
157,9.406410602276036,8.549093096304457,0.0,9,13
158,9.38803809402032,8.533974303652652,0.0,9,14
159,9.37384145905732,8.517494945745721,0.0,9,15
160,10.970045320903184,8.87983355047541,1e-09,0,0
161,10.33409991822815,8.84710526767538,1e-09,0,1
162,10.325388135605596,8.813426918436639,1e-09,0,2
163,10.325066477529187,8.7883781060408,1e-09,0,3
164,10.238982044714868,8.758337710577381,1e-09,0,4
165,10.227895470158632,8.730515797219297,1e-09,0,5
166,10.218517830023549,8.706171920940024,1e-09,0,6
167,10.09498608894994,8.683424732579521,1e-09,0,7
168,10.091412581638297,8.658622998166143,1e-09,0,8
169,10.07637123334896,8.637985837185369,1e-09,0,9
170,9.867427269443652,8.613523717305458,1e-09,0,10
171,9.858222220366724,8.596269734565126,1e-09,0,11
172,9.844528930984287,8.572621873287481,1e-09,0,12
173,9.399796886432837,8.552015722672634,1e-09,0,13
174,9.391554035838697,8.535470624098346,1e-09,0,14
175,9.37985714072726,8.51620190395818,1e-09,0,15
176,10.970045320903184,8.881453543034729,1e-09,1,0
177,10.337671002426564,8.847527198289468,1e-09,1,1
178,10.324971691198556,8.817329546836733,1e-09,1,2
179,10.325496860451477,8.78856637467981,1e-09,1,3
180,10.235616998166243,8.761454173696112,1e-09,1,4
181,10.232900002112588,8.73744194320377,1e-09,1,5
182,10.223975742051678,8.715715593052506,1e-09,1,6
183,10.104524144988346,8.686015229205696,1e-09,1,7
184,10.090658693191882,8.668465839516244,1e-09,1,8
185,10.085041501122896,8.649527539915683,1e-09,1,9
186,9.86389608346643,8.626838524804086,1e-09,1,10
187,9.856553342147476,8.604978360985623,1e-09,1,11
188,9.851731338173195,8.583845071673757,1e-09,1,12
189,9.409546148935652,8.568285112069267,1e-09,1,13
190,9.400667416815956,8.544075991024,1e-09,1,14
191,9.384662020337872,8.523715855885744,1e-09,1,15
192,10.970045320903184,8.876341243436983,1e-09,2,0
193,10.329631277593649,8.840596280210205,1e-09,2,1
194,10.324423488515524,8.813319909856263,1e-09,2,2
195,10.32588628943352,8.781780732559499,1e-09,2,3
196,10.238418335211431,8.75322671594031,1e-09,2,4
197,10.225401762092508,8.729794532839396,1e-09,2,5
198,10.225265818542752,8.698280000399539,1e-09,2,6
199,10.097386279169626,8.682364276403678,1e-09,2,7
200,10.090852824545282,8.654917185581006,1e-09,2,8
201,10.079146957851677,8.640221480810064,1e-09,2,9
202,9.868665607190168,8.618225394221678,1e-09,2,10
203,9.855587361716733,8.59856718387335,1e-09,2,11
204,9.843630921076349,8.57651484781591,1e-09,2,12
205,9.40001070923797,8.558824176206084,1e-09,2,13
206,9.389018245269613,8.535258585354118,1e-09,2,14
207,9.377416885243152,8.52414125496685,1e-09,2,15
208,10.970045320903184,8.883228912975685,1e-09,3,0
209,10.333717601994111,8.852249387945626,1e-09,3,1
210,10.319457418399807,8.817354258612811,1e-09,3,2
211,10.321816035595992,8.78988605305252,1e-09,3,3
212,10.236114099533465,8.761192118283237,1e-09,3,4
213,10.230005337942972,8.729726765837679,1e-09,3,5
214,10.219893481503515,8.711196123284754,1e-09,3,6
215,10.102554769849254,8.68610627994359,1e-09,3,7
216,10.095210655150073,8.663664713009073,1e-09,3,8
217,10.082229091017108,8.646248316052091,1e-09,3,9
218,9.869145795420325,8.624976543813444,1e-09,3,10
219,9.853646533349645,8.598707874657931,1e-09,3,11
220,9.84715025983809,8.579273242655853,1e-09,3,12
221,9.408324785928093,8.562723206523655,1e-09,3,13
222,9.396821871229726,8.534351392468146,1e-09,3,14
223,9.375902414532575,8.524395217775565,1e-09,3,15
224,10.970045320903184,8.884717862911296,1e-09,4,0
225,10.33153094098636,8.838024637376352,1e-09,4,1
226,10.3242501884152,8.8158517685585,1e-09,4,2
227,10.312281284053068,8.789809619238367,1e-09,4,3
228,10.231583011635754,8.763583170740594,1e-09,4,4
229,10.228944351499903,8.730649117211803,1e-09,4,5
230,10.221772151971054,8.704920821190141,1e-09,4,6
231,10.09240130071056,8.681895365861399,1e-09,4,7
232,10.08444250288728,8.666790627439887,1e-09,4,8
233,10.081097880156271,8.638979456043835,1e-09,4,9
234,9.86743029212078,8.621406546912256,1e-09,4,10
235,9.84991452632032,8.603347427791597,1e-09,4,11
236,9.841110006201736,8.579629667040972,1e-09,4,12
237,9.404954029531904,8.567322256346433,1e-09,4,13
238,9.387700139365458,8.543697882372864,1e-09,4,14
239,9.37757656750159,8.531405654228303,1e-09,4,15
240,10.970045320903184,8.88129145120762,1e-09,5,0
241,10.328614056416027,8.850565582674543,1e-09,5,1
242,10.328647220504177,8.822849198443215,1e-09,5,2
243,10.314822806861972,8.78626660126821,1e-09,5,3
244,10.24171286128737,8.760255765052941,1e-09,5,4
245,10.227903844891024,8.744241847432441,1e-09,5,5
246,10.22828237995823,8.705818109333856,1e-09,5,6
247,10.103805904052836,8.672236105477968,1e-09,5,7
248,10.08543162134876,8.6546769819024,1e-09,5,8
249,10.075921090748158,8.63444293989928,1e-09,5,9
250,9.86788578285088,8.619996635313857,1e-09,5,10
251,9.85186624864673,8.591878850503981,1e-09,5,11
252,9.843217718930346,8.5729177285375,1e-09,5,12
253,9.410822808865134,8.552643111239345,1e-09,5,13
254,9.393130003791349,8.537406412239669,1e-09,5,14
255,9.372052974220678,8.51514859847377,1e-09,5,15
256,10.970045320903184,8.880932909085951,1e-09,6,0
257,10.330893522147992,8.839010546792284,1e-09,6,1
258,10.326740554957189,8.808032798730725,1e-09,6,2
259,10.311726957810311,8.786224548930498,1e-09,6,3
260,10.24375509848027,8.75192527571832,1e-09,6,4
261,10.232112344468318,8.726274287756077,1e-09,6,5
262,10.2204259390194,8.709731668365942,1e-09,6,6
263,10.097592707997531,8.681797349211989,1e-09,6,7
264,10.083264269589897,8.665072539641702,1e-09,6,8
265,10.07432928663044,8.63641043912406,1e-09,6,9
266,9.867302735767812,8.609329411138388,1e-09,6,10
267,9.850169976914213,8.591262831687676,1e-09,6,11
268,9.839787725132348,8.569695396320983,1e-09,6,12
269,9.413862594883495,8.547972749680321,1e-09,6,13
270,9.399464971030936,8.535619151980002,1e-09,6,14
271,9.382526835230449,8.517475871251564,1e-09,6,15
272,10.970045320903184,8.882433327339017,1e-09,7,0
273,10.334885363061831,8.84631199420651,1e-09,7,1
274,10.32278843304526,8.817122842298664,1e-09,7,2
275,10.315788312452405,8.79104713985139,1e-09,7,3
276,10.239072990292472,8.762773721644923,1e-09,7,4
277,10.228456246766031,8.729431046174637,1e-09,7,5
278,10.226908465805302,8.705821561316025,1e-09,7,6
279,10.098680248968355,8.681861225909548,1e-09,7,7
280,10.092710791312392,8.663215972213589,1e-09,7,8
281,10.076088070164104,8.636922517140407,1e-09,7,9
282,9.872834042840797,8.616479030970426,1e-09,7,10
283,9.856716332306831,8.590943146547986,1e-09,7,11
284,9.845289125659214,8.570220043571108,1e-09,7,12
285,9.415040171869908,8.556366870217333,1e-09,7,13
286,9.39145287767322,8.537080395498899,1e-09,7,14
287,9.377131772889804,8.514356633098036,1e-09,7,15
288,10.970045320903184,8.879877714079207,1e-09,8,0
289,10.325770784460383,8.848089092918247,1e-09,8,1
290,10.327387814806745,8.818816211197944,1e-09,8,2
291,10.321098813224022,8.791856979998824,1e-09,8,3
292,10.241130339960009,8.767958327356606,1e-09,8,4
293,10.237433546642198,8.73823090807676,1e-09,8,5
294,10.229390026700548,8.716137199417743,1e-09,8,6
295,10.101220186712656,8.697244615482347,1e-09,8,7
296,10.099856649525892,8.66655789108732,1e-09,8,8
297,10.086973431576268,8.640971156126087,1e-09,8,9
298,9.874365927751386,8.622250227844814,1e-09,8,10
299,9.866079438017051,8.603643236498575,1e-09,8,11
300,9.853949453539585,8.58298398663287,1e-09,8,12
301,9.411431047110524,8.559767102653504,1e-09,8,13
302,9.388711625891466,8.54498795864529,1e-09,8,14
303,9.38325461493482,8.51998723892683,1e-09,8,15
304,10.970045320903184,8.881174035259486,1e-09,9,0
305,10.330445561725613,8.83861737217119,1e-09,9,1
306,10.3268462275567,8.811818472152098,1e-09,9,2
307,10.317738382754904,8.778944716790624,1e-09,9,3
308,10.23848159585982,8.75171788523985,1e-09,9,4
309,10.22489742294861,8.72666048583933,1e-09,9,5
310,10.220818984320593,8.704261565018141,1e-09,9,6
311,10.094182733685304,8.687185207320445,1e-09,9,7
312,10.088627617020892,8.65899715088075,1e-09,9,8
313,10.074495243180024,8.635675346471107,1e-09,9,9
314,9.865579122360336,8.610116395156995,1e-09,9,10
315,9.847612723840989,8.596409535883348,1e-09,9,11
316,9.834864683472873,8.57308897839323,1e-09,9,12
317,9.411606856867014,8.559813892088656,1e-09,9,13
318,9.391283158314844,8.540100047693043,1e-09,9,14
319,9.378145077692974,8.515496649889272,1e-09,9,15
320,10.970045320903184,8.880835730832572,3.162277660168379e-09,0,0
321,10.331737383035543,8.842495300425034,3.162277660168379e-09,0,1
322,10.32940436095616,8.80605657609027,3.162277660168379e-09,0,2
323,10.318565912539594,8.780880621972138,3.162277660168379e-09,0,3
324,10.23708348730664,8.747538669389602,3.162277660168379e-09,0,4
325,10.22773106619028,8.728206296448251,3.162277660168379e-09,0,5
326,10.217248056796596,8.705321393872385,3.162277660168379e-09,0,6
327,10.096918133972178,8.678797967651942,3.162277660168379e-09,0,7
328,10.086780863655727,8.662400282982869,3.162277660168379e-09,0,8
329,10.08087923773567,8.635446633934542,3.162277660168379e-09,0,9
330,9.874277739934964,8.611196672098709,3.162277660168379e-09,0,10
331,9.85557724696954,8.596816018257698,3.162277660168379e-09,0,11
332,9.843613498486803,8.580016983503903,3.162277660168379e-09,0,12
333,9.414841598519107,8.561183404760799,3.162277660168379e-09,0,13
334,9.400150422972446,8.537699083833356,3.162277660168379e-09,0,14
335,9.377817932520204,8.52274691342252,3.162277660168379e-09,0,15
336,10.970045320903184,8.881790003274327,3.162277660168379e-09,1,0
337,10.336122194258618,8.847260820919056,3.162277660168379e-09,1,1
338,10.328975204763676,8.816321503758747,3.162277660168379e-09,1,2
339,10.322589736268537,8.789723536717698,3.162277660168379e-09,1,3
340,10.236642253871892,8.762521906171543,3.162277660168379e-09,1,4
341,10.228460997834206,8.736004687933855,3.162277660168379e-09,1,5
342,10.224668684644705,8.703575434219019,3.162277660168379e-09,1,6
343,10.101999540082176,8.683703646999248,3.162277660168379e-09,1,7
344,10.09233957370392,8.659306493899805,3.162277660168379e-09,1,8
345,10.07504842677098,8.631774574567197,3.162277660168379e-09,1,9
346,9.862342730694628,8.61753096623279,3.162277660168379e-09,1,10
347,9.859851699318146,8.59818598560004,3.162277660168379e-09,1,11
348,9.844306712418051,8.579745427368668,3.162277660168379e-09,1,12
349,9.398235043490883,8.562360037540339,3.162277660168379e-09,1,13
350,9.39121300673565,8.538383502254149,3.162277660168379e-09,1,14
351,9.373742030639344,8.525501609723346,3.162277660168379e-09,1,15
352,10.970045320903184,8.873416134448677,3.162277660168379e-09,2,0
353,10.330333974909143,8.842838351683879,3.162277660168379e-09,2,1
354,10.32301292760562,8.818953548380353,3.162277660168379e-09,2,2
355,10.31759187571045,8.777895939721658,3.162277660168379e-09,2,3
356,10.243464648542764,8.753583637604617,3.162277660168379e-09,2,4
357,10.231498157155592,8.726817446130399,3.162277660168379e-09,2,5
358,10.221684800179125,8.699786276567494,3.162277660168379e-09,2,6
359,10.098047542235118,8.679228900305683,3.162277660168379e-09,2,7
360,10.092317353843224,8.657809875115923,3.162277660168379e-09,2,8
361,10.08186421799412,8.633127187684515,3.162277660168379e-09,2,9
362,9.8664183036288,8.608994167748419,3.162277660168379e-09,2,10
363,9.8545291422458,8.592362002036985,3.162277660168379e-09,2,11
364,9.842217026935495,8.57395116797488,3.162277660168379e-09,2,12
365,9.401167371842758,8.556402339809123,3.162277660168379e-09,2,13
366,9.384855206636,8.544700084107353,3.162277660168379e-09,2,14
367,9.376480874264963,8.529983091107264,3.162277660168379e-09,2,15
368,10.970045320903184,8.87756947135206,3.162277660168379e-09,3,0
369,10.335019830953549,8.842397471179458,3.162277660168379e-09,3,1
370,10.32927572992696,8.81636933489869,3.162277660168379e-09,3,2
371,10.317492007612612,8.787695778848084,3.162277660168379e-09,3,3
372,10.2408632038611,8.754395239671927,3.162277660168379e-09,3,4
373,10.22688661142549,8.734791903300252,3.162277660168379e-09,3,5
374,10.22120474635268,8.706177631605117,3.162277660168379e-09,3,6
375,10.101312509458808,8.679375134587785,3.162277660168379e-09,3,7
376,10.091902637427618,8.661643056654068,3.162277660168379e-09,3,8
377,10.077640062306015,8.640530069133312,3.162277660168379e-09,3,9
378,9.866919098723962,8.611321726544432,3.162277660168379e-09,3,10
379,9.852075117654993,8.589500071781488,3.162277660168379e-09,3,11
380,9.8444333640119,8.571778604609149,3.162277660168379e-09,3,12
381,9.405589236865271,8.554212659906417,3.162277660168379e-09,3,13
382,9.383844738637396,8.538110545430513,3.162277660168379e-09,3,14
383,9.372095131751529,8.522272695262073,3.162277660168379e-09,3,15
384,10.970045320903184,8.879104681192233,3.162277660168379e-09,4,0
385,10.330903877375864,8.847218425278072,3.162277660168379e-09,4,1
386,10.326934464584966,8.818759991838236,3.162277660168379e-09,4,2
387,10.315301190078294,8.791892457958461,3.162277660168379e-09,4,3
388,10.240200226392052,8.758603243928434,3.162277660168379e-09,4,4
389,10.22479680580606,8.738716532902805,3.162277660168379e-09,4,5
390,10.219249748984163,8.715898730994889,3.162277660168379e-09,4,6
391,10.103356908008006,8.68826646019304,3.162277660168379e-09,4,7
392,10.08965195160856,8.660784907584956,3.162277660168379e-09,4,8
393,10.08042090459355,8.642586014208678,3.162277660168379e-09,4,9
394,9.8715785677316,8.620301706012347,3.162277660168379e-09,4,10
395,9.858615768623986,8.601167121836944,3.162277660168379e-09,4,11
396,9.84155815556686,8.576893266038491,3.162277660168379e-09,4,12
397,9.401915406177366,8.552309965939765,3.162277660168379e-09,4,13
398,9.378667940645744,8.541702334796017,3.162277660168379e-09,4,14
399,9.372832131749275,8.517258681637264,3.162277660168379e-09,4,15
400,10.970045320903184,8.878964901033056,3.162277660168379e-09,5,0
401,10.330397929585226,8.84317379156036,3.162277660168379e-09,5,1
402,10.32632974567044,8.815279648529794,3.162277660168379e-09,5,2
403,10.321244463398369,8.77950384515704,3.162277660168379e-09,5,3
404,10.2386333084599,8.762248068986496,3.162277660168379e-09,5,4
405,10.231708301788892,8.73971627091451,3.162277660168379e-09,5,5
406,10.220533775527535,8.710136258984422,3.162277660168379e-09,5,6
407,10.10102476889024,8.68346281283511,3.162277660168379e-09,5,7
408,10.092979925033353,8.669393171542447,3.162277660168379e-09,5,8
409,10.085797234462802,8.648943318349605,3.162277660168379e-09,5,9
410,9.874388248978242,8.628964115948728,3.162277660168379e-09,5,10
411,9.860597030003898,8.602401875945695,3.162277660168379e-09,5,11
412,9.848691302478022,8.588569099752211,3.162277660168379e-09,5,12
413,9.40007220994132,8.570606146891437,3.162277660168379e-09,5,13
414,9.390459066108551,8.551128917611559,3.162277660168379e-09,5,14
415,9.37653921276872,8.536985168457864,3.162277660168379e-09,5,15
416,10.970045320903184,8.882066532532532,3.162277660168379e-09,6,0
417,10.33120346753274,8.848312876345679,3.162277660168379e-09,6,1
418,10.3228528450015,8.822447372590709,3.162277660168379e-09,6,2
419,10.31971411392755,8.784183509160249,3.162277660168379e-09,6,3
420,10.233135849295389,8.754231427931956,3.162277660168379e-09,6,4
421,10.227091028460356,8.736495916417091,3.162277660168379e-09,6,5
422,10.21509392958774,8.712678137632421,3.162277660168379e-09,6,6
423,10.095438600958309,8.688983580512128,3.162277660168379e-09,6,7
424,10.085393326716416,8.672449734835178,3.162277660168379e-09,6,8
425,10.082455262932283,8.654842522346543,3.162277660168379e-09,6,9
426,9.86290366821367,8.624283087012397,3.162277660168379e-09,6,10
427,9.857280423633764,8.60205371307236,3.162277660168379e-09,6,11
428,9.843554323492617,8.58025930403376,3.162277660168379e-09,6,12
429,9.408430926931349,8.565881226615575,3.162277660168379e-09,6,13
430,9.391865673047102,8.541306442924068,3.162277660168379e-09,6,14
431,9.379725238067753,8.520733407774344,3.162277660168379e-09,6,15
432,10.970045320903184,8.880550092178302,3.162277660168379e-09,7,0
433,10.334363850441704,8.847002530927266,3.162277660168379e-09,7,1
434,10.328476707265132,8.818318361090363,3.162277660168379e-09,7,2
435,10.318812500963643,8.789963532693102,3.162277660168379e-09,7,3
436,10.235693333807497,8.76130345682457,3.162277660168379e-09,7,4
437,10.226677065743557,8.73381030225793,3.162277660168379e-09,7,5
438,10.220064749910764,8.712968313485137,3.162277660168379e-09,7,6
439,10.097651518855203,8.685592120696029,3.162277660168379e-09,7,7
440,10.08782340313177,8.664100233811759,3.162277660168379e-09,7,8
441,10.079696821793569,8.636735083130091,3.162277660168379e-09,7,9
442,9.8710205450958,8.618758782453748,3.162277660168379e-09,7,10
443,9.849624767366484,8.600182965217794,3.162277660168379e-09,7,11
444,9.83791987950248,8.575875270285037,3.162277660168379e-09,7,12
445,9.393540906175962,8.549673438462705,3.162277660168379e-09,7,13
446,9.38399690148285,8.532916992331828,3.162277660168379e-09,7,14
447,9.3631262183737,8.516949912413736,3.162277660168379e-09,7,15
448,10.970045320903184,8.881087461796916,3.162277660168379e-09,8,0
449,10.335251622384195,8.853292488799214,3.162277660168379e-09,8,1
450,10.325191913340651,8.819662531675606,3.162277660168379e-09,8,2
451,10.320346028788048,8.786394081390407,3.162277660168379e-09,8,3
452,10.23318626528928,8.754476782565439,3.162277660168379e-09,8,4
453,10.22765830673149,8.73466844574017,3.162277660168379e-09,8,5
454,10.223142698248,8.69939895850648,3.162277660168379e-09,8,6
455,10.100955928674644,8.680778123580293,3.162277660168379e-09,8,7
456,10.08794152294155,8.659559568135593,3.162277660168379e-09,8,8
457,10.07906822584864,8.633081604043475,3.162277660168379e-09,8,9
458,9.866804480387222,8.618504172815443,3.162277660168379e-09,8,10
459,9.86054348410061,8.59253788955144,3.162277660168379e-09,8,11
460,9.836573334638423,8.571317527688686,3.162277660168379e-09,8,12
461,9.405447120375133,8.547039099695327,3.162277660168379e-09,8,13
462,9.389171743481752,8.533238085208794,3.162277660168379e-09,8,14
463,9.378418806456876,8.515177333368984,3.162277660168379e-09,8,15
464,10.970045320903184,8.877785374617591,3.162277660168379e-09,9,0
465,10.32795394044468,8.848773160137931,3.162277660168379e-09,9,1
466,10.33146993003629,8.813132277611096,3.162277660168379e-09,9,2
467,10.322476502710144,8.791332972942143,3.162277660168379e-09,9,3
468,10.241820548678504,8.7568225963172,3.162277660168379e-09,9,4
469,10.2303557564395,8.73015608520471,3.162277660168379e-09,9,5
470,10.217237706406568,8.70466993950105,3.162277660168379e-09,9,6
471,10.098791740709412,8.685042052409798,3.162277660168379e-09,9,7
472,10.086747001429224,8.663806702311906,3.162277660168379e-09,9,8
473,10.07928687304061,8.643931094294466,3.162277660168379e-09,9,9
474,9.860765834570536,8.619847628067916,3.162277660168379e-09,9,10
475,9.857178071271807,8.60237487980092,3.162277660168379e-09,9,11
476,9.84489034029042,8.58159713276521,3.162277660168379e-09,9,12
477,9.408452510672772,8.566349668535153,3.162277660168379e-09,9,13
478,9.393344582395656,8.53947861593267,3.162277660168379e-09,9,14
479,9.385860185060931,8.526115354171893,3.162277660168379e-09,9,15
480,10.970045320903184,8.875717949358833,1e-08,0,0
481,10.330995780210024,8.847558804627134,1e-08,0,1
482,10.32884459468334,8.814648554630237,1e-08,0,2
483,10.31816134736512,8.786702928271913,1e-08,0,3
484,10.238113687078586,8.75836238862376,1e-08,0,4
485,10.226524288386434,8.740712854398717,1e-08,0,5
486,10.22321996841659,8.715985117059434,1e-08,0,6
487,10.09836175723576,8.691854837655656,1e-08,0,7
488,10.07726208147297,8.670432369822032,1e-08,0,8
489,10.078853977406473,8.653875683449993,1e-08,0,9
490,9.864912965463796,8.6264438814739,1e-08,0,10
491,9.85569495591556,8.606984879562306,1e-08,0,11
492,9.842504409557662,8.578996164445746,1e-08,0,12
493,9.402401059212284,8.564147599951534,1e-08,0,13
494,9.398777512988849,8.545149320492783,1e-08,0,14
495,9.377652725907978,8.526820623186351,1e-08,0,15
496,10.970045320903184,8.87877471300313,1e-08,1,0
497,10.329962105952442,8.842801945812653,1e-08,1,1
498,10.32674738179139,8.8247012602135,1e-08,1,2
499,10.32209814239502,8.797077011870961,1e-08,1,3
500,10.238024090935353,8.768057540189677,1e-08,1,4
501,10.231125196977398,8.734999012381028,1e-08,1,5
502,10.217873146407436,8.711008857370887,1e-08,1,6
503,10.100742864606971,8.700050478214749,1e-08,1,7
504,10.087070445403231,8.679503294041657,1e-08,1,8
505,10.081201414249906,8.656266324264486,1e-08,1,9
506,9.87207564719898,8.63541417933553,1e-08,1,10
507,9.855609012007148,8.619041210578144,1e-08,1,11
508,9.8492117687598,8.606044595447056,1e-08,1,12
509,9.413188668123745,8.584536132059156,1e-08,1,13
510,9.40007541753844,8.557845229982693,1e-08,1,14
511,9.380822907373656,8.546358322952688,1e-08,1,15
512,10.970045320903184,8.878762242107886,1e-08,2,0
513,10.331819448326849,8.855439611568672,1e-08,2,1
514,10.324340296402989,8.820769098253116,1e-08,2,2
515,10.319712486338648,8.787071093083526,1e-08,2,3
516,10.24009204885384,8.758152147577997,1e-08,2,4
517,10.233139992660112,8.739311905292311,1e-08,2,5
518,10.224177611756796,8.714595663370044,1e-08,2,6
519,10.09683501719734,8.693947574719477,1e-08,2,7
520,10.09248569782751,8.672075714804974,1e-08,2,8
521,10.07449948158761,8.651354306613099,1e-08,2,9
522,9.86518518591524,8.62902806582014,1e-08,2,10
523,9.853803098850886,8.604947670238795,1e-08,2,11
524,9.84308074925943,8.589866829543837,1e-08,2,12
525,9.406658274141463,8.573832491435255,1e-08,2,13
526,9.391302731348928,8.545803649799131,1e-08,2,14
527,9.378642964559887,8.524807568517073,1e-08,2,15
528,10.970045320903184,8.87916886902875,1e-08,3,0
529,10.332428415747168,8.844997845834005,1e-08,3,1
530,10.32126606599224,8.812581281960378,1e-08,3,2
531,10.316222869733512,8.79144912512008,1e-08,3,3
532,10.240719537722308,8.759081100089375,1e-08,3,4
533,10.233395929745113,8.73561081422364,1e-08,3,5
534,10.224737995821627,8.710161803773138,1e-08,3,6
535,10.09990372302735,8.689698422918047,1e-08,3,7
536,10.091242999469406,8.667471504208782,1e-08,3,8
537,10.08347082256863,8.647502742730122,1e-08,3,9
538,9.86380104093592,8.625962459940233,1e-08,3,10
539,9.85380498676299,8.612445199089155,1e-08,3,11
540,9.850878914333842,8.589762193545571,1e-08,3,12
541,9.418432551072163,8.571685010626066,1e-08,3,13
542,9.406166997119207,8.556344192627915,1e-08,3,14
543,9.389623847599726,8.539441878518339,1e-08,3,15
544,10.970045320903184,8.872511339359656,1e-08,4,0
545,10.334806538922708,8.845561159046369,1e-08,4,1
546,10.32600417303771,8.813444578128344,1e-08,4,2
547,10.321524859929475,8.78430660837318,1e-08,4,3
548,10.237233265343066,8.756935082381313,1e-08,4,4
549,10.233043886535038,8.731443873974513,1e-08,4,5
550,10.222199119139525,8.714487125115156,1e-08,4,6
551,10.101639485105908,8.683393762951283,1e-08,4,7
552,10.09436211268538,8.661581796800505,1e-08,4,8
553,10.076704202749806,8.635559657092497,1e-08,4,9
554,9.86635978204256,8.612572033296157,1e-08,4,10
555,9.853154259509434,8.601009198971907,1e-08,4,11
556,9.84295927213985,8.573937287085432,1e-08,4,12
557,9.40697276459736,8.554039016947932,1e-08,4,13
558,9.393509527683626,8.533685490572307,1e-08,4,14
559,9.381631769148232,8.517130732286551,1e-08,4,15
560,10.970045320903184,8.880695157299582,1e-08,5,0
561,10.336393915070838,8.850625861295653,1e-08,5,1
562,10.326741291653494,8.814576501298465,1e-08,5,2
563,10.314369955252385,8.781286058335285,1e-08,5,3
564,10.229845282251176,8.756838728168882,1e-08,5,4
565,10.228641546858652,8.73562736672947,1e-08,5,5
566,10.221354120130709,8.711388787123443,1e-08,5,6
567,10.099947001464257,8.694129391599779,1e-08,5,7
568,10.08491680852949,8.669773851145884,1e-08,5,8
569,10.080861088804138,8.643762387093343,1e-08,5,9
570,9.859417429146609,8.634523104139125,1e-08,5,10
571,9.852300830698498,8.615456206295173,1e-08,5,11
572,9.838478950321395,8.59513585706789,1e-08,5,12
573,9.404447924125098,8.564850969540366,1e-08,5,13
574,9.39596023951071,8.556527051366317,1e-08,5,14
575,9.370974913130244,8.53475291671174,1e-08,5,15
576,10.970045320903184,8.881174111424544,1e-08,6,0
577,10.329495741761924,8.845547483997168,1e-08,6,1
578,10.324364978673994,8.814327832896582,1e-08,6,2
579,10.32207302130822,8.78543764376667,1e-08,6,3
580,10.23698922159608,8.753707380792905,1e-08,6,4
581,10.225352880536349,8.733345518786138,1e-08,6,5
582,10.21711002900422,8.709975680366478,1e-08,6,6
583,10.09950332953002,8.681640401715422,1e-08,6,7
584,10.090628912197165,8.66360401850601,1e-08,6,8
585,10.083711044711006,8.64067637950379,1e-08,6,9
586,9.868096642379273,8.613246028912284,1e-08,6,10
587,9.85424036357507,8.589935389698642,1e-08,6,11
588,9.844596066878164,8.577017933527504,1e-08,6,12
589,9.410246493214435,8.560801703187842,1e-08,6,13
590,9.393476826428042,8.547437845978935,1e-08,6,14
591,9.3822432755333,8.526427887924507,1e-08,6,15
592,10.970045320903184,8.878006955870115,1e-08,7,0
593,10.334451572551629,8.851089586884882,1e-08,7,1
594,10.325567314779438,8.817899983236497,1e-08,7,2
595,10.318414268265787,8.785873350506055,1e-08,7,3
596,10.240310650445084,8.759320303435091,1e-08,7,4
597,10.224208567802458,8.74542428626036,1e-08,7,5
598,10.221494505982037,8.72355863548016,1e-08,7,6
599,10.097007720751495,8.697106730733598,1e-08,7,7
600,10.092617500367565,8.678668251354372,1e-08,7,8
601,10.080757655724913,8.663652902034471,1e-08,7,9
602,9.87095553348077,8.64101842127386,1e-08,7,10
603,9.851140953777657,8.620302034255678,1e-08,7,11
604,9.844267535575,8.59891301080571,1e-08,7,12
605,9.408809963941913,8.582342784675337,1e-08,7,13
606,9.393235372492516,8.56416111649619,1e-08,7,14
607,9.381773641428875,8.54333818627634,1e-08,7,15
608,10.970045320903184,8.887483286504013,1e-08,8,0
609,10.341135927993143,8.838488991434911,1e-08,8,1
610,10.326170701941477,8.818821685759637,1e-08,8,2
611,10.312889504815672,8.78981071364563,1e-08,8,3
612,10.234100051444145,8.76913810030689,1e-08,8,4
613,10.22852564693152,8.738051803018852,1e-08,8,5
614,10.220254574204974,8.722579236991482,1e-08,8,6
615,10.10078030406926,8.69339198203284,1e-08,8,7
616,10.095980726919803,8.66701607991657,1e-08,8,8
617,10.086253578388412,8.651897490404222,1e-08,8,9
618,9.865625483291712,8.634425612913503,1e-08,8,10
619,9.85910467240579,8.612903110264774,1e-08,8,11
620,9.84638545590689,8.597131517252887,1e-08,8,12
621,9.413287655480731,8.564902144953031,1e-08,8,13
622,9.391775786270582,8.552208486715053,1e-08,8,14
623,9.37751520615039,8.535862471991376,1e-08,8,15
624,10.970045320903184,8.87222080817098,1e-08,9,0
625,10.32911377143526,8.846297543856389,1e-08,9,1
626,10.322105043347443,8.8212848528493,1e-08,9,2
627,10.31666486279638,8.786014191612253,1e-08,9,3
628,10.231716313554864,8.76587119725784,1e-08,9,4
629,10.233172248371677,8.740507657006114,1e-08,9,5
630,10.219282464953691,8.713686897964577,1e-08,9,6
631,10.101860334025606,8.692402880263604,1e-08,9,7
632,10.092735609497756,8.666562946945026,1e-08,9,8
633,10.082624569060515,8.643018193314791,1e-08,9,9
634,9.87019066875268,8.630226670390325,1e-08,9,10
635,9.860572585016806,8.613531151809552,1e-08,9,11
636,9.845413732581717,8.59617527082886,1e-08,9,12
637,9.413477390298231,8.57318973476266,1e-08,9,13
638,9.397308040503075,8.555540087817404,1e-08,9,14
639,9.383635215399996,8.536794677310073,1e-08,9,15
640,10.970045320903184,8.879483599492481,3.162277660168379e-08,0,0
641,10.33847068929387,8.855403344190705,3.162277660168379e-08,0,1
642,10.33127406208041,8.825759600052326,3.162277660168379e-08,0,2
643,10.321176640067494,8.795727353543723,3.162277660168379e-08,0,3
644,10.230848523428904,8.76858687616549,3.162277660168379e-08,0,4
645,10.225258135602818,8.74753985177746,3.162277660168379e-08,0,5
646,10.221610081378588,8.73002936582063,3.162277660168379e-08,0,6
647,10.100592666910092,8.705798934507179,3.162277660168379e-08,0,7
648,10.0925629116904,8.683332284594764,3.162277660168379e-08,0,8
649,10.088255003516249,8.660128370811114,3.162277660168379e-08,0,9
650,9.878981806138192,8.640168461174344,3.162277660168379e-08,0,10
651,9.869014285966788,8.623741575363262,3.162277660168379e-08,0,11
652,9.8533332455015,8.60107152139645,3.162277660168379e-08,0,12
653,9.42697638821856,8.587202526354314,3.162277660168379e-08,0,13
654,9.404951640925638,8.565957491729694,3.162277660168379e-08,0,14
655,9.394207160728588,8.549015141725551,3.162277660168379e-08,0,15
656,10.970045320903184,8.8815478017588,3.162277660168379e-08,1,0
657,10.331005435745436,8.847930196842587,3.162277660168379e-08,1,1
658,10.326591171724935,8.826825168519417,3.162277660168379e-08,1,2
659,10.319072435306824,8.802257515441038,3.162277660168379e-08,1,3
660,10.234029399647062,8.773930925693236,3.162277660168379e-08,1,4
661,10.2282966449479,8.7498613131488,3.162277660168379e-08,1,5
662,10.215515841908864,8.734337093973611,3.162277660168379e-08,1,6
663,10.09428387269351,8.703829160280936,3.162277660168379e-08,1,7
664,10.089003792730882,8.68275338441477,3.162277660168379e-08,1,8
665,10.078242744792648,8.661289066100638,3.162277660168379e-08,1,9
666,9.875608538357325,8.639958328952648,3.162277660168379e-08,1,10
667,9.861996547743145,8.62178650691307,3.162277660168379e-08,1,11
668,9.849169467067735,8.60348265118455,3.162277660168379e-08,1,12
669,9.413320534995457,8.584120450430245,3.162277660168379e-08,1,13
670,9.40871514002557,8.569437974713633,3.162277660168379e-08,1,14
671,9.385443060758586,8.545023847447784,3.162277660168379e-08,1,15
672,10.970045320903184,8.883386379094107,3.162277660168379e-08,2,0
673,10.33877279444552,8.849191026149683,3.162277660168379e-08,2,1
674,10.32616623991314,8.818640180375448,3.162277660168379e-08,2,2
675,10.313372780698764,8.792729305132973,3.162277660168379e-08,2,3
676,10.23782211341391,8.768552508002104,3.162277660168379e-08,2,4
677,10.229206671255554,8.750465838065214,3.162277660168379e-08,2,5
678,10.224003099370451,8.718041874571691,3.162277660168379e-08,2,6
679,10.104919342800535,8.699696057331234,3.162277660168379e-08,2,7
680,10.093971770762396,8.680372611462966,3.162277660168379e-08,2,8
681,10.076904651698433,8.661424691101447,3.162277660168379e-08,2,9
682,9.87604933201024,8.637842576856658,3.162277660168379e-08,2,10
683,9.854344999794652,8.625023479520408,3.162277660168379e-08,2,11
684,9.848597849257924,8.603536691110863,3.162277660168379e-08,2,12
685,9.416965655115542,8.579975105983612,3.162277660168379e-08,2,13
686,9.401349010768376,8.563050889195464,3.162277660168379e-08,2,14
687,9.391019711524828,8.541720603610903,3.162277660168379e-08,2,15
688,10.970045320903184,8.878336258452178,3.162277660168379e-08,3,0
689,10.336055977574896,8.84964619395974,3.162277660168379e-08,3,1
690,10.328705802118748,8.820436607131679,3.162277660168379e-08,3,2
691,10.316633220502418,8.78606255110659,3.162277660168379e-08,3,3
692,10.238311999489342,8.761691905880015,3.162277660168379e-08,3,4
693,10.228238018526111,8.735672546664796,3.162277660168379e-08,3,5
694,10.218353441206885,8.717770694657505,3.162277660168379e-08,3,6
695,10.096682391778604,8.688884914417637,3.162277660168379e-08,3,7
696,10.089903426998667,8.669401873899295,3.162277660168379e-08,3,8
697,10.088129978329947,8.653300553485249,3.162277660168379e-08,3,9
698,9.865489782024593,8.633007249508378,3.162277660168379e-08,3,10
699,9.857215784942936,8.611027436843253,3.162277660168379e-08,3,11
700,9.848100477664726,8.596013028642702,3.162277660168379e-08,3,12
701,9.412695384551071,8.576465960521585,3.162277660168379e-08,3,13
702,9.39722178270924,8.55729180831956,3.162277660168379e-08,3,14
703,9.383765423237124,8.540662403040574,3.162277660168379e-08,3,15
704,10.970045320903184,8.878668022335981,3.162277660168379e-08,4,0
705,10.337757592331988,8.853544766495318,3.162277660168379e-08,4,1
706,10.33099582226186,8.819719292860038,3.162277660168379e-08,4,2
707,10.323737943850755,8.793092278409395,3.162277660168379e-08,4,3
708,10.236680816320233,8.7722658179728,3.162277660168379e-08,4,4
709,10.235834544815647,8.749258690554026,3.162277660168379e-08,4,5
710,10.223585434952131,8.725204931393694,3.162277660168379e-08,4,6
711,10.10759267486355,8.69237360298953,3.162277660168379e-08,4,7
712,10.091897919723078,8.682084234433361,3.162277660168379e-08,4,8
713,10.092329455915118,8.660472784462259,3.162277660168379e-08,4,9
714,9.883144420368955,8.642902459097062,3.162277660168379e-08,4,10
715,9.87127228860859,8.620862977130486,3.162277660168379e-08,4,11
716,9.857353298569988,8.60675455500716,3.162277660168379e-08,4,12
717,9.438713887913828,8.582731421527285,3.162277660168379e-08,4,13
718,9.412819291593165,8.563761907447887,3.162277660168379e-08,4,14
719,9.40282745256548,8.546695662614653,3.162277660168379e-08,4,15
720,10.970045320903184,8.877008560956062,3.162277660168379e-08,5,0
721,10.337070335818362,8.84630192686288,3.162277660168379e-08,5,1
722,10.328269677962238,8.820545014777304,3.162277660168379e-08,5,2
723,10.32000648729896,8.79641826331532,3.162277660168379e-08,5,3
724,10.237107605443173,8.768232120046033,3.162277660168379e-08,5,4
725,10.231286877189776,8.753752307353826,3.162277660168379e-08,5,5
726,10.22260673761734,8.726916880712679,3.162277660168379e-08,5,6
727,10.098585365784148,8.706638912914112,3.162277660168379e-08,5,7
728,10.090025131036642,8.683234822010174,3.162277660168379e-08,5,8
729,10.081700222993268,8.66547352221193,3.162277660168379e-08,5,9
730,9.869967833584251,8.650342688124711,3.162277660168379e-08,5,10
731,9.859218943818444,8.63072487787583,3.162277660168379e-08,5,11
732,9.855068888663425,8.610481381685911,3.162277660168379e-08,5,12
733,9.420745370587255,8.590413582749166,3.162277660168379e-08,5,13
734,9.40402958894238,8.577194768081542,3.162277660168379e-08,5,14
735,9.39540799678519,8.558486221410002,3.162277660168379e-08,5,15
736,10.970045320903184,8.878871662799463,3.162277660168379e-08,6,0
737,10.332618409099355,8.846083132933225,3.162277660168379e-08,6,1
738,10.324526822566012,8.82657929020168,3.162277660168379e-08,6,2
739,10.31982018873056,8.800562344383412,3.162277660168379e-08,6,3
740,10.228569117581014,8.780077381282014,3.162277660168379e-08,6,4
741,10.225674243023692,8.745436821292518,3.162277660168379e-08,6,5
742,10.221559198021833,8.731949163822527,3.162277660168379e-08,6,6
743,10.09859266328914,8.714983113593615,3.162277660168379e-08,6,7
744,10.095286127388302,8.694796060560607,3.162277660168379e-08,6,8
745,10.081015418728269,8.671206977949783,3.162277660168379e-08,6,9
746,9.868821203143629,8.654960203784523,3.162277660168379e-08,6,10
747,9.869288237563838,8.64082380914836,3.162277660168379e-08,6,11
748,9.859994842279894,8.626975363315402,3.162277660168379e-08,6,12
749,9.428803300906626,8.605416606999647,3.162277660168379e-08,6,13
750,9.409543426817072,8.584830393935585,3.162277660168379e-08,6,14
751,9.396211462665413,8.56657667480968,3.162277660168379e-08,6,15
752,10.970045320903184,8.878268835091761,3.162277660168379e-08,7,0
753,10.332127947167944,8.852125334416327,3.162277660168379e-08,7,1
754,10.32149126419316,8.835437409259091,3.162277660168379e-08,7,2
755,10.32176828763655,8.798562855972841,3.162277660168379e-08,7,3
756,10.242659971741288,8.774650494595663,3.162277660168379e-08,7,4
757,10.227709990580909,8.753858421900192,3.162277660168379e-08,7,5
758,10.2214315516683,8.736332383227738,3.162277660168379e-08,7,6
759,10.098352780421251,8.71194711234844,3.162277660168379e-08,7,7
760,10.089328304590314,8.689845527550519,3.162277660168379e-08,7,8
761,10.078416073661645,8.66894332840887,3.162277660168379e-08,7,9
762,9.874529954396614,8.651448527979943,3.162277660168379e-08,7,10
763,9.862733241076455,8.636213176964455,3.162277660168379e-08,7,11
764,9.852194954002709,8.61789576223318,3.162277660168379e-08,7,12
765,9.425311590335705,8.59580939645765,3.162277660168379e-08,7,13
766,9.405438875778804,8.575642165909406,3.162277660168379e-08,7,14
767,9.392446642086998,8.558217833230394,3.162277660168379e-08,7,15
768,10.970045320903184,8.883397362560066,3.162277660168379e-08,8,0
769,10.336726840919784,8.855099608978552,3.162277660168379e-08,8,1
770,10.32428975257151,8.822485774015679,3.162277660168379e-08,8,2
771,10.32092870921633,8.795125531004889,3.162277660168379e-08,8,3
772,10.238271079484091,8.771524384280008,3.162277660168379e-08,8,4
773,10.223612213303742,8.746014328314587,3.162277660168379e-08,8,5
774,10.213578088929497,8.726644421375413,3.162277660168379e-08,8,6
775,10.09596765341858,8.711582650222704,3.162277660168379e-08,8,7
776,10.091140675370587,8.691533323159703,3.162277660168379e-08,8,8
777,10.084032783931203,8.673354450065988,3.162277660168379e-08,8,9
778,9.87627730456756,8.657816417145876,3.162277660168379e-08,8,10
779,9.862933171752568,8.638681437046744,3.162277660168379e-08,8,11
780,9.854744809742824,8.614922756734298,3.162277660168379e-08,8,12
781,9.420762569279123,8.599276095961093,3.162277660168379e-08,8,13
782,9.412410536236443,8.577693276676934,3.162277660168379e-08,8,14
783,9.402155894322236,8.565606725150621,3.162277660168379e-08,8,15
784,10.970045320903184,8.877781511144105,3.162277660168379e-08,9,0
785,10.330019592549252,8.851235129023108,3.162277660168379e-08,9,1
786,10.332340051631002,8.822936456380226,3.162277660168379e-08,9,2
787,10.325037768381328,8.802823994992183,3.162277660168379e-08,9,3
788,10.23576834040086,8.781578411628944,3.162277660168379e-08,9,4
789,10.231423906711392,8.754962073525913,3.162277660168379e-08,9,5
790,10.225229528130155,8.732004721883353,3.162277660168379e-08,9,6
791,10.098945008806089,8.708020983151524,3.162277660168379e-08,9,7
792,10.09327886179726,8.68706715723296,3.162277660168379e-08,9,8
793,10.085770118420738,8.670823784204195,3.162277660168379e-08,9,9
794,9.871002630406489,8.646151189296496,3.162277660168379e-08,9,10
795,9.864830333232115,8.635483620255592,3.162277660168379e-08,9,11
796,9.853562406837078,8.620970893414006,3.162277660168379e-08,9,12
797,9.42332413566714,8.601440139667401,3.162277660168379e-08,9,13
798,9.406049860468457,8.58191646530751,3.162277660168379e-08,9,14
799,9.392577457088557,8.569404153784156,3.162277660168379e-08,9,15
800,10.970045320903184,8.88256275719659,1e-07,0,0
801,10.334595541847085,8.85156413038501,1e-07,0,1
802,10.328703893467155,8.832128468390435,1e-07,0,2
803,10.319439240487844,8.811674279511962,1e-07,0,3
804,10.242163862001345,8.803439673426945,1e-07,0,4
805,10.22756338236557,8.779033679667876,1e-07,0,5
806,10.228093764536306,8.770799067886932,1e-07,0,6
807,10.109681059048446,8.74860443267797,1e-07,0,7
808,10.09308389975762,8.739198376848039,1e-07,0,8
809,10.09171213752143,8.723148551177921,1e-07,0,9
810,9.885772075051015,8.703119157813923,1e-07,0,10
811,9.881453797601427,8.682486942414412,1e-07,0,11
812,9.868474088713942,8.666520609029906,1e-07,0,12
813,9.450806271350029,8.649761662869915,1e-07,0,13
814,9.438335228493257,8.626910609479546,1e-07,0,14
815,9.42480435347962,8.608090757797413,1e-07,0,15
816,10.970045320903184,8.881619891960236,1e-07,1,0
817,10.330024476519988,8.857492947492627,1e-07,1,1
818,10.32432555748898,8.843765580242641,1e-07,1,2
819,10.321836111846425,8.833180636346686,1e-07,1,3
820,10.244495414643623,8.809930144845012,1e-07,1,4
821,10.23099592308807,8.789750357348371,1e-07,1,5
822,10.22104892696542,8.778033975387602,1e-07,1,6
823,10.111764275667865,8.76020457378814,1e-07,1,7
824,10.092583744394563,8.73396700697315,1e-07,1,8
825,10.083485134401466,8.721635637596389,1e-07,1,9
826,9.880254802353315,8.702985203092242,1e-07,1,10
827,9.878933561909696,8.690465067531763,1e-07,1,11
828,9.862380308245932,8.675399416421852,1e-07,1,12
829,9.45994405109182,8.654959561221311,1e-07,1,13
830,9.435279879319577,8.639228094731907,1e-07,1,14
831,9.425194108078909,8.616775884228923,1e-07,1,15
832,10.970045320903184,8.876395566171677,1e-07,2,0
833,10.334599441391337,8.85233980956906,1e-07,2,1
834,10.32270932426271,8.837726703741373,1e-07,2,2
835,10.319950136744756,8.812236201310567,1e-07,2,3
836,10.235831846699492,8.799327162762808,1e-07,2,4
837,10.228452941831256,8.790193480603637,1e-07,2,5
838,10.226332467507111,8.77154074630883,1e-07,2,6
839,10.104576034324069,8.758766176780272,1e-07,2,7
840,10.09492245736636,8.74114788867247,1e-07,2,8
841,10.086987453282983,8.729491812610695,1e-07,2,9
842,9.891606466192538,8.714616921204254,1e-07,2,10
843,9.879328957840306,8.696128220387662,1e-07,2,11
844,9.871897027310895,8.684088787929372,1e-07,2,12
845,9.464999743842531,8.666711671774049,1e-07,2,13
846,9.445002920774511,8.648461497760039,1e-07,2,14
847,9.43193941995871,8.63218720886961,1e-07,2,15
848,10.970045320903184,8.88333311109487,1e-07,3,0
849,10.334658150556985,8.858433223740436,1e-07,3,1
850,10.324457774500084,8.842693275799267,1e-07,3,2
851,10.318425447622303,8.832732052277256,1e-07,3,3
852,10.241657497104312,8.817205083125337,1e-07,3,4
853,10.226870821862947,8.794413358759066,1e-07,3,5
854,10.220578491730228,8.773094962723901,1e-07,3,6
855,10.107523531750871,8.76002577784032,1e-07,3,7
856,10.104525096902783,8.736871915181812,1e-07,3,8
857,10.085259172219716,8.721187543937475,1e-07,3,9
858,9.890777310573322,8.711807936178733,1e-07,3,10
859,9.876530208026448,8.699138967778318,1e-07,3,11
860,9.867103751729903,8.683063127811428,1e-07,3,12
861,9.45352379230084,8.661244113710792,1e-07,3,13
862,9.442426625717676,8.64499100343547,1e-07,3,14
863,9.427755822348898,8.62294918890696,1e-07,3,15
864,10.970045320903184,8.879705814918353,1e-07,4,0
865,10.33573238243908,8.8554902562661,1e-07,4,1
866,10.323660658027446,8.835123522798543,1e-07,4,2
867,10.31699304333106,8.818759722160395,1e-07,4,3
868,10.240764866814212,8.801552587895324,1e-07,4,4
869,10.232795358332746,8.781655400917792,1e-07,4,5
870,10.218133836399906,8.771305089530781,1e-07,4,6
871,10.101421011180214,8.756991292946173,1e-07,4,7
872,10.097935553536852,8.740841007927555,1e-07,4,8
873,10.087272668650876,8.72464651969849,1e-07,4,9
874,9.890717707176602,8.701174002263718,1e-07,4,10
875,9.882021391277544,8.688321913012775,1e-07,4,11
876,9.867487200090412,8.674908626998992,1e-07,4,12
877,9.46496922510539,8.660912967504853,1e-07,4,13
878,9.442129952346772,8.643167993766696,1e-07,4,14
879,9.429225882659034,8.627158558803412,1e-07,4,15
880,10.970045320903184,8.8814665387045,1e-07,5,0
881,10.33702488919684,8.85582675785582,1e-07,5,1
882,10.32676828835156,8.83405023043601,1e-07,5,2
883,10.32440263508266,8.82308959035422,1e-07,5,3
884,10.241701204990484,8.80609602971305,1e-07,5,4
885,10.230016639595378,8.783744031548812,1e-07,5,5
886,10.225360703259271,8.77162837726786,1e-07,5,6
887,10.112777159658302,8.755886290323993,1e-07,5,7
888,10.09643188190734,8.736374384331693,1e-07,5,8
889,10.097078183062717,8.719069846253612,1e-07,5,9
890,9.893054851251268,8.703795144299718,1e-07,5,10
891,9.872191138492148,8.688469099388463,1e-07,5,11
892,9.870251659994013,8.674584111627306,1e-07,5,12
893,9.448282497493786,8.651299925350227,1e-07,5,13
894,9.434418243176598,8.635572518331394,1e-07,5,14
895,9.424813352288416,8.615974354785877,1e-07,5,15
896,10.970045320903184,8.884490542571253,1e-07,6,0
897,10.332477924576946,8.86019352517051,1e-07,6,1
898,10.33046729158915,8.844166427291375,1e-07,6,2
899,10.324533150674176,8.823728316214074,1e-07,6,3
900,10.239537236507832,8.81287069777949,1e-07,6,4
901,10.236720887124344,8.79872455749246,1e-07,6,5
902,10.223259007232809,8.786454168752803,1e-07,6,6
903,10.115299304372048,8.766906464703977,1e-07,6,7
904,10.099129632364871,8.7546380585209,1e-07,6,8
905,10.082025939237958,8.73395094753079,1e-07,6,9
906,9.890631008088771,8.71609166952376,1e-07,6,10
907,9.877906165004624,8.699333874129318,1e-07,6,11
908,9.874811339066246,8.6920852226766,1e-07,6,12
909,9.462346327396334,8.664163179900417,1e-07,6,13
910,9.437266822777444,8.65166740192708,1e-07,6,14
911,9.430895261383291,8.634823476955969,1e-07,6,15
912,10.970045320903184,8.878435750400367,1e-07,7,0
913,10.335091029618155,8.863640668593218,1e-07,7,1
914,10.327480707972429,8.837942692365798,1e-07,7,2
915,10.317084821375076,8.824548241014583,1e-07,7,3
916,10.241594953946716,8.797801549370423,1e-07,7,4
917,10.231679260968374,8.786904380805753,1e-07,7,5
918,10.2284660932424,8.771687756243061,1e-07,7,6
919,10.104889081888588,8.75063349048309,1e-07,7,7
920,10.101921672648112,8.738534389512367,1e-07,7,8
921,10.086299782196258,8.720586568874012,1e-07,7,9
922,9.89072205503549,8.704352975571465,1e-07,7,10
923,9.876888943276956,8.685842591925711,1e-07,7,11
924,9.862766877382878,8.675459612725525,1e-07,7,12
925,9.462478502011235,8.657375442378882,1e-07,7,13
926,9.439302770333386,8.638512835421208,1e-07,7,14
927,9.429938435210504,8.619605646193758,1e-07,7,15
928,10.970045320903184,8.876339559694618,1e-07,8,0
929,10.338132192049825,8.858904544687007,1e-07,8,1
930,10.32622454621737,8.84121018635784,1e-07,8,2
931,10.316244093547722,8.824633024076487,1e-07,8,3
932,10.242997620861829,8.802891339281626,1e-07,8,4
933,10.228794823815296,8.789881321318024,1e-07,8,5
934,10.228543998729766,8.768924333689348,1e-07,8,6
935,10.109652613426915,8.755803575172758,1e-07,8,7
936,10.096439982270578,8.742663429288257,1e-07,8,8
937,10.0950973837436,8.72561157760988,1e-07,8,9
938,9.895532391606352,8.713847660048252,1e-07,8,10
939,9.883562648393104,8.698333651532137,1e-07,8,11
940,9.86510460636624,8.688379963021607,1e-07,8,12
941,9.461494604456744,8.663491443228851,1e-07,8,13
942,9.449353639062334,8.64450167501994,1e-07,8,14
943,9.42851319252807,8.621595936134664,1e-07,8,15
944,10.970045320903184,8.882008395825386,1e-07,9,0
945,10.335871247135984,8.855216257245786,1e-07,9,1
946,10.32337470355498,8.833945681969658,1e-07,9,2
947,10.318937025635506,8.820598170974616,1e-07,9,3
948,10.23601246721002,8.80175249832233,1e-07,9,4
949,10.229696138200408,8.786612131041752,1e-07,9,5
950,10.22564217852281,8.76681163698044,1e-07,9,6
951,10.107630234862055,8.751085357520864,1e-07,9,7
952,10.093020712165067,8.734024553098513,1e-07,9,8
953,10.08717788796923,8.724509207086857,1e-07,9,9
954,9.895939327635087,8.717162069074151,1e-07,9,10
955,9.877502071862626,8.697642923221322,1e-07,9,11
956,9.867930185322294,8.677427168387618,1e-07,9,12
957,9.459454662892938,8.655301443873295,1e-07,9,13
958,9.449092938354548,8.643677522250435,1e-07,9,14
959,9.43120346632593,8.621155800763326,1e-07,9,15
960,10.970045320903184,8.88136358962976,3.162277660168379e-07,0,0
961,10.332918599913471,8.88485550794749,3.162277660168379e-07,0,1
962,10.324756155327872,8.895896047388993,3.162277660168379e-07,0,2
963,10.313849331159068,8.905478528492687,3.162277660168379e-07,0,3
964,10.243585882663153,8.898270444167897,3.162277660168379e-07,0,4
965,10.23837979700198,8.89661516530838,3.162277660168379e-07,0,5
966,10.226293942626643,8.89527575257558,3.162277660168379e-07,0,6
967,10.12047944126198,8.888029013646317,3.162277660168379e-07,0,7
968,10.111504888427438,8.883688510268486,3.162277660168379e-07,0,8
969,10.106609709146404,8.881122864398353,3.162277660168379e-07,0,9
970,9.92236167465154,8.867531434292696,3.162277660168379e-07,0,10
971,9.91304179526291,8.857359277172854,3.162277660168379e-07,0,11
972,9.90216918422096,8.85361423716381,3.162277660168379e-07,0,12
973,9.547109439479875,8.82840333226342,3.162277660168379e-07,0,13
974,9.524817158896797,8.820591661300236,3.162277660168379e-07,0,14
975,9.517228389204444,8.803241591569712,3.162277660168379e-07,0,15
976,10.970045320903184,8.876103048920816,3.162277660168379e-07,1,0
977,10.334160481069746,8.88690461306245,3.162277660168379e-07,1,1
978,10.330012861857274,8.893997417645616,3.162277660168379e-07,1,2
979,10.326132234413436,8.901001568819943,3.162277660168379e-07,1,3
980,10.241618180655554,8.898095744082351,3.162277660168379e-07,1,4
981,10.23509857309175,8.901014041317087,3.162277660168379e-07,1,5
982,10.229530607061688,8.90475277721571,3.162277660168379e-07,1,6
983,10.114226617262108,8.891320975345392,3.162277660168379e-07,1,7
984,10.113817487490971,8.887623064046444,3.162277660168379e-07,1,8
985,10.10543073479479,8.877595734370702,3.162277660168379e-07,1,9
986,9.934430233484104,8.868570394080159,3.162277660168379e-07,1,10
987,9.925139400778894,8.85432960878977,3.162277660168379e-07,1,11
988,9.903247817180985,8.84863175020371,3.162277660168379e-07,1,12
989,9.553667114401774,8.82972535396036,3.162277660168379e-07,1,13
990,9.535909164386249,8.810850655358356,3.162277660168379e-07,1,14
991,9.514919322210034,8.788574486157836,3.162277660168379e-07,1,15
992,10.970045320903184,8.884966550364497,3.162277660168379e-07,2,0
993,10.332684662778908,8.885257178443503,3.162277660168379e-07,2,1
994,10.324720117183055,8.886076896779365,3.162277660168379e-07,2,2
995,10.322716346476705,8.892848407461416,3.162277660168379e-07,2,3
996,10.240939522686883,8.893932994785622,3.162277660168379e-07,2,4
997,10.233385699996202,8.898213347420764,3.162277660168379e-07,2,5
998,10.238908361761048,8.889962449187966,3.162277660168379e-07,2,6
999,10.126396599286922,8.891632772882279,3.162277660168379e-07,2,7
1000,10.113421317895536,8.881835217478725,3.162277660168379e-07,2,8
1001,10.113122656683306,8.87141353849455,3.162277660168379e-07,2,9
1002,9.938860353327838,8.858072615862469,3.162277660168379e-07,2,10
1003,9.917713404531291,8.849956800166819,3.162277660168379e-07,2,11
1004,9.90447261359913,8.850425932036979,3.162277660168379e-07,2,12
1005,9.555730349340031,8.826481426281765,3.162277660168379e-07,2,13
1006,9.531209394561571,8.803850139320504,3.162277660168379e-07,2,14
1007,9.525341482111706,8.788100009936283,3.162277660168379e-07,2,15
1008,10.970045320903184,8.879011726240545,3.162277660168379e-07,3,0
1009,10.328619619501069,8.89664330586265,3.162277660168379e-07,3,1
1010,10.323808006723544,8.90034090735806,3.162277660168379e-07,3,2
1011,10.317087497965982,8.89976462346405,3.162277660168379e-07,3,3
1012,10.245469632330318,8.903453772132046,3.162277660168379e-07,3,4
1013,10.238869243679428,8.897711038941921,3.162277660168379e-07,3,5
1014,10.228885828376992,8.902924733057958,3.162277660168379e-07,3,6
1015,10.130784451179728,8.90491726268096,3.162277660168379e-07,3,7
1016,10.115188152964258,8.897926397367627,3.162277660168379e-07,3,8
1017,10.10331873659718,8.8854535960709,3.162277660168379e-07,3,9
1018,9.929597530841535,8.877524365408526,3.162277660168379e-07,3,10
1019,9.915107806432491,8.866509516433124,3.162277660168379e-07,3,11
1020,9.907758984744346,8.85684635826745,3.162277660168379e-07,3,12
1021,9.560593185734744,8.834108970914341,3.162277660168379e-07,3,13
1022,9.544179211908268,8.82368538316381,3.162277660168379e-07,3,14
1023,9.521015202090837,8.805277412523324,3.162277660168379e-07,3,15
1024,10.970045320903184,8.876699750132529,3.162277660168379e-07,4,0
1025,10.332026946904264,8.883824925533819,3.162277660168379e-07,4,1
1026,10.323686551411846,8.894252312456473,3.162277660168379e-07,4,2
1027,10.31576681623937,8.895855704380567,3.162277660168379e-07,4,3
1028,10.242547557467722,8.901773488188349,3.162277660168379e-07,4,4
1029,10.237154605671396,8.909093049366772,3.162277660168379e-07,4,5
1030,10.229134713140263,8.90400973620787,3.162277660168379e-07,4,6
1031,10.126545949073014,8.898363903990948,3.162277660168379e-07,4,7
1032,10.116769825763347,8.888192233470049,3.162277660168379e-07,4,8
1033,10.10468719501036,8.883687615790338,3.162277660168379e-07,4,9
1034,9.93681844215431,8.874127518778165,3.162277660168379e-07,4,10
1035,9.916651738684823,8.861787015891872,3.162277660168379e-07,4,11
1036,9.904174218641309,8.848450852324824,3.162277660168379e-07,4,12
1037,9.547593242951407,8.830087070356946,3.162277660168379e-07,4,13
1038,9.538256363620624,8.8186177211004,3.162277660168379e-07,4,14
1039,9.524993762485424,8.797562741052598,3.162277660168379e-07,4,15
1040,10.970045320903184,8.886720982471575,3.162277660168379e-07,5,0
1041,10.331492396063988,8.89325662349298,3.162277660168379e-07,5,1
1042,10.330088376375643,8.899140250106292,3.162277660168379e-07,5,2
1043,10.318831280052292,8.908303504934903,3.162277660168379e-07,5,3
1044,10.24394761763597,8.905761638594376,3.162277660168379e-07,5,4
1045,10.232869259096969,8.909205591400283,3.162277660168379e-07,5,5
1046,10.22811221341684,8.907947770715602,3.162277660168379e-07,5,6
1047,10.124852360599416,8.89937299372156,3.162277660168379e-07,5,7
1048,10.109366370541744,8.89947704684908,3.162277660168379e-07,5,8
1049,10.102543135284684,8.901241096644988,3.162277660168379e-07,5,9
1050,9.92941412046066,8.890395854397696,3.162277660168379e-07,5,10
1051,9.917019156183738,8.877728309019917,3.162277660168379e-07,5,11
1052,9.9034024869127,8.869132344385118,3.162277660168379e-07,5,12
1053,9.543257014694722,8.85403791213126,3.162277660168379e-07,5,13
1054,9.535654322478614,8.8295877341275,3.162277660168379e-07,5,14
1055,9.52077877960398,8.81756915731599,3.162277660168379e-07,5,15
1056,10.970045320903184,8.8786447829088,3.162277660168379e-07,6,0
1057,10.333206408284692,8.894949118291239,3.162277660168379e-07,6,1
1058,10.328263782172174,8.894029797598348,3.162277660168379e-07,6,2
1059,10.324014309735697,8.9005438287825,3.162277660168379e-07,6,3
1060,10.240664958243578,8.903129536031972,3.162277660168379e-07,6,4
1061,10.237864582614908,8.906701963373209,3.162277660168379e-07,6,5
1062,10.226770413916864,8.90375208229192,3.162277660168379e-07,6,6
1063,10.132229942162343,8.905299072667058,3.162277660168379e-07,6,7
1064,10.112269935961017,8.896460218553585,3.162277660168379e-07,6,8
1065,10.104166154668274,8.888087121914705,3.162277660168379e-07,6,9
1066,9.93057569199662,8.878895702474725,3.162277660168379e-07,6,10
1067,9.917495764503302,8.879254327858828,3.162277660168379e-07,6,11
1068,9.910055027071389,8.871846010547767,3.162277660168379e-07,6,12
1069,9.548601873418727,8.85455085870109,3.162277660168379e-07,6,13
1070,9.531121171291469,8.8349583462443,3.162277660168379e-07,6,14
1071,9.50671178457924,8.805203266420461,3.162277660168379e-07,6,15
1072,10.970045320903184,8.881652677744787,3.162277660168379e-07,7,0
1073,10.331624660827671,8.890647152126471,3.162277660168379e-07,7,1
1074,10.32886371018984,8.896493773566153,3.162277660168379e-07,7,2
1075,10.318882832724476,8.898008099125512,3.162277660168379e-07,7,3
1076,10.245677123078528,8.894818983888541,3.162277660168379e-07,7,4
1077,10.234357545847894,8.90401844143989,3.162277660168379e-07,7,5
1078,10.233637150504164,8.90024251655826,3.162277660168379e-07,7,6
1079,10.128645725535694,8.888619605472426,3.162277660168379e-07,7,7
1080,10.119978490531455,8.88566313653472,3.162277660168379e-07,7,8
1081,10.108256398440895,8.879187885979613,3.162277660168379e-07,7,9
1082,9.935183956387403,8.873503217816388,3.162277660168379e-07,7,10
1083,9.930991930502763,8.86065186664496,3.162277660168379e-07,7,11
1084,9.906983243951986,8.865352973425516,3.162277660168379e-07,7,12
1085,9.559945766627182,8.83876107970857,3.162277660168379e-07,7,13
1086,9.543650869637013,8.825415013782909,3.162277660168379e-07,7,14
1087,9.522425280439744,8.80460202566001,3.162277660168379e-07,7,15
1088,10.970045320903184,8.88422818893907,3.162277660168379e-07,8,0
1089,10.330379315015591,8.888538132116429,3.162277660168379e-07,8,1
1090,10.324485658088127,8.889281386865978,3.162277660168379e-07,8,2
1091,10.31237852242473,8.9005334817942,3.162277660168379e-07,8,3
1092,10.245126385727254,8.894371837489285,3.162277660168379e-07,8,4
1093,10.23381849392015,8.896687431142418,3.162277660168379e-07,8,5
1094,10.228377864673458,8.890089100102296,3.162277660168379e-07,8,6
1095,10.126550206266156,8.889192021292004,3.162277660168379e-07,8,7
1096,10.10797062945306,8.884630870095057,3.162277660168379e-07,8,8
1097,10.107219251207695,8.875714528743297,3.162277660168379e-07,8,9
1098,9.932236786319258,8.868036050327005,3.162277660168379e-07,8,10
1099,9.91264046109082,8.85456916586536,3.162277660168379e-07,8,11
1100,9.907085198630702,8.846864083307386,3.162277660168379e-07,8,12
1101,9.5555950044368,8.835685121210744,3.162277660168379e-07,8,13
1102,9.534666167622234,8.817362091365329,3.162277660168379e-07,8,14
1103,9.517244200117338,8.79809923929836,3.162277660168379e-07,8,15
1104,10.970045320903184,8.876548199517883,3.162277660168379e-07,9,0
1105,10.335881051505387,8.888701969738529,3.162277660168379e-07,9,1
1106,10.324236853439258,8.892881866161522,3.162277660168379e-07,9,2
1107,10.318741268123858,8.894161710204779,3.162277660168379e-07,9,3
1108,10.2436886468416,8.885763956020043,3.162277660168379e-07,9,4
1109,10.241160844771612,8.884252552909846,3.162277660168379e-07,9,5
1110,10.231282506834672,8.890621599136322,3.162277660168379e-07,9,6
1111,10.129250106838354,8.883556244783424,3.162277660168379e-07,9,7
1112,10.114767817277295,8.87425585716872,3.162277660168379e-07,9,8
1113,10.111866265760888,8.874670121068428,3.162277660168379e-07,9,9
1114,9.941701972696965,8.86126560318262,3.162277660168379e-07,9,10
1115,9.927533730258322,8.858034172213753,3.162277660168379e-07,9,11
1116,9.911820986891811,8.846778977018154,3.162277660168379e-07,9,12
1117,9.541810338271253,8.831665100021644,3.162277660168379e-07,9,13
1118,9.524206748122316,8.811762882103013,3.162277660168379e-07,9,14
1119,9.50653098199112,8.797080434523922,3.162277660168379e-07,9,15
1120,10.970045320903184,8.879583474799368,1e-06,0,0
1121,10.329683201405691,8.958205933241024,1e-06,0,1
1122,10.326567062079384,9.018417558767364,1e-06,0,2
1123,10.31286053492778,9.072290986900432,1e-06,0,3
1124,10.253902617735845,9.107572681484635,1e-06,0,4
1125,10.249100936744435,9.146856869442074,1e-06,0,5
1126,10.238055310173284,9.176327011994516,1e-06,0,6
1127,10.15821651320378,9.196909070508006,1e-06,0,7
1128,10.148115346666572,9.204007499024565,1e-06,0,8
1129,10.138009502376129,9.220977999267934,1e-06,0,9
1130,10.008222468914916,9.214256875131664,1e-06,0,10
1131,9.995032763326124,9.217330731372298,1e-06,0,11
1132,9.98963400221762,9.207043828209244,1e-06,0,12
1133,9.736953819451026,9.182295965180405,1e-06,0,13
1134,9.712028366928372,9.172721781175625,1e-06,0,14
1135,9.691050006832956,9.147201107850483,1e-06,0,15
1136,10.970045320903184,8.8835674893467,1e-06,1,0
1137,10.332435181287083,8.95809408825815,1e-06,1,1
1138,10.323710554449525,9.012474636868305,1e-06,1,2
1139,10.32235168726956,9.079181645644995,1e-06,1,3
1140,10.250290516873328,9.109628868663364,1e-06,1,4
1141,10.248760354043856,9.142230019501294,1e-06,1,5
1142,10.235848453533915,9.172700660177233,1e-06,1,6
1143,10.15857307479106,9.183070001272515,1e-06,1,7
1144,10.149551677510566,9.202637738783563,1e-06,1,8
1145,10.13694533047081,9.218901138573752,1e-06,1,9
1146,10.01016235017526,9.212178826392371,1e-06,1,10
1147,9.99967103542795,9.214050797809726,1e-06,1,11
1148,9.98732074850483,9.20658209244867,1e-06,1,12
1149,9.732000752869434,9.192517490527017,1e-06,1,13
1150,9.710157759469324,9.183887975405684,1e-06,1,14
1151,9.696966477616,9.15853423931929,1e-06,1,15
1152,10.970045320903184,8.87908056739487,1e-06,2,0
1153,10.335541379413442,8.955922233023104,1e-06,2,1
1154,10.33601707271927,9.019583088359276,1e-06,2,2
1155,10.31973550943808,9.07169998393773,1e-06,2,3
1156,10.25597620973461,9.10773085139896,1e-06,2,4
1157,10.244969458959163,9.141331932089898,1e-06,2,5
1158,10.240488897302113,9.165626721024084,1e-06,2,6
1159,10.157186448839385,9.189666164523231,1e-06,2,7
1160,10.15338585457,9.192850199618116,1e-06,2,8
1161,10.14428920494268,9.203897896155308,1e-06,2,9
1162,10.015588106507357,9.204549486454582,1e-06,2,10
1163,10.00060046626156,9.203582042462225,1e-06,2,11
1164,9.992661233678064,9.203091186180329,1e-06,2,12
1165,9.733036095061776,9.185365666992544,1e-06,2,13
1166,9.717268877780825,9.16062668271875,1e-06,2,14
1167,9.697181866782358,9.155533584083528,1e-06,2,15
1168,10.970045320903184,8.879985846749628,1e-06,3,0
1169,10.333942608975132,8.960861147239036,1e-06,3,1
1170,10.330434460078996,9.024321519959644,1e-06,3,2
1171,10.321064023159332,9.070667433247417,1e-06,3,3
1172,10.259352242588765,9.108993185479555,1e-06,3,4
1173,10.249085057110502,9.139678473840746,1e-06,3,5
1174,10.238622729599932,9.168879811114127,1e-06,3,6
1175,10.156829531859564,9.186925831683356,1e-06,3,7
1176,10.147049697687468,9.1941964933307,1e-06,3,8
1177,10.146477847673811,9.2068405013914,1e-06,3,9
1178,10.015035026782568,9.204465191399043,1e-06,3,10
1179,10.007474332703469,9.208021828419204,1e-06,3,11
1180,9.994166743012505,9.210529287874644,1e-06,3,12
1181,9.738623815915162,9.188477981216373,1e-06,3,13
1182,9.715513725775708,9.172373777207168,1e-06,3,14
1183,9.69682561011602,9.155374244839496,1e-06,3,15
1184,10.970045320903184,8.874648507565595,1e-06,4,0
1185,10.333247904895511,8.948787666710935,1e-06,4,1
1186,10.3303937575173,9.021706417667732,1e-06,4,2
1187,10.3177152401511,9.072467510198608,1e-06,4,3
1188,10.252973711428124,9.11162528901187,1e-06,4,4
1189,10.24838540329683,9.136066873553016,1e-06,4,5
1190,10.235040725490812,9.162610140814424,1e-06,4,6
1191,10.15588372315115,9.174661089278803,1e-06,4,7
1192,10.15205650463798,9.191226504681165,1e-06,4,8
1193,10.134737596362598,9.215473425707788,1e-06,4,9
1194,10.015026321492956,9.205720968775704,1e-06,4,10
1195,9.998219136655182,9.20552652547966,1e-06,4,11
1196,9.992105722692289,9.208150520290973,1e-06,4,12
1197,9.72731951691572,9.183038823321384,1e-06,4,13
1198,9.713387817009648,9.165281606222116,1e-06,4,14
1199,9.696298618450532,9.153104469382802,1e-06,4,15
1200,10.970045320903184,8.874240325036372,1e-06,5,0
1201,10.331363919687773,8.959859142004793,1e-06,5,1
1202,10.32721233023299,9.0305809416117,1e-06,5,2
1203,10.323820540132036,9.086812627176926,1e-06,5,3
1204,10.256671717305544,9.118882798124588,1e-06,5,4
1205,10.257459085672142,9.160860822449347,1e-06,5,5
1206,10.243873083594565,9.18300411623392,1e-06,5,6
1207,10.162703916573133,9.200236417812947,1e-06,5,7
1208,10.15586962990027,9.207118505253382,1e-06,5,8
1209,10.145176234105593,9.226944659804888,1e-06,5,9
1210,10.022283934920946,9.223611841633817,1e-06,5,10
1211,10.00495867631762,9.22225432304407,1e-06,5,11
1212,9.99376278774988,9.227510770725369,1e-06,5,12
1213,9.741236886908736,9.202143822505086,1e-06,5,13
1214,9.71493071530426,9.17924283469564,1e-06,5,14
1215,9.696653619960426,9.160772232447568,1e-06,5,15
1216,10.970045320903184,8.87629981655806,1e-06,6,0
1217,10.330848429510135,8.950246890738773,1e-06,6,1
1218,10.327870079434115,9.01669368703837,1e-06,6,2
1219,10.322450777514362,9.072821059327383,1e-06,6,3
1220,10.25478522711475,9.108517511027976,1e-06,6,4
1221,10.246640540397337,9.138266646265158,1e-06,6,5
1222,10.23912858028404,9.16704457888256,1e-06,6,6
1223,10.151426809571133,9.184506755873764,1e-06,6,7
1224,10.145484703797882,9.209740346120563,1e-06,6,8
1225,10.13467259526258,9.209748088156642,1e-06,6,9
1226,10.009707743378964,9.210400488694743,1e-06,6,10
1227,9.99868541983918,9.2060241864552,1e-06,6,11
1228,9.98485957370888,9.20820029140852,1e-06,6,12
1229,9.731335567180253,9.181172280382444,1e-06,6,13
1230,9.71504076756754,9.156935046738177,1e-06,6,14
1231,9.692346322112202,9.14844605596237,1e-06,6,15
1232,10.970045320903184,8.87334167759886,1e-06,7,0
1233,10.334679857849746,8.955245392565297,1e-06,7,1
1234,10.328255932228874,9.012627375295544,1e-06,7,2
1235,10.31687383584857,9.06805680335031,1e-06,7,3
1236,10.25609432903788,9.103718698915294,1e-06,7,4
1237,10.251380894737377,9.129829642953329,1e-06,7,5
1238,10.241503560668594,9.165095482867017,1e-06,7,6
1239,10.156632341003036,9.186750168090438,1e-06,7,7
1240,10.1437813873832,9.189795831247125,1e-06,7,8
1241,10.13891947129152,9.204233605260706,1e-06,7,9
1242,10.006798082441504,9.20236893667944,1e-06,7,10
1243,10.006584233665151,9.207401353111306,1e-06,7,11
1244,9.986279193297966,9.206348342057346,1e-06,7,12
1245,9.727352667574852,9.19054293565484,1e-06,7,13
1246,9.705165770907447,9.169966822320784,1e-06,7,14
1247,9.694706189271336,9.148777609861144,1e-06,7,15
1248,10.970045320903184,8.881459502475234,1e-06,8,0
1249,10.336930414962412,8.951046074016558,1e-06,8,1
1250,10.32808515106441,9.018759015898777,1e-06,8,2
1251,10.319483349192534,9.059807461969363,1e-06,8,3
1252,10.25603062111578,9.099401910656738,1e-06,8,4
1253,10.252900841197317,9.134422424337728,1e-06,8,5
1254,10.242608048863998,9.171873165894713,1e-06,8,6
1255,10.16135022406757,9.18431814044043,1e-06,8,7
1256,10.149570080822558,9.204015396957786,1e-06,8,8
1257,10.147892215776537,9.221543868801309,1e-06,8,9
1258,10.01897450506429,9.213210738028328,1e-06,8,10
1259,10.00752698333419,9.211739906423013,1e-06,8,11
1260,9.990700311585934,9.210446673530132,1e-06,8,12
1261,9.736414172865254,9.19479352598496,1e-06,8,13
1262,9.718630691520296,9.175477509710731,1e-06,8,14
1263,9.695330354073768,9.162552966594214,1e-06,8,15
1264,10.970045320903184,8.882937847589954,1e-06,9,0
1265,10.330023240274326,8.957391751700191,1e-06,9,1
1266,10.331759348452218,9.015523126421256,1e-06,9,2
1267,10.323701378936867,9.076884416451392,1e-06,9,3
1268,10.262666590837796,9.112681682443185,1e-06,9,4
1269,10.252521250039845,9.14455059357906,1e-06,9,5
1270,10.240150748145515,9.175969352223646,1e-06,9,6
1271,10.165223171325398,9.197587877615852,1e-06,9,7
1272,10.15719745628021,9.21045961091644,1e-06,9,8
1273,10.144212852827176,9.218512459779276,1e-06,9,9
1274,10.02025272960244,9.218029559642988,1e-06,9,10
1275,10.010159235160828,9.206348620872207,1e-06,9,11
1276,9.993955502613296,9.205761396433932,1e-06,9,12
1277,9.741027427425538,9.188558252847429,1e-06,9,13
1278,9.726816376179496,9.169777073863951,1e-06,9,14
1279,9.707930891177046,9.158450897256465,1e-06,9,15
1280,10.970045320903184,8.878385464278121,3.162277660168379e-06,0,0
1281,10.330062221648388,9.08944285253706,3.162277660168379e-06,0,1
1282,10.32834169508978,9.246544800095643,3.162277660168379e-06,0,2
1283,10.31991757101712,9.368984010658536,3.162277660168379e-06,0,3
1284,10.270950571122098,9.452066815585106,3.162277660168379e-06,0,4
1285,10.268680556499133,9.519435637636992,3.162277660168379e-06,0,5
1286,10.25901289653662,9.57274119904883,3.162277660168379e-06,0,6
1287,10.209050420242123,9.60238178041257,3.162277660168379e-06,0,7
1288,10.201336757468727,9.624927260288676,3.162277660168379e-06,0,8
1289,10.19073236682086,9.646086155042216,3.162277660168379e-06,0,9
1290,10.122577828382902,9.648207173782316,3.162277660168379e-06,0,10
1291,10.105648867973482,9.65291363394546,3.162277660168379e-06,0,11
1292,10.100601766620484,9.650109319963672,3.162277660168379e-06,0,12
1293,9.943167382634693,9.623696298366204,3.162277660168379e-06,0,13
1294,9.915212618532104,9.60429395333838,3.162277660168379e-06,0,14
1295,9.8899469755261,9.578333734850302,3.162277660168379e-06,0,15
1296,10.970045320903184,8.879323873428218,3.162277660168379e-06,1,0
1297,10.330835259041937,9.094050105690563,3.162277660168379e-06,1,1
1298,10.32637738719164,9.247386938629594,3.162277660168379e-06,1,2
1299,10.31908150971688,9.36919374971088,3.162277660168379e-06,1,3
1300,10.273958517398844,9.448268989300166,3.162277660168379e-06,1,4
1301,10.27108189603868,9.51382349616112,3.162277660168379e-06,1,5
1302,10.261443551956614,9.57515479705052,3.162277660168379e-06,1,6
1303,10.210649022918062,9.597590372209654,3.162277660168379e-06,1,7
1304,10.197880187958903,9.629078057894706,3.162277660168379e-06,1,8
1305,10.19317973267032,9.65588230154158,3.162277660168379e-06,1,9
1306,10.115463939069524,9.652294224016556,3.162277660168379e-06,1,10
1307,10.104485644275757,9.651461086586504,3.162277660168379e-06,1,11
1308,10.093750503046437,9.648521377884435,3.162277660168379e-06,1,12
1309,9.935541372307643,9.619860956455096,3.162277660168379e-06,1,13
1310,9.922716306140234,9.59847387635331,3.162277660168379e-06,1,14
1311,9.893233991697564,9.569382033131536,3.162277660168379e-06,1,15
1312,10.970045320903184,8.879065442769686,3.162277660168379e-06,2,0
1313,10.34025704233326,9.084133685248938,3.162277660168379e-06,2,1
1314,10.32792536979424,9.237617950817851,3.162277660168379e-06,2,2
1315,10.32248050157706,9.356093042583865,3.162277660168379e-06,2,3
1316,10.274424663271445,9.442799503072148,3.162277660168379e-06,2,4
1317,10.271418432550036,9.51535095109694,3.162277660168379e-06,2,5
1318,10.264737689443557,9.565263722320774,3.162277660168379e-06,2,6
1319,10.213657309471127,9.597134930723913,3.162277660168379e-06,2,7
1320,10.201146954711572,9.627181238560578,3.162277660168379e-06,2,8
1321,10.195984231277915,9.65047329611586,3.162277660168379e-06,2,9
1322,10.11825017347814,9.653344160452365,3.162277660168379e-06,2,10
1323,10.110486048125551,9.650579112093748,3.162277660168379e-06,2,11
1324,10.09223369062854,9.64929710905476,3.162277660168379e-06,2,12
1325,9.942533956719194,9.620131284597235,3.162277660168379e-06,2,13
1326,9.919194002701492,9.599478702676668,3.162277660168379e-06,2,14
1327,9.898836279792633,9.571879298840669,3.162277660168379e-06,2,15
1328,10.970045320903184,8.88312257548245,3.162277660168379e-06,3,0
1329,10.33601449879213,9.090492785440611,3.162277660168379e-06,3,1
1330,10.324266540153806,9.244698901353877,3.162277660168379e-06,3,2
1331,10.323677500666552,9.359786445626831,3.162277660168379e-06,3,3
1332,10.27093734540042,9.44087759177965,3.162277660168379e-06,3,4
1333,10.26509351631987,9.508397727661787,3.162277660168379e-06,3,5
1334,10.262667596301398,9.565208563360278,3.162277660168379e-06,3,6
1335,10.206181375979067,9.597084725937735,3.162277660168379e-06,3,7
1336,10.199978913759434,9.618751429277667,3.162277660168379e-06,3,8
1337,10.187136898845344,9.64391073717639,3.162277660168379e-06,3,9
1338,10.116305868850793,9.653869913972816,3.162277660168379e-06,3,10
1339,10.106790930840043,9.646558787158476,3.162277660168379e-06,3,11
1340,10.09385235253506,9.646130610136254,3.162277660168379e-06,3,12
1341,9.947638378533808,9.620672815745138,3.162277660168379e-06,3,13
1342,9.93187232675256,9.606055528639825,3.162277660168379e-06,3,14
1343,9.912782176619675,9.585798816116132,3.162277660168379e-06,3,15
1344,10.970045320903184,8.87678205009549,3.162277660168379e-06,4,0
1345,10.333239652340422,9.094372103133278,3.162277660168379e-06,4,1
1346,10.328874175382472,9.251189734696144,3.162277660168379e-06,4,2
1347,10.31959943490915,9.378877593652486,3.162277660168379e-06,4,3
1348,10.271295224215107,9.454024671311844,3.162277660168379e-06,4,4
1349,10.26755348963441,9.523967056098808,3.162277660168379e-06,4,5
1350,10.257322529300213,9.56952043072396,3.162277660168379e-06,4,6
1351,10.205792744391903,9.600110960691415,3.162277660168379e-06,4,7
1352,10.20866166625126,9.6278003832369,3.162277660168379e-06,4,8
1353,10.192570996150826,9.645720347950434,3.162277660168379e-06,4,9
1354,10.119147874614724,9.64512307757444,3.162277660168379e-06,4,10
1355,10.111988938284057,9.647812462670062,3.162277660168379e-06,4,11
1356,10.098908688849178,9.652316958038162,3.162277660168379e-06,4,12
1357,9.947876471394425,9.627048381292806,3.162277660168379e-06,4,13
1358,9.928024609229375,9.605546950689792,3.162277660168379e-06,4,14
1359,9.900097070914816,9.582004118466834,3.162277660168379e-06,4,15
1360,10.970045320903184,8.887248451609889,3.162277660168379e-06,5,0
1361,10.332577750263022,9.09147123614952,3.162277660168379e-06,5,1
1362,10.327080505855982,9.246142191639192,3.162277660168379e-06,5,2
1363,10.323473085693095,9.376763570939389,3.162277660168379e-06,5,3
1364,10.274642465344916,9.455928128199156,3.162277660168379e-06,5,4
1365,10.26561075381226,9.526126788003902,3.162277660168379e-06,5,5
1366,10.258990787454245,9.571914842477174,3.162277660168379e-06,5,6
1367,10.210125818196977,9.606898958435572,3.162277660168379e-06,5,7
1368,10.200774698783071,9.6253440947558,3.162277660168379e-06,5,8
1369,10.191941894641865,9.64563120962277,3.162277660168379e-06,5,9
1370,10.11088757027123,9.649293435087152,3.162277660168379e-06,5,10
1371,10.102621156359476,9.651141075287027,3.162277660168379e-06,5,11
1372,10.096161261400642,9.65612369527842,3.162277660168379e-06,5,12
1373,9.94506691661424,9.624317075794377,3.162277660168379e-06,5,13
1374,9.926924146246137,9.599187041598258,3.162277660168379e-06,5,14
1375,9.905571547181925,9.575617698817716,3.162277660168379e-06,5,15
1376,10.970045320903184,8.879334432393255,3.162277660168379e-06,6,0
1377,10.330736928242349,9.090664261462203,3.162277660168379e-06,6,1
1378,10.327444104053397,9.244178566733138,3.162277660168379e-06,6,2
1379,10.323147121936582,9.365398061689191,3.162277660168379e-06,6,3
1380,10.26736132268821,9.442788418481062,3.162277660168379e-06,6,4
1381,10.264171907801602,9.511250259381324,3.162277660168379e-06,6,5
1382,10.25749313219417,9.571836997643356,3.162277660168379e-06,6,6
1383,10.206779867377607,9.595653409618247,3.162277660168379e-06,6,7
1384,10.195919688289196,9.617986881474428,3.162277660168379e-06,6,8
1385,10.191385761454464,9.649312698315343,3.162277660168379e-06,6,9
1386,10.113898073211724,9.653657047566089,3.162277660168379e-06,6,10
1387,10.0989889440057,9.64640028399484,3.162277660168379e-06,6,11
1388,10.086807577493271,9.640231359155168,3.162277660168379e-06,6,12
1389,9.944117645783544,9.6167717934442,3.162277660168379e-06,6,13
1390,9.924223195702828,9.597933505277984,3.162277660168379e-06,6,14
1391,9.908404728920528,9.56815347954309,3.162277660168379e-06,6,15
1392,10.970045320903184,8.87499476721219,3.162277660168379e-06,7,0
1393,10.33164141812192,9.080950140897604,3.162277660168379e-06,7,1
1394,10.325585731143953,9.249979197754511,3.162277660168379e-06,7,2
1395,10.319113973493266,9.374027487425328,3.162277660168379e-06,7,3
1396,10.275665322808216,9.45528774201046,3.162277660168379e-06,7,4
1397,10.268096573629506,9.525403346208886,3.162277660168379e-06,7,5
1398,10.261905152411764,9.588129081345544,3.162277660168379e-06,7,6
1399,10.214559410408182,9.618112195808562,3.162277660168379e-06,7,7
1400,10.212724742632313,9.642291388361237,3.162277660168379e-06,7,8
1401,10.196572001756214,9.658352527464029,3.162277660168379e-06,7,9
1402,10.12448998361803,9.657857811021277,3.162277660168379e-06,7,10
1403,10.11091765125246,9.650993447354526,3.162277660168379e-06,7,11
1404,10.09912903222979,9.651514409569744,3.162277660168379e-06,7,12
1405,9.945666063518432,9.622271404419692,3.162277660168379e-06,7,13
1406,9.91743757088438,9.599804330592004,3.162277660168379e-06,7,14
1407,9.898327853723108,9.5801690787682,3.162277660168379e-06,7,15
1408,10.970045320903184,8.88122860343224,3.162277660168379e-06,8,0
1409,10.336991968799913,9.087967756505158,3.162277660168379e-06,8,1
1410,10.321371018671744,9.247222696130864,3.162277660168379e-06,8,2
1411,10.319627409545818,9.37102354038938,3.162277660168379e-06,8,3
1412,10.272800349811114,9.449620143100146,3.162277660168379e-06,8,4
1413,10.26092286177338,9.520581378394349,3.162277660168379e-06,8,5
1414,10.262623093518664,9.56754803906521,3.162277660168379e-06,8,6
1415,10.209895727909524,9.59366780317121,3.162277660168379e-06,8,7
1416,10.198662005699264,9.621612261289288,3.162277660168379e-06,8,8
1417,10.195909625053062,9.63619666810775,3.162277660168379e-06,8,9
1418,10.11417513822154,9.638828179064546,3.162277660168379e-06,8,10
1419,10.105186201461413,9.64613981841536,3.162277660168379e-06,8,11
1420,10.090212456448082,9.648270496765972,3.162277660168379e-06,8,12
1421,9.933321643371729,9.622778596985157,3.162277660168379e-06,8,13
1422,9.913340272106918,9.601358850207928,3.162277660168379e-06,8,14
1423,9.89183898433278,9.5778227829623,3.162277660168379e-06,8,15
1424,10.970045320903184,8.884307006925612,3.162277660168379e-06,9,0
1425,10.329445870427325,9.084568666346312,3.162277660168379e-06,9,1
1426,10.325110345298665,9.24386364436222,3.162277660168379e-06,9,2
1427,10.322938458878577,9.367100927969226,3.162277660168379e-06,9,3
1428,10.275453528583425,9.447158709097517,3.162277660168379e-06,9,4
1429,10.266211816081878,9.510781387400945,3.162277660168379e-06,9,5
1430,10.263025386547213,9.5722876519581,3.162277660168379e-06,9,6
1431,10.20996555282207,9.595816849916144,3.162277660168379e-06,9,7
1432,10.206194387431989,9.627963221773838,3.162277660168379e-06,9,8
1433,10.197084631410458,9.645286007622472,3.162277660168379e-06,9,9
1434,10.122087237258468,9.63985973192031,3.162277660168379e-06,9,10
1435,10.11360720610813,9.63478537825169,3.162277660168379e-06,9,11
1436,10.095252727137789,9.638815922280758,3.162277660168379e-06,9,12
1437,9.94334578783683,9.612662417208073,3.162277660168379e-06,9,13
1438,9.921364215996157,9.593844162526375,3.162277660168379e-06,9,14
1439,9.906556350485223,9.572461812147772,3.162277660168379e-06,9,15
1440,10.970045320903184,8.876666144273571,1e-05,0,0
1441,10.327530651549992,9.283301269102507,1e-05,0,1
1442,10.32574370914044,9.536247117973994,1e-05,0,2
1443,10.31866640910634,9.713271911435823,1e-05,0,3
1444,10.293402314259772,9.797185552038131,1e-05,0,4
1445,10.288721116615182,9.87711113040537,1e-05,0,5
1446,10.28044698083601,9.93087901144862,1e-05,0,6
1447,10.251704252364847,9.95070676357514,1e-05,0,7
1448,10.25413962503933,9.96731579911056,1e-05,0,8
1449,10.241274323151572,9.98445620011348,1e-05,0,9
1450,10.198316567099932,9.97421210476139,1e-05,0,10
1451,10.186160625088656,9.964548584406293,1e-05,0,11
1452,10.177856003810897,9.95832159004155,1e-05,0,12
1453,10.09556019756309,9.933284706919972,1e-05,0,13
1454,10.063302094712602,9.901738795572308,1e-05,0,14
1455,10.04707082927528,9.876872537465752,1e-05,0,15
1456,10.970045320903184,8.87186845933174,1e-05,1,0
1457,10.333694003284062,9.28240067743534,1e-05,1,1
1458,10.320865032221676,9.533783714648203,1e-05,1,2
1459,10.330309141408993,9.695775490769687,1e-05,1,3
1460,10.296092861478382,9.799831085333972,1e-05,1,4
1461,10.288558930241958,9.877834815195644,1e-05,1,5
1462,10.28880174922698,9.92830956614049,1e-05,1,6
1463,10.251536009810035,9.95447660832357,1e-05,1,7
1464,10.249129153653676,9.963950097715198,1e-05,1,8
1465,10.242422955417345,9.980831246289917,1e-05,1,9
1466,10.198021657859668,9.970101240482276,1e-05,1,10
1467,10.18234455677432,9.955148093409344,1e-05,1,11
1468,10.170180071489328,9.95134611476036,1e-05,1,12
1469,10.086234056383129,9.923051848474408,1e-05,1,13
1470,10.06651393563662,9.886711134933238,1e-05,1,14
1471,10.044171085934916,9.870237919069345,1e-05,1,15
1472,10.970045320903184,8.883877771863636,1e-05,2,0
1473,10.333148458862365,9.280806310378985,1e-05,2,1
1474,10.329992539476851,9.529224819651525,1e-05,2,2
1475,10.322546763483569,9.708663004993452,1e-05,2,3
1476,10.292482525931344,9.80848601740204,1e-05,2,4
1477,10.283769900355171,9.8808604930567,1e-05,2,5
1478,10.27886541885317,9.940327177715854,1e-05,2,6
1479,10.252123525355612,9.96338320642126,1e-05,2,7
1480,10.24282354614374,9.977004852454971,1e-05,2,8
1481,10.239467668295696,9.983720508614269,1e-05,2,9
1482,10.193579861950395,9.974075764517552,1e-05,2,10
1483,10.190626092929271,9.965092213540984,1e-05,2,11
1484,10.169870771448888,9.9557622873286,1e-05,2,12
1485,10.078903159473352,9.926198696945027,1e-05,2,13
1486,10.056236787829535,9.894685055278655,1e-05,2,14
1487,10.040987702967298,9.871905102928856,1e-05,2,15
1488,10.970045320903184,8.879652442121275,1e-05,3,0
1489,10.334595606113016,9.277029723923034,1e-05,3,1
1490,10.330701397884637,9.54809552939435,1e-05,3,2
1491,10.323676067675198,9.708560308511023,1e-05,3,3
1492,10.295192865309604,9.813442354422634,1e-05,3,4
1493,10.288369558997884,9.88678699139156,1e-05,3,5
1494,10.289562999798026,9.933678529363538,1e-05,3,6
1495,10.258928741325526,9.952737169453815,1e-05,3,7
1496,10.247592817914647,9.971168026641903,1e-05,3,8
1497,10.245611262265443,9.984060937726452,1e-05,3,9
1498,10.2063032932777,9.984930674828432,1e-05,3,10
1499,10.194881773178096,9.972443683097602,1e-05,3,11
1500,10.18458767355693,9.961654581001827,1e-05,3,12
1501,10.094478697814182,9.927670209111598,1e-05,3,13
1502,10.070566055711764,9.899301541723489,1e-05,3,14
1503,10.049151714230664,9.875191557077054,1e-05,3,15
1504,10.970045320903184,8.877252868513791,1e-05,4,0
1505,10.330936611877323,9.279347286727551,1e-05,4,1
1506,10.328884202665792,9.53335268926711,1e-05,4,2
1507,10.322386462975308,9.701238698279372,1e-05,4,3
1508,10.288399749870033,9.807501416508936,1e-05,4,4
1509,10.282452724928934,9.885732877521503,1e-05,4,5
1510,10.277664240018389,9.9384263755455,1e-05,4,6
1511,10.248998295821622,9.955013415135843,1e-05,4,7
1512,10.24290840973134,9.970027954994835,1e-05,4,8
1513,10.235021632522637,9.985046757924206,1e-05,4,9
1514,10.195613178542708,9.977700103676302,1e-05,4,10
1515,10.188635594975567,9.975172102352692,1e-05,4,11
1516,10.177039561203566,9.965700249372802,1e-05,4,12
1517,10.096762520773153,9.94061126095571,1e-05,4,13
1518,10.069644017203933,9.908983015488085,1e-05,4,14
1519,10.051927750551494,9.8868428352367,1e-05,4,15
1520,10.970045320903184,8.881308655308942,1e-05,5,0
1521,10.332647379367543,9.280924329525876,1e-05,5,1
1522,10.329837710846189,9.538213828522112,1e-05,5,2
1523,10.322044648487797,9.71232355825359,1e-05,5,3
1524,10.288373661568482,9.817400355847344,1e-05,5,4
1525,10.285975470142793,9.880467512382944,1e-05,5,5
1526,10.278555116175252,9.939643941644778,1e-05,5,6
1527,10.257983728978948,9.950844367109276,1e-05,5,7
1528,10.244374842138749,9.972892838127304,1e-05,5,8
1529,10.234757703714024,9.973886746145372,1e-05,5,9
1530,10.200355093402532,9.976355730177076,1e-05,5,10
1531,10.189635057220368,9.96905413925245,1e-05,5,11
1532,10.165873979177915,9.956990563223004,1e-05,5,12
1533,10.092256897329433,9.922479167200253,1e-05,5,13
1534,10.064813015450897,9.896511440526847,1e-05,5,14
1535,10.04506853344398,9.869050014375787,1e-05,5,15
1536,10.970045320903184,8.873851132584084,1e-05,6,0
1537,10.328851237349602,9.276718019970696,1e-05,6,1
1538,10.32448508358516,9.526076244580928,1e-05,6,2
1539,10.32208754708361,9.708347146255004,1e-05,6,3
1540,10.294053591311078,9.813477095776408,1e-05,6,4
1541,10.289308285809836,9.880319254368874,1e-05,6,5
1542,10.28353943946519,9.933720036275243,1e-05,6,6
1543,10.254868136031387,9.954686456333237,1e-05,6,7
1544,10.251028238813786,9.971299036592882,1e-05,6,8
1545,10.236782086649784,9.984037004585389,1e-05,6,9
1546,10.208446990942614,9.965114928569893,1e-05,6,10
1547,10.198759706483658,9.96779131829616,1e-05,6,11
1548,10.1789301011556,9.956956994433776,1e-05,6,12
1549,10.094725365371875,9.925296067508318,1e-05,6,13
1550,10.07486968663783,9.893987987081442,1e-05,6,14
1551,10.04886271155844,9.867439034645296,1e-05,6,15
1552,10.970045320903184,8.880867801888611,1e-05,7,0
1553,10.32933159816728,9.283681707994289,1e-05,7,1
1554,10.32526234043364,9.540551774975372,1e-05,7,2
1555,10.328116960347046,9.714254688641882,1e-05,7,3
1556,10.297496236311202,9.812832723200025,1e-05,7,4
1557,10.280291358057337,9.888566839783191,1e-05,7,5
1558,10.281385935393136,9.939697713615358,1e-05,7,6
1559,10.249409793827809,9.953879642474528,1e-05,7,7
1560,10.246175077806877,9.9729074395946,1e-05,7,8
1561,10.233002739370946,9.986144816933804,1e-05,7,9
1562,10.199425141086476,9.9780583005794,1e-05,7,10
1563,10.189309345156678,9.965869243473808,1e-05,7,11
1564,10.183767901919005,9.962947352443832,1e-05,7,12
1565,10.088215700942207,9.924940189947275,1e-05,7,13
1566,10.0681029915828,9.90222851041655,1e-05,7,14
1567,10.045830690940612,9.87438794155164,1e-05,7,15
1568,10.970045320903184,8.87815712069224,1e-05,8,0
1569,10.334710605572242,9.277349924898754,1e-05,8,1
1570,10.323944678758648,9.525442032856215,1e-05,8,2
1571,10.322476662958016,9.704508012169034,1e-05,8,3
1572,10.295987314599406,9.80249832752498,1e-05,8,4
1573,10.287903780835824,9.879429033181689,1e-05,8,5
1574,10.276178183997263,9.935345948400734,1e-05,8,6
1575,10.257367643548294,9.958828065307932,1e-05,8,7
1576,10.247750399018708,9.981888491651697,1e-05,8,8
1577,10.241969953851951,9.99027019486686,1e-05,8,9
1578,10.200981742274344,9.980601426350011,1e-05,8,10
1579,10.187644942123024,9.97373408669271,1e-05,8,11
1580,10.177881105077947,9.96846569805088,1e-05,8,12
1581,10.095463251049756,9.941950325151357,1e-05,8,13
1582,10.064636001605308,9.922149769063395,1e-05,8,14
1583,10.052189801440946,9.891094613274252,1e-05,8,15
1584,10.970045320903184,8.87955894101788,1e-05,9,0
1585,10.333704401141317,9.28644155664202,1e-05,9,1
1586,10.328892795515817,9.53334544580098,1e-05,9,2
1587,10.324256568981562,9.70981954527512,1e-05,9,3
1588,10.29450280950397,9.806310958900122,1e-05,9,4
1589,10.287994933755437,9.878652126851993,1e-05,9,5
1590,10.281708200016393,9.942892729397064,1e-05,9,6
1591,10.255125050706656,9.956844051218328,1e-05,9,7
1592,10.243982644615002,9.971963580938422,1e-05,9,8
1593,10.23527854257195,9.978090174106368,1e-05,9,9
1594,10.199144483885654,9.968969612574334,1e-05,9,10
1595,10.177980803585356,9.963084143967729,1e-05,9,11
1596,10.171823595027384,9.956943596080611,1e-05,9,12
1597,10.086953145211137,9.929938639063344,1e-05,9,13
1598,10.060218604706993,9.895461770807856,1e-05,9,14
1599,10.050354623628657,9.871152410618318,1e-05,9,15
1600,10.970045320903184,8.877214034625165,3.1622776601683795e-05,0,0
1601,10.33740674024542,9.507566734293972,3.1622776601683795e-05,0,1
1602,10.328222526596903,9.819847818182174,3.1622776601683795e-05,0,2
1603,10.32124503953246,9.995629649797488,3.1622776601683795e-05,0,3
1604,10.302522802578078,10.072013526983644,3.1622776601683795e-05,0,4
1605,10.300285699112417,10.121432179965488,3.1622776601683795e-05,0,5
1606,10.296288768288536,10.148208343600391,3.1622776601683795e-05,0,6
1607,10.280547239717718,10.15290089730608,3.1622776601683795e-05,0,7
1608,10.268580549999786,10.151213730095597,3.1622776601683795e-05,0,8
1609,10.268985837897125,10.151412844735214,3.1622776601683795e-05,0,9
1610,10.238234317194118,10.132854533655005,3.1622776601683795e-05,0,10
1611,10.2312276821369,10.11589925862534,3.1622776601683795e-05,0,11
1612,10.220028346079092,10.10293179596743,3.1622776601683795e-05,0,12
1613,10.147165166650652,10.07081356939212,3.1622776601683795e-05,0,13
1614,10.134309347347658,10.046479787696498,3.1622776601683795e-05,0,14
1615,10.117611755557366,10.023772029198511,3.1622776601683795e-05,0,15
1616,10.970045320903184,8.881794769021178,3.1622776601683795e-05,1,0
1617,10.33930846525085,9.508902620359615,3.1622776601683795e-05,1,1
1618,10.325481376257732,9.829501846227624,3.1622776601683795e-05,1,2
1619,10.314095689574074,9.997140833924144,3.1622776601683795e-05,1,3
1620,10.297804522583084,10.080994411737102,3.1622776601683795e-05,1,4
1621,10.297521310688165,10.131101656565717,3.1622776601683795e-05,1,5
1622,10.293912722043904,10.154224039404442,3.1622776601683795e-05,1,6
1623,10.279998544404627,10.153100590804716,3.1622776601683795e-05,1,7
1624,10.274092886031234,10.155679833259043,3.1622776601683795e-05,1,8
1625,10.259999493287436,10.150814131438544,3.1622776601683795e-05,1,9
1626,10.235342676943027,10.13470164109899,3.1622776601683795e-05,1,10
1627,10.219683260900933,10.120336542203852,3.1622776601683795e-05,1,11
1628,10.215916486187789,10.113232489190825,3.1622776601683795e-05,1,12
1629,10.155778377745936,10.077532416439162,3.1622776601683795e-05,1,13
1630,10.13292177769708,10.047904924175612,3.1622776601683795e-05,1,14
1631,10.108483087335475,10.027802243810925,3.1622776601683795e-05,1,15
1632,10.970045320903184,8.881559729371645,3.1622776601683795e-05,2,0
1633,10.330652857273565,9.51530353451559,3.1622776601683795e-05,2,1
1634,10.32976140837726,9.828692040043858,3.1622776601683795e-05,2,2
1635,10.327259648511106,9.997675651247182,3.1622776601683795e-05,2,3
1636,10.305972325621491,10.08221843919124,3.1622776601683795e-05,2,4
1637,10.302111766561556,10.131405949390103,3.1622776601683795e-05,2,5
1638,10.292297383306238,10.152412665193983,3.1622776601683795e-05,2,6
1639,10.280628955941662,10.15866785840924,3.1622776601683795e-05,2,7
1640,10.266515272884265,10.158302940859302,3.1622776601683795e-05,2,8
1641,10.264464050984705,10.156062242208003,3.1622776601683795e-05,2,9
1642,10.241820580785284,10.134822688085436,3.1622776601683795e-05,2,10
1643,10.224203878351734,10.135848938630962,3.1622776601683795e-05,2,11
1644,10.21549255590918,10.114187486674153,3.1622776601683795e-05,2,12
1645,10.16153680259998,10.08618738482455,3.1622776601683795e-05,2,13
1646,10.140332599528715,10.059644772203244,3.1622776601683795e-05,2,14
1647,10.123091551357165,10.039475777536223,3.1622776601683795e-05,2,15
1648,10.970045320903184,8.884719305935587,3.1622776601683795e-05,3,0
1649,10.332926059850529,9.511549537625594,3.1622776601683795e-05,3,1
1650,10.330179673549386,9.827586567660829,3.1622776601683795e-05,3,2
1651,10.31969651949134,9.99469104063617,3.1622776601683795e-05,3,3
1652,10.30460150759258,10.083461266240072,3.1622776601683795e-05,3,4
1653,10.298606268589998,10.129131813571265,3.1622776601683795e-05,3,5
1654,10.290294719431078,10.141078983010114,3.1622776601683795e-05,3,6
1655,10.277111112385148,10.150457609152571,3.1622776601683795e-05,3,7
1656,10.267734931464911,10.154864253612113,3.1622776601683795e-05,3,8
1657,10.270158081986182,10.153542044458575,3.1622776601683795e-05,3,9
1658,10.238258847339807,10.132830932893732,3.1622776601683795e-05,3,10
1659,10.228909480643487,10.128124297810846,3.1622776601683795e-05,3,11
1660,10.221674574096976,10.109699984183322,3.1622776601683795e-05,3,12
1661,10.16013597239582,10.077490659680713,3.1622776601683795e-05,3,13
1662,10.133142165597466,10.044632395878196,3.1622776601683795e-05,3,14
1663,10.116031872553885,10.019660557478996,3.1622776601683795e-05,3,15
1664,10.970045320903184,8.879686036565294,3.1622776601683795e-05,4,0
1665,10.334690461741337,9.512678518963009,3.1622776601683795e-05,4,1
1666,10.324378819129482,9.828912124832923,3.1622776601683795e-05,4,2
1667,10.323596185211738,9.995805690060251,3.1622776601683795e-05,4,3
1668,10.3030334231605,10.08377876947804,3.1622776601683795e-05,4,4
1669,10.298812612872686,10.126675590450654,3.1622776601683795e-05,4,5
1670,10.296060754726945,10.149221020329003,3.1622776601683795e-05,4,6
1671,10.276902562069282,10.154731691778087,3.1622776601683795e-05,4,7
1672,10.267989791692784,10.14901694188416,3.1622776601683795e-05,4,8
1673,10.261200615365604,10.14967273880134,3.1622776601683795e-05,4,9
1674,10.237698803158723,10.136460502883882,3.1622776601683795e-05,4,10
1675,10.227649270244475,10.114911711867862,3.1622776601683795e-05,4,11
1676,10.219582291684478,10.105315359351046,3.1622776601683795e-05,4,12
1677,10.152830583723691,10.066497075898017,3.1622776601683795e-05,4,13
1678,10.125841820618811,10.041409679263769,3.1622776601683795e-05,4,14
1679,10.115543255939103,10.019201900089456,3.1622776601683795e-05,4,15
1680,10.970045320903184,8.884102693973317,3.1622776601683795e-05,5,0
1681,10.32803728428979,9.511336546016423,3.1622776601683795e-05,5,1
1682,10.327186622301928,9.821414580441155,3.1622776601683795e-05,5,2
1683,10.32135234744324,9.995699203365325,3.1622776601683795e-05,5,3
1684,10.302598783856943,10.07424088321156,3.1622776601683795e-05,5,4
1685,10.299294909921567,10.125678396084798,3.1622776601683795e-05,5,5
1686,10.297104753078743,10.152396871657018,3.1622776601683795e-05,5,6
1687,10.272415987246074,10.162171678114962,3.1622776601683795e-05,5,7
1688,10.271346867473833,10.16059818978915,3.1622776601683795e-05,5,8
1689,10.26209751819571,10.155075808232604,3.1622776601683795e-05,5,9
1690,10.23814883729541,10.13472710157496,3.1622776601683795e-05,5,10
1691,10.22439359464739,10.120486442825593,3.1622776601683795e-05,5,11
1692,10.215394044177003,10.111156653623771,3.1622776601683795e-05,5,12
1693,10.153079813891702,10.078691475011562,3.1622776601683795e-05,5,13
1694,10.129460299369638,10.05177844328463,3.1622776601683795e-05,5,14
1695,10.11049998424574,10.027743478205386,3.1622776601683795e-05,5,15
1696,10.970045320903184,8.881359975007054,3.1622776601683795e-05,6,0
1697,10.333072392421732,9.509379062668808,3.1622776601683795e-05,6,1
1698,10.328093802504526,9.824639061996765,3.1622776601683795e-05,6,2
1699,10.32292519475033,9.9986955599419,3.1622776601683795e-05,6,3
1700,10.30911214778428,10.074673860699892,3.1622776601683795e-05,6,4
1701,10.300511752768037,10.123957680027535,3.1622776601683795e-05,6,5
1702,10.295852684638817,10.157391790516703,3.1622776601683795e-05,6,6
1703,10.28174072926532,10.151330064800517,3.1622776601683795e-05,6,7
1704,10.271996271873247,10.154360990158237,3.1622776601683795e-05,6,8
1705,10.26628439023768,10.157639625374506,3.1622776601683795e-05,6,9
1706,10.242842415237346,10.133708339385706,3.1622776601683795e-05,6,10
1707,10.2330017916293,10.121094038540646,3.1622776601683795e-05,6,11
1708,10.214289954949855,10.11044820680616,3.1622776601683795e-05,6,12
1709,10.15775970132008,10.065960045018,3.1622776601683795e-05,6,13
1710,10.139320576780918,10.032632834283016,3.1622776601683795e-05,6,14
1711,10.115435848932089,10.012405918368987,3.1622776601683795e-05,6,15
1712,10.970045320903184,8.885366975661356,3.1622776601683795e-05,7,0
1713,10.334804893776,9.51172586352966,3.1622776601683795e-05,7,1
1714,10.325130757632266,9.823704846378458,3.1622776601683795e-05,7,2
1715,10.32483241881432,9.99679304623456,3.1622776601683795e-05,7,3
1716,10.310899656819617,10.073333245771504,3.1622776601683795e-05,7,4
1717,10.298386422182428,10.12655773010752,3.1622776601683795e-05,7,5
1718,10.299739409276864,10.151597584226533,3.1622776601683795e-05,7,6
1719,10.27539873067604,10.150435718387048,3.1622776601683795e-05,7,7
1720,10.270571148025017,10.15195017522366,3.1622776601683795e-05,7,8
1721,10.267094154221695,10.15075013672196,3.1622776601683795e-05,7,9
1722,10.237053170810997,10.137397943560774,3.1622776601683795e-05,7,10
1723,10.230425711526497,10.12714126889034,3.1622776601683795e-05,7,11
1724,10.215949899756852,10.109695597122508,3.1622776601683795e-05,7,12
1725,10.1609927324128,10.083389280833275,3.1622776601683795e-05,7,13
1726,10.135310702405382,10.053520296659569,3.1622776601683795e-05,7,14
1727,10.11435894034758,10.016123469014362,3.1622776601683795e-05,7,15
1728,10.970045320903184,8.884226249981342,3.1622776601683795e-05,8,0
1729,10.333627007923225,9.50944721133934,3.1622776601683795e-05,8,1
1730,10.328977298779549,9.823818855991751,3.1622776601683795e-05,8,2
1731,10.318610494454733,9.989864075051932,3.1622776601683795e-05,8,3
1732,10.301576759969157,10.076159260241823,3.1622776601683795e-05,8,4
1733,10.296419957500785,10.126328075181137,3.1622776601683795e-05,8,5
1734,10.296972801310757,10.154071516152856,3.1622776601683795e-05,8,6
1735,10.284149851652431,10.156588001673205,3.1622776601683795e-05,8,7
1736,10.270376511036748,10.153283072407044,3.1622776601683795e-05,8,8
1737,10.259658618387402,10.148396746644195,3.1622776601683795e-05,8,9
1738,10.237012777019965,10.13970381425095,3.1622776601683795e-05,8,10
1739,10.224054912457666,10.125188379662488,3.1622776601683795e-05,8,11
1740,10.215877622577787,10.11378397998091,3.1622776601683795e-05,8,12
1741,10.156473544674451,10.079787786472735,3.1622776601683795e-05,8,13
1742,10.134293824973852,10.052914895012714,3.1622776601683795e-05,8,14
1743,10.115320764679026,10.03006543696706,3.1622776601683795e-05,8,15
1744,10.970045320903184,8.877924065439524,3.1622776601683795e-05,9,0
1745,10.341527358722583,9.511857667729435,3.1622776601683795e-05,9,1
1746,10.331285314490891,9.829638359063496,3.1622776601683795e-05,9,2
1747,10.32219535416437,10.00168782004167,3.1622776601683795e-05,9,3
1748,10.306993465869075,10.078746891364927,3.1622776601683795e-05,9,4
1749,10.299172308989602,10.130208820009488,3.1622776601683795e-05,9,5
1750,10.300285215887031,10.152778678176997,3.1622776601683795e-05,9,6
1751,10.285346327083596,10.156646293728372,3.1622776601683795e-05,9,7
1752,10.270426300933314,10.158988895406146,3.1622776601683795e-05,9,8
1753,10.270116061810803,10.157633200485432,3.1622776601683795e-05,9,9
1754,10.243896253105875,10.14525931810657,3.1622776601683795e-05,9,10
1755,10.23357447720529,10.124228986247871,3.1622776601683795e-05,9,11
1756,10.219090925974989,10.113609770211092,3.1622776601683795e-05,9,12
1757,10.159317753715348,10.078880985641298,3.1622776601683795e-05,9,13
1758,10.13736922439996,10.052891072268723,3.1622776601683795e-05,9,14
1759,10.118481345053764,10.029408344974987,3.1622776601683795e-05,9,15
1760,10.970045320903184,8.88375276702696,0.0001,0,0
1761,10.334985940581983,9.736854983827149,0.0001,0,1
1762,10.328188489105854,10.06168825323698,0.0001,0,2
1763,10.32532536504507,10.188426642686435,0.0001,0,3
1764,10.315642422526947,10.227981501723782,0.0001,0,4
1765,10.314203008264707,10.24784212954254,0.0001,0,5
1766,10.303817623332588,10.249806820516737,0.0001,0,6
1767,10.295875257581985,10.237581903219336,0.0001,0,7
1768,10.282712527202412,10.232576705752049,0.0001,0,8
1769,10.271821062979312,10.223751141544769,0.0001,0,9
1770,10.256088403992452,10.209782566731676,0.0001,0,10
1771,10.251733250333752,10.197704541639668,0.0001,0,11
1772,10.23756544904801,10.189044097936492,0.0001,0,12
1773,10.188405795736234,10.15377799835852,0.0001,0,13
1774,10.168626020925547,10.130783619821424,0.0001,0,14
1775,10.150556936582488,10.10848554080482,0.0001,0,15
1776,10.970045320903184,8.883663844681765,0.0001,1,0
1777,10.333735799000216,9.743843744244902,0.0001,1,1
1778,10.3260057899955,10.06392778484347,0.0001,1,2
1779,10.325136827747263,10.187590909199407,0.0001,1,3
1780,10.313853779788747,10.228201951427211,0.0001,1,4
1781,10.308701085352569,10.239163956206484,0.0001,1,5
1782,10.3081169833042,10.246789546656874,0.0001,1,6
1783,10.287113994013836,10.234760482226926,0.0001,1,7
1784,10.28290454585127,10.228856289895957,0.0001,1,8
1785,10.279723700239234,10.22715599616464,0.0001,1,9
1786,10.256760334708517,10.210636972595683,0.0001,1,10
1787,10.251459435214516,10.194594624856512,0.0001,1,11
1788,10.236410395904905,10.180684728117903,0.0001,1,12
1789,10.187286147165535,10.1573665111752,0.0001,1,13
1790,10.165956171624352,10.1207665310797,0.0001,1,14
1791,10.147299867688275,10.10598547214883,0.0001,1,15
1792,10.970045320903184,8.876379988664644,0.0001,2,0
1793,10.332717866429707,9.747331249589845,0.0001,2,1
1794,10.330655043131072,10.060627848001332,0.0001,2,2
1795,10.324319598543685,10.18741487874212,0.0001,2,3
1796,10.313009644770911,10.228447836425431,0.0001,2,4
1797,10.3100475890542,10.241401286252804,0.0001,2,5
1798,10.309217445018785,10.242772965046257,0.0001,2,6
1799,10.290256955601912,10.236013592971943,0.0001,2,7
1800,10.281281010398004,10.229477462200675,0.0001,2,8
1801,10.27979948705551,10.223558450927976,0.0001,2,9
1802,10.260630066137711,10.199653019878973,0.0001,2,10
1803,10.239938911472624,10.187998192297911,0.0001,2,11
1804,10.238127096591176,10.18179002348846,0.0001,2,12
1805,10.185337793346571,10.148157669452758,0.0001,2,13
1806,10.163775988407972,10.119196036167589,0.0001,2,14
1807,10.147620785630084,10.103847950676844,0.0001,2,15
1808,10.970045320903184,8.882930317896584,0.0001,3,0
1809,10.334873295593225,9.746780662539066,0.0001,3,1
1810,10.323480836952225,10.060516611450424,0.0001,3,2
1811,10.323595135714498,10.188793806442828,0.0001,3,3
1812,10.314409083536916,10.229290650052471,0.0001,3,4
1813,10.306032371515345,10.238801432721464,0.0001,3,5
1814,10.300373762037488,10.236987869194133,0.0001,3,6
1815,10.288959991247513,10.236644558616517,0.0001,3,7
1816,10.285269078946929,10.229734031800954,0.0001,3,8
1817,10.280316301397775,10.22148980725145,0.0001,3,9
1818,10.25373480249003,10.202728274927324,0.0001,3,10
1819,10.2424583953567,10.195375574227068,0.0001,3,11
1820,10.235425544092136,10.18660631231687,0.0001,3,12
1821,10.1908954983087,10.155009261734206,0.0001,3,13
1822,10.166187407049833,10.127085985445142,0.0001,3,14
1823,10.143454725758415,10.110266777845306,0.0001,3,15
1824,10.970045320903184,8.883010770924264,0.0001,4,0
1825,10.334241609702584,9.744132285074745,0.0001,4,1
1826,10.32720305495053,10.061913365999663,0.0001,4,2
1827,10.321026980832196,10.183828588738542,0.0001,4,3
1828,10.31245501880392,10.229712052059568,0.0001,4,4
1829,10.309584568006551,10.238884907715498,0.0001,4,5
1830,10.302740886735483,10.243448095143236,0.0001,4,6
1831,10.293787571635823,10.2341019713805,0.0001,4,7
1832,10.284545500563684,10.233183519067271,0.0001,4,8
1833,10.277341889735744,10.219665509675464,0.0001,4,9
1834,10.254781053186475,10.200245073850056,0.0001,4,10
1835,10.245992585300185,10.193530329121645,0.0001,4,11
1836,10.23650337576477,10.18125989330292,0.0001,4,12
1837,10.18517680152078,10.15214969576263,0.0001,4,13
1838,10.169860854447377,10.12804882050061,0.0001,4,14
1839,10.148532746744625,10.107619178846395,0.0001,4,15
1840,10.970045320903184,8.875917364296885,0.0001,5,0
1841,10.329108112656328,9.739080094455826,0.0001,5,1
1842,10.325852489561404,10.058339980734932,0.0001,5,2
1843,10.326595273259212,10.187092573725776,0.0001,5,3
1844,10.315571422855824,10.221828930941614,0.0001,5,4
1845,10.308137322961995,10.246301533672026,0.0001,5,5
1846,10.301574181906238,10.247391809381254,0.0001,5,6
1847,10.28681179617257,10.232687788449356,0.0001,5,7
1848,10.276624996246433,10.23776086460493,0.0001,5,8
1849,10.27717183354526,10.227028599150469,0.0001,5,9
1850,10.26071966855653,10.200764372647589,0.0001,5,10
1851,10.247822570157853,10.194539781684442,0.0001,5,11
1852,10.22968031292816,10.185280097116356,0.0001,5,12
1853,10.185366850657593,10.153899772160893,0.0001,5,13
1854,10.161154816529644,10.12977980576786,0.0001,5,14
1855,10.143275823933266,10.1099875784064,0.0001,5,15
1856,10.970045320903184,8.878141174842467,0.0001,6,0
1857,10.327329921219368,9.738895964681966,0.0001,6,1
1858,10.3307899511089,10.053109375201604,0.0001,6,2
1859,10.32996793198729,10.184486465566591,0.0001,6,3
1860,10.312092527342443,10.224996839593434,0.0001,6,4
1861,10.309595585313913,10.245372364763348,0.0001,6,5
1862,10.30487077843936,10.238743855571514,0.0001,6,6
1863,10.29875947768529,10.232412011190473,0.0001,6,7
1864,10.286223357893094,10.229855240184929,0.0001,6,8
1865,10.276420252349954,10.220974174689134,0.0001,6,9
1866,10.255877316242168,10.205293748500845,0.0001,6,10
1867,10.246754711771782,10.193999249411617,0.0001,6,11
1868,10.238353969668267,10.174896322870117,0.0001,6,12
1869,10.186255469282774,10.14797119778769,0.0001,6,13
1870,10.16191788304882,10.125919880119316,0.0001,6,14
1871,10.149863086730248,10.103333848362036,0.0001,6,15
1872,10.970045320903184,8.882696065012139,0.0001,7,0
1873,10.332056800890728,9.745269932080356,0.0001,7,1
1874,10.332412740577055,10.06205690376823,0.0001,7,2
1875,10.323743152944028,10.187873285085017,0.0001,7,3
1876,10.312535302242877,10.222410041850782,0.0001,7,4
1877,10.30822243609109,10.239519141911844,0.0001,7,5
1878,10.30622774655508,10.246336885354562,0.0001,7,6
1879,10.295312136771246,10.235504852860096,0.0001,7,7
1880,10.280497801608792,10.22255544416258,0.0001,7,8
1881,10.278647908661828,10.221202097349211,0.0001,7,9
1882,10.25889395664057,10.204915831747366,0.0001,7,10
1883,10.249312456049632,10.189585815120168,0.0001,7,11
1884,10.242282439845694,10.182591409622646,0.0001,7,12
1885,10.186160406582111,10.154348657346578,0.0001,7,13
1886,10.165220164399209,10.12862858490437,0.0001,7,14
1887,10.149383091537032,10.109410351075354,0.0001,7,15
1888,10.970045320903184,8.878197803288659,0.0001,8,0
1889,10.3382312593687,9.752342577681866,0.0001,8,1
1890,10.336635940858791,10.058455678015514,0.0001,8,2
1891,10.328597819944534,10.189545318575796,0.0001,8,3
1892,10.316975353008582,10.224446981875271,0.0001,8,4
1893,10.314333140170506,10.241000568972716,0.0001,8,5
1894,10.305527798688304,10.242608008437893,0.0001,8,6
1895,10.291086651782429,10.23646167552905,0.0001,8,7
1896,10.288628201170924,10.22617283101602,0.0001,8,8
1897,10.27957854704412,10.228321141132414,0.0001,8,9
1898,10.252589634344142,10.20602344894456,0.0001,8,10
1899,10.243770106544984,10.193578575156671,0.0001,8,11
1900,10.238815483764167,10.189722621223812,0.0001,8,12
1901,10.188787991182233,10.150249554651706,0.0001,8,13
1902,10.168666351687808,10.132860861199331,0.0001,8,14
1903,10.151646695706033,10.109542029015833,0.0001,8,15
1904,10.970045320903184,8.877178037163942,0.0001,9,0
1905,10.332448268824088,9.747431174182417,0.0001,9,1
1906,10.333506724602524,10.056897220996904,0.0001,9,2
1907,10.320003603624224,10.192252606963402,0.0001,9,3
1908,10.309989712203816,10.228450814451469,0.0001,9,4
1909,10.304028316145631,10.24572093200471,0.0001,9,5
1910,10.297905682913903,10.243746074344628,0.0001,9,6
1911,10.28621412796129,10.23164517535462,0.0001,9,7
1912,10.278489851575168,10.224529395376896,0.0001,9,8
1913,10.278832370996051,10.218368349229012,0.0001,9,9
1914,10.25058039721076,10.202872931106752,0.0001,9,10
1915,10.240680033105493,10.1862277442026,0.0001,9,11
1916,10.22865928181796,10.173667651471613,0.0001,9,12
1917,10.176567998966592,10.149799939162094,0.0001,9,13
1918,10.154047894917491,10.121402968534952,0.0001,9,14
1919,10.143390422109936,10.108911831741938,0.0001,9,15
1920,10.970045320903184,8.873363315523463,0.0003162277660168,0,0
1921,10.3349947008932,9.948023652836872,0.0003162277660168,0,1
1922,10.324764824647492,10.202071467527215,0.0003162277660168,0,2
1923,10.323561852770805,10.274128833226795,0.0003162277660168,0,3
1924,10.315461142249852,10.281892448921784,0.0003162277660168,0,4
1925,10.30783555997488,10.28224030958493,0.0003162277660168,0,5
1926,10.303545030350415,10.272493800418184,0.0003162277660168,0,6
1927,10.29046532988061,10.265251280886831,0.0003162277660168,0,7
1928,10.280446800378495,10.25290407412048,0.0003162277660168,0,8
1929,10.275071311070707,10.24890504255927,0.0003162277660168,0,9
1930,10.256176354150144,10.235302969715072,0.0003162277660168,0,10
1931,10.24606137449256,10.221926133684594,0.0003162277660168,0,11
1932,10.23661080489464,10.21818547111594,0.0003162277660168,0,12
1933,10.188655619568326,10.1842670460766,0.0003162277660168,0,13
1934,10.173417897804244,10.158931668364389,0.0003162277660168,0,14
1935,10.153025975850197,10.143987760580384,0.0003162277660168,0,15
1936,10.970045320903184,8.87994317227192,0.0003162277660168,1,0
1937,10.328962623639228,9.94516931857418,0.0003162277660168,1,1
1938,10.332420183629804,10.208471114928368,0.0003162277660168,1,2
1939,10.324348434204811,10.272412488162963,0.0003162277660168,1,3
1940,10.313104796763966,10.282723716623543,0.0003162277660168,1,4
1941,10.3142959804638,10.27971726042851,0.0003162277660168,1,5
1942,10.300363591725404,10.274968943267483,0.0003162277660168,1,6
1943,10.292950824380572,10.267501796661165,0.0003162277660168,1,7
1944,10.290319117081609,10.257342444072089,0.0003162277660168,1,8
1945,10.281768778631598,10.248959290809184,0.0003162277660168,1,9
1946,10.252448738306803,10.23256410841172,0.0003162277660168,1,10
1947,10.24561427119189,10.222915113809274,0.0003162277660168,1,11
1948,10.24126715963552,10.209991305873489,0.0003162277660168,1,12
1949,10.190227031210302,10.184944266940835,0.0003162277660168,1,13
1950,10.177030682756032,10.166043473297286,0.0003162277660168,1,14
1951,10.15774695559388,10.147672958124716,0.0003162277660168,1,15
1952,10.970045320903184,8.881140945987118,0.0003162277660168,2,0
1953,10.336249028628693,9.952244864133752,0.0003162277660168,2,1
1954,10.331374735445506,10.212170906014912,0.0003162277660168,2,2
1955,10.32710838152468,10.275593381923178,0.0003162277660168,2,3
1956,10.315256942376664,10.286665706756098,0.0003162277660168,2,4
1957,10.305762367213749,10.276810829732922,0.0003162277660168,2,5
1958,10.297227499939885,10.276057355115874,0.0003162277660168,2,6
1959,10.29164741946335,10.26481280860428,0.0003162277660168,2,7
1960,10.278961152333068,10.25798351775409,0.0003162277660168,2,8
1961,10.277077171527072,10.25053997964139,0.0003162277660168,2,9
1962,10.255484537373732,10.23652719144098,0.0003162277660168,2,10
1963,10.248347705825688,10.223415874020931,0.0003162277660168,2,11
1964,10.234054650800552,10.218308833962002,0.0003162277660168,2,12
1965,10.194616979586282,10.18475124357905,0.0003162277660168,2,13
1966,10.176670145202324,10.157858096644798,0.0003162277660168,2,14
1967,10.156257430527688,10.146454719108997,0.0003162277660168,2,15
1968,10.970045320903184,8.877572355389301,0.0003162277660168,3,0
1969,10.33597631103741,9.942290529477887,0.0003162277660168,3,1
1970,10.330316657630132,10.206957009570536,0.0003162277660168,3,2
1971,10.327280105588295,10.273055073812264,0.0003162277660168,3,3
1972,10.3192696544695,10.274031506712436,0.0003162277660168,3,4
1973,10.318328283103105,10.284743550264,0.0003162277660168,3,5
1974,10.31105227243259,10.279577785746945,0.0003162277660168,3,6
1975,10.299615091579591,10.263292217163944,0.0003162277660168,3,7
1976,10.284715246999289,10.261833506692952,0.0003162277660168,3,8
1977,10.280192771970476,10.251199826957418,0.0003162277660168,3,9
1978,10.261075914180426,10.240676324760916,0.0003162277660168,3,10
1979,10.24768745683634,10.225831022442334,0.0003162277660168,3,11
1980,10.240112270771368,10.21411734239577,0.0003162277660168,3,12
1981,10.201103263446866,10.182078736914145,0.0003162277660168,3,13
1982,10.18129747034949,10.171984156094911,0.0003162277660168,3,14
1983,10.154850940648696,10.15114267982986,0.0003162277660168,3,15
1984,10.970045320903184,8.87910048900326,0.0003162277660168,4,0
1985,10.33085501933988,9.951397898643194,0.0003162277660168,4,1
1986,10.329109807612186,10.201250945559702,0.0003162277660168,4,2
1987,10.322173363593654,10.273351551418614,0.0003162277660168,4,3
1988,10.31198390892276,10.28482432963635,0.0003162277660168,4,4
1989,10.307702987725165,10.282763780582464,0.0003162277660168,4,5
1990,10.304273163189706,10.276791197689112,0.0003162277660168,4,6
1991,10.288422381759942,10.263701042717209,0.0003162277660168,4,7
1992,10.285468061431189,10.256147170180732,0.0003162277660168,4,8
1993,10.27431176842802,10.246955517879265,0.0003162277660168,4,9
1994,10.261669573867584,10.23402186145098,0.0003162277660168,4,10
1995,10.243997247687506,10.220716979520668,0.0003162277660168,4,11
1996,10.241544068494113,10.212436763772969,0.0003162277660168,4,12
1997,10.188284702049932,10.1905526464334,0.0003162277660168,4,13
1998,10.173751640335189,10.16193344939296,0.0003162277660168,4,14
1999,10.151266175545308,10.14285908902394,0.0003162277660168,4,15
2000,10.970045320903184,8.885633096743824,0.0003162277660168,5,0
2001,10.331830846366874,9.950073701141358,0.0003162277660168,5,1
2002,10.331872940895504,10.20633643075696,0.0003162277660168,5,2
2003,10.321912397540462,10.27450935260585,0.0003162277660168,5,3
2004,10.31663152007164,10.2811818267638,0.0003162277660168,5,4
2005,10.309963629827829,10.279672704710618,0.0003162277660168,5,5
2006,10.306280997017172,10.278910119176343,0.0003162277660168,5,6
2007,10.292797751347806,10.267587912502504,0.0003162277660168,5,7
2008,10.286655263889685,10.26072310086018,0.0003162277660168,5,8
2009,10.28038796627582,10.24950112730878,0.0003162277660168,5,9
2010,10.260889536558738,10.235604021309134,0.0003162277660168,5,10
2011,10.247023623075648,10.22753064258319,0.0003162277660168,5,11
2012,10.237444125646071,10.211370394502016,0.0003162277660168,5,12
2013,10.190120617213893,10.188451235768758,0.0003162277660168,5,13
2014,10.181214637324947,10.16496147716302,0.0003162277660168,5,14
2015,10.159320808736632,10.150552846843247,0.0003162277660168,5,15
2016,10.970045320903184,8.874451863316457,0.0003162277660168,6,0
2017,10.333855740555746,9.949255193952824,0.0003162277660168,6,1
2018,10.32883648282425,10.202651450563913,0.0003162277660168,6,2
2019,10.321437362358012,10.27050227119017,0.0003162277660168,6,3
2020,10.317947729639933,10.287582823423618,0.0003162277660168,6,4
2021,10.314981066535296,10.282254622269807,0.0003162277660168,6,5
2022,10.302366409563252,10.279492267806702,0.0003162277660168,6,6
2023,10.292225439564175,10.268259597524228,0.0003162277660168,6,7
2024,10.283317109056451,10.259155806465866,0.0003162277660168,6,8
2025,10.277792080183447,10.244768935302403,0.0003162277660168,6,9
2026,10.262079893225476,10.231552481547864,0.0003162277660168,6,10
2027,10.24987705529863,10.2253286969568,0.0003162277660168,6,11
2028,10.241281546636348,10.213551540021522,0.0003162277660168,6,12
2029,10.187386862581498,10.191981469625564,0.0003162277660168,6,13
2030,10.178786581312789,10.171283943779382,0.0003162277660168,6,14
2031,10.157089783108246,10.148600179390575,0.0003162277660168,6,15
2032,10.970045320903184,8.87790494998284,0.0003162277660168,7,0
2033,10.334204032677183,9.950597190162298,0.0003162277660168,7,1
2034,10.32581483914371,10.207241961136422,0.0003162277660168,7,2
2035,10.321567105449088,10.26826068573759,0.0003162277660168,7,3
2036,10.31584102627076,10.27735403064553,0.0003162277660168,7,4
2037,10.311957615931142,10.280438280495211,0.0003162277660168,7,5
2038,10.30560547717796,10.269744703357574,0.0003162277660168,7,6
2039,10.297984804949012,10.265471130470806,0.0003162277660168,7,7
2040,10.28836341783838,10.25950214039472,0.0003162277660168,7,8
2041,10.28126955359891,10.253803737924008,0.0003162277660168,7,9
2042,10.25639167852322,10.235820053248162,0.0003162277660168,7,10
2043,10.249644336008302,10.217595459495794,0.0003162277660168,7,11
2044,10.247715076124454,10.208999760319337,0.0003162277660168,7,12
2045,10.199654515922202,10.18553593578492,0.0003162277660168,7,13
2046,10.176490096199888,10.161810652011686,0.0003162277660168,7,14
2047,10.16142493808454,10.14490546341574,0.0003162277660168,7,15
2048,10.970045320903184,8.877244737116268,0.0003162277660168,8,0
2049,10.335648925870204,9.951927486604086,0.0003162277660168,8,1
2050,10.332271974783184,10.208904296726878,0.0003162277660168,8,2
2051,10.33092245925371,10.272700655093198,0.0003162277660168,8,3
2052,10.315885616784987,10.282119773311274,0.0003162277660168,8,4
2053,10.31229546350459,10.284751433969015,0.0003162277660168,8,5
2054,10.308027057056838,10.279341738885526,0.0003162277660168,8,6
2055,10.29094443090605,10.263467133423404,0.0003162277660168,8,7
2056,10.287146680264268,10.265494980981344,0.0003162277660168,8,8
2057,10.279929261286496,10.248651275071756,0.0003162277660168,8,9
2058,10.261856793958268,10.241469217831677,0.0003162277660168,8,10
2059,10.25381534001527,10.226555353757592,0.0003162277660168,8,11
2060,10.242693638114538,10.213519962069013,0.0003162277660168,8,12
2061,10.19003674268991,10.184411919142518,0.0003162277660168,8,13
2062,10.170162606267676,10.174297209598624,0.0003162277660168,8,14
2063,10.16014369430173,10.148795447389316,0.0003162277660168,8,15
2064,10.970045320903184,8.882302276990641,0.0003162277660168,9,0
2065,10.333442052120049,9.952920269980726,0.0003162277660168,9,1
2066,10.327828006767042,10.207581594285708,0.0003162277660168,9,2
2067,10.320713905993795,10.268805692652828,0.0003162277660168,9,3
2068,10.311647892998614,10.27191965086085,0.0003162277660168,9,4
2069,10.302507915823442,10.27697013500827,0.0003162277660168,9,5
2070,10.30213521769795,10.27181186926288,0.0003162277660168,9,6
2071,10.289791331169203,10.26152780537987,0.0003162277660168,9,7
2072,10.28371319591502,10.253380103593306,0.0003162277660168,9,8
2073,10.274873554592707,10.248222340839414,0.0003162277660168,9,9
2074,10.259523536058754,10.23299477038513,0.0003162277660168,9,10
2075,10.240685109987718,10.2248721768159,0.0003162277660168,9,11
2076,10.24213052156621,10.223189096949993,0.0003162277660168,9,12
2077,10.199563134670136,10.185554181633902,0.0003162277660168,9,13
2078,10.176232301556784,10.167319252275298,0.0003162277660168,9,14
2079,10.159122186801484,10.150847176017594,0.0003162277660168,9,15
