,Planktonic,Disc,migration_rate,replicate,cycle
0,10.970045320903184,8.873299095313163,0.0,0,0
1,10.165986166166029,8.432515694040484,0.0,0,1
2,10.066267940229949,8.075819819959602,0.0,0,2
3,10.054510119899764,8.07212555061562,0.0,0,3
4,9.82890480779001,7.901690359749981,0.0,0,4
5,9.719096884572412,7.697633856959726,0.0,0,5
6,9.700321028978928,7.678333190668462,0.0,0,6
7,9.351078027294362,7.530227736247726,0.0,0,7
8,8.603796914315549,7.524162633826831,0.0,0,8
9,9.345196160829063,7.519290138673142,0.0,0,9
10,8.995271300938771,7.425279537223875,0.0,0,10
11,8.86958470926822,7.30328692736284,0.0,0,11
12,8.86711414964225,7.2983978704952674,0.0,0,12
13,8.276397055962752,7.232996464554508,0.0,0,13
14,8.140560729453851,7.126703648589445,0.0,0,14
15,8.133655373482267,7.126604158102801,0.0,0,15
16,10.970045320903184,8.886467800506775,0.0,1,0
17,10.16364666161368,8.436420152913213,0.0,1,1
18,10.073475977774184,8.096095262601708,0.0,1,2
19,10.04519585755752,8.089447289132378,0.0,1,3
20,9.823964080628553,7.931155052403938,0.0,1,4
21,9.72314211940244,7.730536415862783,0.0,1,5
22,9.704769878343097,7.702898185887523,0.0,1,6
23,9.361105138479196,7.549922749282885,0.0,1,7
24,8.601162882645873,7.549392239840291,0.0,1,8
25,9.349201821635749,7.544089627509982,0.0,1,9
26,9.008766056183424,7.444009444754351,0.0,1,10
27,8.877491575154455,7.306011063721874,0.0,1,11
28,8.873155929177308,7.304586520252702,0.0,1,12
29,8.282506722829762,7.239569126619877,0.0,1,13
30,8.13825186945299,7.129617349358453,0.0,1,14
31,8.125183378079372,7.125577300098252,0.0,1,15
32,10.970045320903184,8.878531249959616,0.0,2,0
33,10.16621283599699,8.429161473095814,0.0,2,1
34,10.06560268749718,8.093798409897323,0.0,2,2
35,10.062417898192308,8.084711994409503,0.0,2,3
36,9.83176173771732,7.908440517338513,0.0,2,4
37,9.729940023085266,7.719680929761638,0.0,2,5
38,9.733913092415166,7.71358265786827,0.0,2,6
39,9.364437162222384,7.563374067513896,0.0,2,7
40,8.624454599728155,7.558048288109695,0.0,2,8
41,9.358177250568138,7.554943621445819,0.0,2,9
42,9.021956421749811,7.458413562053039,0.0,2,10
43,8.885414223243165,7.335759630621621,0.0,2,11
44,8.877808088322332,7.328822765882332,0.0,2,12
45,8.30112045347592,7.246201349248972,0.0,2,13
46,8.159500349520343,7.143880685206646,0.0,2,14
47,8.144733846424177,7.138036852205427,0.0,2,15
48,10.970045320903184,8.881666541527956,0.0,3,0
49,10.161030523326271,8.450167068535857,0.0,3,1
50,10.0693849489557,8.136168847526083,0.0,3,2
51,10.058870167549212,8.118928977110523,0.0,3,3
52,9.83224334802408,7.947444646388628,0.0,3,4
53,9.72555773733172,7.744148225266319,0.0,3,5
54,9.717345602052722,7.737853215106861,0.0,3,6
55,9.365383066055854,7.593567043334837,0.0,3,7
56,8.623215569817258,7.596303864115106,0.0,3,8
57,9.361262481340638,7.589323657415079,0.0,3,9
58,9.01043124667638,7.4851165421501475,0.0,3,10
59,8.887287123187873,7.362963419780197,0.0,3,11
60,8.886003779153397,7.356688058951524,0.0,3,12
61,8.289451669758517,7.2815221001291714,0.0,3,13
62,8.154432138743713,7.19281644464056,0.0,3,14
63,8.1561063785651,7.186198350967491,0.0,3,15
64,10.970045320903184,8.885728557132758,0.0,4,0
65,10.17179633329425,8.44253560601076,0.0,4,1
66,10.084001860763015,8.094210271698467,0.0,4,2
67,10.05610656580352,8.082002914442253,0.0,4,3
68,9.83319715597683,7.920029572471121,0.0,4,4
69,9.734563941446478,7.716635455374307,0.0,4,5
70,9.72580451566045,7.69769931640699,0.0,4,6
71,9.380791615049924,7.549016028836107,0.0,4,7
72,8.628508315611628,7.537740357907587,0.0,4,8
73,9.365159646750492,7.534153884164349,0.0,4,9
74,9.029206785354951,7.447767381266419,0.0,4,10
75,8.89012845478871,7.329266280674539,0.0,4,11
76,8.880275052369253,7.319666946499882,0.0,4,12
77,8.289842997245072,7.244307584365417,0.0,4,13
78,8.129104558577918,7.13542753070198,0.0,4,14
79,8.131208744862548,7.128048254918441,0.0,4,15
80,10.970045320903184,8.880800264604586,0.0,5,0
81,10.167766111829598,8.426233230294377,0.0,5,1
82,10.068984988523454,8.087732565940835,0.0,5,2
83,10.06702661870282,8.082565391089163,0.0,5,3
84,9.846477482768826,7.903716493868489,0.0,5,4
85,9.737599629275238,7.701205150928272,0.0,5,5
86,9.725351394635895,7.680634213195884,0.0,5,6
87,9.36619658390465,7.5279419280215,0.0,5,7
88,8.616586394898343,7.532929468820604,0.0,5,8
89,9.35919009794494,7.522756097355456,0.0,5,9
90,9.014562163844367,7.431933472473024,0.0,5,10
91,8.882041975261458,7.30844763220643,0.0,5,11
92,8.883262791625864,7.308739273557195,0.0,5,12
93,8.291910942850517,7.243860954279293,0.0,5,13
94,8.162100266095333,7.128382219527571,0.0,5,14
95,8.135541410420714,7.125252390135072,0.0,5,15
96,10.970045320903184,8.88281791828662,0.0,6,0
97,10.172133917051628,8.438813317627938,0.0,6,1
98,10.072845388594333,8.102431847364745,0.0,6,2
99,10.051866506254385,8.089578752699389,0.0,6,3
100,9.829953663117738,7.929561849779792,0.0,6,4
101,9.719685938053264,7.75092197730627,0.0,6,5
102,9.722165543645929,7.728888014562467,0.0,6,6
103,9.351895147811131,7.585957387062297,0.0,6,7
104,8.606335935949717,7.580663474071757,0.0,6,8
105,9.34441799736608,7.574503275505558,0.0,6,9
106,9.009987887884602,7.481592846798422,0.0,6,10
107,8.87526614532083,7.355329606056514,0.0,6,11
108,8.867918655860725,7.3523185634621075,0.0,6,12
109,8.26973509226128,7.27810952308331,0.0,6,13
110,8.141693239894662,7.186473956886716,0.0,6,14
111,8.143056934723909,7.180805634231286,0.0,6,15
112,10.970045320903184,8.878212848454456,0.0,7,0
113,10.160211203851944,8.441479100698897,0.0,7,1
114,10.0705059567039,8.117577807757462,0.0,7,2
115,10.062794963818384,8.10822475659225,0.0,7,3
116,9.833735569302616,7.9336868554079105,0.0,7,4
117,9.729363940751377,7.742361001423117,0.0,7,5
118,9.723215993868909,7.700375099688392,0.0,7,6
119,9.371012703062904,7.561455768561478,0.0,7,7
120,8.628120980050337,7.556807764981098,0.0,7,8
121,9.366616377332308,7.553592050762061,0.0,7,9
122,9.021218551206818,7.466658970080355,0.0,7,10
123,8.883261153894495,7.3222459418670525,0.0,7,11
124,8.874333850992633,7.322683539838993,0.0,7,12
125,8.292091702997235,7.255567768674579,0.0,7,13
126,8.157272399411811,7.148698737792484,0.0,7,14
127,8.1543989477465,7.145136218039556,0.0,7,15
128,10.970045320903184,8.877771447604433,0.0,8,0
129,10.161094006544428,8.430424850400849,0.0,8,1
130,10.075459966022375,8.08582438623575,0.0,8,2
131,10.067315716540085,8.077719250931398,0.0,8,3
132,9.839652206905138,7.926033730915505,0.0,8,4
133,9.734765841606349,7.724056510512005,0.0,8,5
134,9.730950194676156,7.713374872418484,0.0,8,6
135,9.358902909728933,7.54890354558102,0.0,8,7
136,8.61598366716596,7.547605541495351,0.0,8,8
137,9.352349380514829,7.53830519594429,0.0,8,9
138,9.033350773468722,7.446049918088761,0.0,8,10
139,8.900076112049673,7.323940971925317,0.0,8,11
140,8.890593121736446,7.318578582228394,0.0,8,12
141,8.303426241086242,7.250803986920668,0.0,8,13
142,8.148348353117925,7.1647378299677404,0.0,8,14
143,8.14621970383347,7.165804102867247,0.0,8,15
144,10.970045320903184,8.880914163677806,0.0,9,0
145,10.159534503770349,8.4440570566683,0.0,9,1
146,10.074753193301463,8.100678552872468,0.0,9,2
147,10.0620723449388,8.089890163537639,0.0,9,3
148,9.841487985697045,7.909430890576162,0.0,9,4
149,9.74186457686852,7.726533139215826,0.0,9,5
150,9.72672723471845,7.714431532365194,0.0,9,6
151,9.379922261133242,7.554789808525765,0.0,9,7
152,8.628876420286668,7.550425236721912,0.0,9,8
153,9.364855688244608,7.543640157818446,0.0,9,9
154,9.022306891460142,7.457883346989284,0.0,9,10
155,8.88057446107854,7.323310705915327,0.0,9,11
156,8.871196008316149,7.314843241258472,0.0,9,12
157,8.270628278806267,7.242884175304279,0.0,9,13
158,8.139187345114326,7.136058556020931,0.0,9,14
159,8.134514071083617,7.131699143068458,0.0,9,15
160,10.970045320903184,8.875698380740506,8.035261221856161e-09,0,0
161,10.167446506208908,8.427541598987657,8.035261221856161e-09,0,1
162,10.069060520048126,8.079898669773403,8.035261221856161e-09,0,2
163,10.058857121085788,8.075830721343825,8.035261221856161e-09,0,3
164,9.824205185616997,7.894141154158395,8.035261221856161e-09,0,4
165,9.732996201791089,7.7064977767348095,8.035261221856161e-09,0,5
166,9.719615799428915,7.819575556516934,8.035261221856161e-09,0,6
167,9.386119624044714,7.620161726858699,8.035261221856161e-09,0,7
168,8.63872973685678,7.610968687660002,8.035261221856161e-09,0,8
169,9.3778376640095,7.60802675371581,8.035261221856161e-09,0,9
170,9.045599559593173,7.50368968903332,8.035261221856161e-09,0,10
171,8.911871412872772,7.376146965446154,8.035261221856161e-09,0,11
172,8.903028814578205,7.370003459896126,8.035261221856161e-09,0,12
173,8.319841799040852,7.291419815468092,8.035261221856161e-09,0,13
174,8.181141743739897,7.200748461867311,8.035261221856161e-09,0,14
175,8.174227637946238,7.190631936516938,8.035261221856161e-09,0,15
176,10.970045320903184,8.874416860223409,8.035261221856161e-09,1,0
177,10.165470804041108,8.444502311413558,8.035261221856161e-09,1,1
178,10.067713652623448,8.1175334783187,8.035261221856161e-09,1,2
179,10.066487936110908,8.112650636524759,8.035261221856161e-09,1,3
180,9.833893007261238,7.936710845573645,8.035261221856161e-09,1,4
181,9.738478134418887,7.740947382620314,8.035261221856161e-09,1,5
182,9.738582240658893,7.856339434673695,8.035261221856161e-09,1,6
183,9.40949537459656,7.64849033691359,8.035261221856161e-09,1,7
184,8.665649013171814,7.6396573104492544,8.035261221856161e-09,1,8
185,9.396778602189777,7.634737344830487,8.035261221856161e-09,1,9
186,9.067147755471362,7.5215599654639425,8.035261221856161e-09,1,10
187,8.92983795660497,7.391373945888532,8.035261221856161e-09,1,11
188,8.909642903716076,7.39028442499373,8.035261221856161e-09,1,12
189,8.34013227761316,7.296092186789639,8.035261221856161e-09,1,13
190,8.182787147012645,7.1962084349224735,8.035261221856161e-09,1,14
191,8.177700495323398,7.192941311319278,8.035261221856161e-09,1,15
192,10.970045320903184,8.880794789564373,8.035261221856161e-09,2,0
193,10.167445525830804,8.424888735235486,8.035261221856161e-09,2,1
194,10.079111863150562,8.116445967074375,8.035261221856161e-09,2,2
195,10.060194090118634,8.106014672568538,8.035261221856161e-09,2,3
196,9.839732531288986,7.936954944146221,8.035261221856161e-09,2,4
197,9.733504907591207,7.755206662028978,8.035261221856161e-09,2,5
198,9.73522399100482,7.86021680241333,8.035261221856161e-09,2,6
199,9.407753779172582,7.655506188670593,8.035261221856161e-09,2,7
200,8.634719819172773,7.648949871357725,8.035261221856161e-09,2,8
201,9.393723011015805,7.646728387482137,8.035261221856161e-09,2,9
202,9.079624819461907,7.53062447367018,8.035261221856161e-09,2,10
203,8.93467677065634,7.389786942884433,8.035261221856161e-09,2,11
204,8.928785856692903,7.389399379634914,8.035261221856161e-09,2,12
205,8.36125408603225,7.30299982754749,8.035261221856161e-09,2,13
206,8.209049429567138,7.17337822954156,8.035261221856161e-09,2,14
207,8.180749500772466,7.171255321211362,8.035261221856161e-09,2,15
208,10.970045320903184,8.876233498444169,8.035261221856161e-09,3,0
209,10.170030708207364,8.44387488894505,8.035261221856161e-09,3,1
210,10.082095436021312,8.105240386397773,8.035261221856161e-09,3,2
211,10.06197008646575,8.10225634464294,8.035261221856161e-09,3,3
212,9.831665306130995,7.923603847125467,8.035261221856161e-09,3,4
213,9.722269770451542,7.743371651203613,8.035261221856161e-09,3,5
214,9.718689531902244,7.844934439889869,8.035261221856161e-09,3,6
215,9.392959506056847,7.659327301269931,8.035261221856161e-09,3,7
216,8.614718888803166,7.657801158507885,8.035261221856161e-09,3,8
217,9.36824157296502,7.6506562489453085,8.035261221856161e-09,3,9
218,9.043987965354807,7.540245848010706,8.035261221856161e-09,3,10
219,8.900804014107177,7.387210754467457,8.035261221856161e-09,3,11
220,8.9016787398763,7.383747177338231,8.035261221856161e-09,3,12
221,8.331475142621775,7.303035521677287,8.035261221856161e-09,3,13
222,8.179637835950349,7.190393500026199,8.035261221856161e-09,3,14
223,8.17519068593284,7.184765120136053,8.035261221856161e-09,3,15
224,10.970045320903184,8.879295024497635,8.035261221856161e-09,4,0
225,10.162374846828753,8.44296498576536,8.035261221856161e-09,4,1
226,10.076337377890033,8.134401165093754,8.035261221856161e-09,4,2
227,10.063865882770656,8.125877870640837,8.035261221856161e-09,4,3
228,9.840004951060164,7.930903564023793,8.035261221856161e-09,4,4
229,9.727883344058636,7.747875733530915,8.035261221856161e-09,4,5
230,9.720539568798037,7.854739781833576,8.035261221856161e-09,4,6
231,9.390707428356594,7.654621442997871,8.035261221856161e-09,4,7
232,8.623259425268033,7.64635553791573,8.035261221856161e-09,4,8
233,9.382065021443507,7.645368676157491,8.035261221856161e-09,4,9
234,9.052589189801893,7.537006848216278,8.035261221856161e-09,4,10
235,8.919877738024283,7.416040499279985,8.035261221856161e-09,4,11
236,8.906278725264206,7.414057559808396,8.035261221856161e-09,4,12
237,8.339508135828305,7.341905976982884,8.035261221856161e-09,4,13
238,8.191021807357707,7.246264989625721,8.035261221856161e-09,4,14
239,8.185845197179635,7.245376803164646,8.035261221856161e-09,4,15
240,10.970045320903184,8.880842524038643,8.035261221856161e-09,5,0
241,10.169850904924736,8.42803994037495,8.035261221856161e-09,5,1
242,10.069783556068698,8.09442757494319,8.035261221856161e-09,5,2
243,10.058747161144034,8.082618015546643,8.035261221856161e-09,5,3
244,9.832050720992244,7.887239609291005,8.035261221856161e-09,5,4
245,9.736707879909202,7.698716251209458,8.035261221856161e-09,5,5
246,9.724831306595568,7.812874081057604,8.035261221856161e-09,5,6
247,9.38799345489968,7.611380007496126,8.035261221856161e-09,5,7
248,8.623926688766646,7.606568688905418,8.035261221856161e-09,5,8
249,9.375035617256591,7.598043512614821,8.035261221856161e-09,5,9
250,9.053233668534924,7.496894774991607,8.035261221856161e-09,5,10
251,8.911367906763825,7.369857707224594,8.035261221856161e-09,5,11
252,8.904514458142557,7.368955507593833,8.035261221856161e-09,5,12
253,8.309117965062288,7.280298651957354,8.035261221856161e-09,5,13
254,8.156847758802162,7.193545956993816,8.035261221856161e-09,5,14
255,8.161231429640685,7.188132964002562,8.035261221856161e-09,5,15
256,10.970045320903184,8.88089260672628,8.035261221856161e-09,6,0
257,10.171641032400505,8.439594640910817,8.035261221856161e-09,6,1
258,10.07094059186388,8.108587654546,8.035261221856161e-09,6,2
259,10.059673545931243,8.104147858904135,8.035261221856161e-09,6,3
260,9.83003981523844,7.93186018516676,8.035261221856161e-09,6,4
261,9.72361272196254,7.751188143605328,8.035261221856161e-09,6,5
262,9.723761086038172,7.850479014800771,8.035261221856161e-09,6,6
263,9.386637773648117,7.647846311049518,8.035261221856161e-09,6,7
264,8.625490582314534,7.643919149216908,8.035261221856161e-09,6,8
265,9.374987204458112,7.639785649957892,8.035261221856161e-09,6,9
266,9.047887657258377,7.535104331733659,8.035261221856161e-09,6,10
267,8.911870505741748,7.408215261076221,8.035261221856161e-09,6,11
268,8.912578256208823,7.40581266698425,8.035261221856161e-09,6,12
269,8.352175773358967,7.321520120343072,8.035261221856161e-09,6,13
270,8.195820017710865,7.214376835074618,8.035261221856161e-09,6,14
271,8.194876446153168,7.211454337665498,8.035261221856161e-09,6,15
272,10.970045320903184,8.878904647398755,8.035261221856161e-09,7,0
273,10.172155501325523,8.4331419510361,8.035261221856161e-09,7,1
274,10.066278741903412,8.096022411536406,8.035261221856161e-09,7,2
275,10.067013428463484,8.092593145997196,8.035261221856161e-09,7,3
276,9.832674646871135,7.914761443694056,8.035261221856161e-09,7,4
277,9.728716410903914,7.742861443986036,8.035261221856161e-09,7,5
278,9.727552527771891,7.849282626359595,8.035261221856161e-09,7,6
279,9.385131528029712,7.664538321022701,8.035261221856161e-09,7,7
280,8.620471528347435,7.65973240281895,8.035261221856161e-09,7,8
281,9.37507405700422,7.65974493967713,8.035261221856161e-09,7,9
282,9.061787231208656,7.54624309137993,8.035261221856161e-09,7,10
283,8.928289284742197,7.417897699644142,8.035261221856161e-09,7,11
284,8.916507223781682,7.417268255525349,8.035261221856161e-09,7,12
285,8.332968919076121,7.328881739903175,8.035261221856161e-09,7,13
286,8.177535525456332,7.216215657732607,8.035261221856161e-09,7,14
287,8.173992013165766,7.218081010694005,8.035261221856161e-09,7,15
288,10.970045320903184,8.886531667478526,8.035261221856161e-09,8,0
289,10.165189526129112,8.446137770992582,8.035261221856161e-09,8,1
290,10.081856807191256,8.130550568634812,8.035261221856161e-09,8,2
291,10.056853572680073,8.117171733809917,8.035261221856161e-09,8,3
292,9.835642628155464,7.939019944904156,8.035261221856161e-09,8,4
293,9.724652379678425,7.74955575921717,8.035261221856161e-09,8,5
294,9.71853166669599,7.856534284634712,8.035261221856161e-09,8,6
295,9.380488904171258,7.6744994202522205,8.035261221856161e-09,8,7
296,8.626607058733402,7.665815566896319,8.035261221856161e-09,8,8
297,9.377947366110542,7.663774506535644,8.035261221856161e-09,8,9
298,9.057498448061844,7.568235809851402,8.035261221856161e-09,8,10
299,8.919628310382805,7.428687165457394,8.035261221856161e-09,8,11
300,8.911683056484984,7.425328765948874,8.035261221856161e-09,8,12
301,8.345151670877891,7.341700657807766,8.035261221856161e-09,8,13
302,8.200650905009855,7.233371326866833,8.035261221856161e-09,8,14
303,8.190330793178779,7.229702712213647,8.035261221856161e-09,8,15
304,10.970045320903184,8.883049634307966,8.035261221856161e-09,9,0
305,10.165460161027127,8.433844807129029,8.035261221856161e-09,9,1
306,10.075907090858337,8.085701772165324,8.035261221856161e-09,9,2
307,10.063275253075586,8.087463596404506,8.035261221856161e-09,9,3
308,9.8405698833247,7.898955005828665,8.035261221856161e-09,9,4
309,9.733941121218551,7.709075481766687,8.035261221856161e-09,9,5
310,9.726958810935134,7.826065621770166,8.035261221856161e-09,9,6
311,9.386348620373903,7.621757773745209,8.035261221856161e-09,9,7
312,8.61264168175358,7.612183656657574,8.035261221856161e-09,9,8
313,9.370911635566952,7.614015494964294,8.035261221856161e-09,9,9
314,9.04674573986464,7.506783926220841,8.035261221856161e-09,9,10
315,8.904212813263948,7.365533562324241,8.035261221856161e-09,9,11
316,8.901641009468278,7.367713969437595,8.035261221856161e-09,9,12
317,8.34268805126255,7.282416912261813,8.035261221856161e-09,9,13
318,8.20508706849943,7.179070758382481,8.035261221856161e-09,9,14
319,8.186501131623388,7.171898168484324,8.035261221856161e-09,9,15
320,10.970045320903184,8.876666144273571,1e-05,0,0
321,10.158599926297958,8.438331707870587,1e-05,0,1
322,10.073253984487511,9.740011639539889,1e-05,0,2
323,10.134773892899508,9.801333911729769,1e-05,0,3
324,9.982713629368432,9.01299522481676,1e-05,0,4
325,9.86495940038513,9.652615193213151,1e-05,0,5
326,9.934006630768671,9.91251533105116,1e-05,0,6
327,9.817743759882434,9.121986622209263,1e-05,0,7
328,8.812577148851052,9.119890306202716,1e-05,0,8
329,9.797752713214452,9.2917134572194,1e-05,0,9
330,9.65980167928068,8.812999641254383,1e-05,0,10
331,9.4329644148867,9.234859126861997,1e-05,0,11
332,9.510535173253716,9.259780295766031,1e-05,0,12
333,9.375968637365062,8.771977121661102,1e-05,0,13
334,9.006144283865275,8.889096524250116,1e-05,0,14
335,9.102200919902078,8.904967053392978,1e-05,0,15
336,10.970045320903184,8.87186845933174,1e-05,1,0
337,10.160130781826055,8.426295706210754,1e-05,1,1
338,10.07315529869994,9.733802030937328,1e-05,1,2
339,10.132562893496912,9.804396910427757,1e-05,1,3
340,9.981331461065777,9.006132470492561,1e-05,1,4
341,9.865119690277387,9.641313593963764,1e-05,1,5
342,9.9325238215479,9.90509243553992,1e-05,1,6
343,9.812644988731234,9.122828766948354,1e-05,1,7
344,8.807199574803539,9.11532877350248,1e-05,1,8
345,9.804492411249411,9.28866800394564,1e-05,1,9
346,9.662633482157023,8.812374849659319,1e-05,1,10
347,9.42077403993606,9.21939125329755,1e-05,1,11
348,9.501814522061965,9.2591890594623,1e-05,1,12
349,9.356973335717337,8.771960753326814,1e-05,1,13
350,8.979402166943494,8.876910376086546,1e-05,1,14
351,9.075062810913725,8.89559411417347,1e-05,1,15
352,10.970045320903184,8.883877771863636,1e-05,2,0
353,10.161097793565755,8.430682726649179,1e-05,2,1
354,10.068780704545222,9.738600351335718,1e-05,2,2
355,10.132857252104433,9.79703162808761,1e-05,2,3
356,9.987904609862651,9.021088915723364,1e-05,2,4
357,9.87587302525425,9.659804610616993,1e-05,2,5
358,9.938527082176416,9.914879261772212,1e-05,2,6
359,9.820272129929563,9.126806338608375,1e-05,2,7
360,8.806477913895558,9.120584784556492,1e-05,2,8
361,9.801404311383228,9.29213744863123,1e-05,2,9
362,9.665771971146608,8.809040165419793,1e-05,2,10
363,9.4182899636615,9.2272692469321,1e-05,2,11
364,9.497765861995331,9.258079265543406,1e-05,2,12
365,9.363320290724978,8.773159424729396,1e-05,2,13
366,8.973638955325404,8.878226917613686,1e-05,2,14
367,9.074497174263378,8.895892617044664,1e-05,2,15
368,10.970045320903184,8.879652442121275,1e-05,3,0
369,10.168951687029502,8.448897808077412,1e-05,3,1
370,10.073695148484148,9.73685688399108,1e-05,3,2
371,10.137253916388358,9.80790220409617,1e-05,3,3
372,9.985760150763728,9.01820849044334,1e-05,3,4
373,9.86699969715336,9.654809451226734,1e-05,3,5
374,9.932145245069863,9.9103010799587,1e-05,3,6
375,9.813283278697458,9.110868473234367,1e-05,3,7
376,8.79328010977223,9.105951583749912,1e-05,3,8
377,9.801362277836104,9.28473976685258,1e-05,3,9
378,9.664325848469945,8.801839961279525,1e-05,3,10
379,9.42471422349428,9.234643898124046,1e-05,3,11
380,9.510022873097224,9.267084079055364,1e-05,3,12
381,9.367772436264774,8.774405217890806,1e-05,3,13
382,8.983901950489443,8.870845996374559,1e-05,3,14
383,9.087003566328614,8.885832775393851,1e-05,3,15
384,10.970045320903184,8.877252868513791,1e-05,4,0
385,10.162133284570352,8.429314327515776,1e-05,4,1
386,10.076882850916656,9.732410385002744,1e-05,4,2
387,10.129987725201552,9.801790723024215,1e-05,4,3
388,9.983008571662328,8.996901112545563,1e-05,4,4
389,9.863858512599968,9.641253347146089,1e-05,4,5
390,9.927553466800711,9.905867775751297,1e-05,4,6
391,9.8147179673161,9.127269975565254,1e-05,4,7
392,8.805557374074773,9.116374321973185,1e-05,4,8
393,9.796832915059827,9.287448384405325,1e-05,4,9
394,9.661573265699923,8.8117907115613,1e-05,4,10
395,9.412667177920447,9.214764584483952,1e-05,4,11
396,9.490996734182437,9.254730492791746,1e-05,4,12
397,9.359047172924138,8.758837003593566,1e-05,4,13
398,8.983981018887173,8.86617891126069,1e-05,4,14
399,9.07159366990566,8.884597277837997,1e-05,4,15
400,10.970045320903184,8.881308655308942,1e-05,5,0
401,10.164625242181534,8.448486924368769,1e-05,5,1
402,10.07025139163562,9.738218660704671,1e-05,5,2
403,10.1329237593293,9.803487100173568,1e-05,5,3
404,9.980801275486954,9.021210488505202,1e-05,5,4
405,9.8639127140864,9.65282123503635,1e-05,5,5
406,9.927825966196512,9.901094725409816,1e-05,5,6
407,9.805813880425378,9.120391159992632,1e-05,5,7
408,8.779596657132208,9.117619960179246,1e-05,5,8
409,9.796625504645636,9.284436022565393,1e-05,5,9
410,9.67043380592252,8.803570132944934,1e-05,5,10
411,9.421044376361364,9.22722529971474,1e-05,5,11
412,9.49784660134096,9.262202927209117,1e-05,5,12
413,9.3589237938772,8.775776517497043,1e-05,5,13
414,8.983711030970676,8.889667483228974,1e-05,5,14
415,9.080371347767326,8.901968348190227,1e-05,5,15
416,10.970045320903184,8.873851132584084,1e-05,6,0
417,10.168212675456967,8.445321583904422,1e-05,6,1
418,10.062773635260791,9.75603900751253,1e-05,6,2
419,10.127646720979545,9.808786304042805,1e-05,6,3
420,9.980021910048851,9.026964318191242,1e-05,6,4
421,9.855783296316256,9.63949547966747,1e-05,6,5
422,9.926211809852258,9.904427240710197,1e-05,6,6
423,9.810905492211877,9.116456829262578,1e-05,6,7
424,8.772989799666213,9.10712478954996,1e-05,6,8
425,9.784442271153742,9.2808240414559,1e-05,6,9
426,9.655021944798778,8.813972795852054,1e-05,6,10
427,9.421379575533706,9.228715057617048,1e-05,6,11
428,9.49644737678084,9.25749969441985,1e-05,6,12
429,9.356412170571572,8.762617102967639,1e-05,6,13
430,8.980808952453412,8.878470100846746,1e-05,6,14
431,9.078451334350971,8.883795510600892,1e-05,6,15
432,10.970045320903184,8.880867801888611,1e-05,7,0
433,10.16319333092774,8.416979223878192,1e-05,7,1
434,10.073946662985978,9.74255888686735,1e-05,7,2
435,10.133167052805147,9.793799245110378,1e-05,7,3
436,9.98993356695023,9.024324959373525,1e-05,7,4
437,9.865598446712246,9.643895996152178,1e-05,7,5
438,9.93118649221581,9.908353639817944,1e-05,7,6
439,9.81318768270641,9.127849474326652,1e-05,7,7
440,8.798260604853265,9.12779773763307,1e-05,7,8
441,9.794436003083815,9.29663337374256,1e-05,7,9
442,9.660795110646886,8.824902527927332,1e-05,7,10
443,9.416953895887591,9.24031461599744,1e-05,7,11
444,9.502702420489276,9.26317552495863,1e-05,7,12
445,9.367557212503463,8.773547436858367,1e-05,7,13
446,8.996259999918731,8.888182271903158,1e-05,7,14
447,9.10132202150918,8.910476053465448,1e-05,7,15
448,10.970045320903184,8.87815712069224,1e-05,8,0
449,10.16548734175369,8.423958187110989,1e-05,8,1
450,10.080771974994102,9.74628504006721,1e-05,8,2
451,10.140011135423984,9.811306388490529,1e-05,8,3
452,9.992728222823972,9.025718669435982,1e-05,8,4
453,9.871180472329607,9.645051686342034,1e-05,8,5
454,9.93526916053236,9.913798799948395,1e-05,8,6
455,9.817680072650363,9.12320595830692,1e-05,8,7
456,8.794399676653759,9.124480910375624,1e-05,8,8
457,9.807511445438154,9.298440327911043,1e-05,8,9
458,9.665832553755912,8.824013638813001,1e-05,8,10
459,9.421598841131772,9.238904033215707,1e-05,8,11
460,9.507656438566515,9.267875058665318,1e-05,8,12
461,9.368804110104252,8.789880970017153,1e-05,8,13
462,8.998941724285078,8.890731192242287,1e-05,8,14
463,9.100568966173013,8.909127708762208,1e-05,8,15
464,10.970045320903184,8.87955894101788,1e-05,9,0
465,10.16561796038862,8.429449674242516,1e-05,9,1
466,10.068773077560095,9.727051483932277,1e-05,9,2
467,10.132986834217869,9.801016126487529,1e-05,9,3
468,9.970446827201654,9.016537371020318,1e-05,9,4
469,9.864446299010458,9.634156811755174,1e-05,9,5
470,9.93100633075028,9.905432591184832,1e-05,9,6
471,9.812468838416567,9.12363543634562,1e-05,9,7
472,8.782772044544082,9.120402934830974,1e-05,9,8
473,9.794836715965529,9.291364804034131,1e-05,9,9
474,9.663152152252009,8.807587142679525,1e-05,9,10
475,9.423449069738211,9.220360202703496,1e-05,9,11
476,9.500860069345054,9.25048379242812,1e-05,9,12
477,9.360152209323408,8.773981160287368,1e-05,9,13
478,8.993032716768777,8.88480641509878,1e-05,9,14
479,9.093078582966228,8.900752179823558,1e-05,9,15
480,10.970045320903184,8.877214034625165,3.1622776601683795e-05,0,0
481,10.174244382908029,8.435598129632613,3.1622776601683795e-05,0,1
482,10.062605669850443,9.913596410034552,3.1622776601683795e-05,0,2
483,10.12156039276102,9.968404415004867,3.1622776601683795e-05,0,3
484,9.97510502375758,9.126745891365427,3.1622776601683795e-05,0,4
485,9.85547903907812,9.77238788926849,3.1622776601683795e-05,0,5
486,9.91339932588728,9.89635562531827,3.1622776601683795e-05,0,6
487,9.79406631428699,9.138795456068443,3.1622776601683795e-05,0,7
488,8.805868849046213,9.14844904736666,3.1622776601683795e-05,0,8
489,9.78174052034588,9.40438283076513,3.1622776601683795e-05,0,9
490,9.65673616039849,8.880768566146012,3.1622776601683795e-05,0,10
491,9.425798810382249,9.356213453013115,3.1622776601683795e-05,0,11
492,9.500755851469568,9.388616467300668,3.1622776601683795e-05,0,12
493,9.405907707777132,8.84812148445803,3.1622776601683795e-05,0,13
494,9.011007069060325,9.001427140145747,3.1622776601683795e-05,0,14
495,9.108586367112814,9.014089500220203,3.1622776601683795e-05,0,15
496,10.970045320903184,8.881794769021178,3.1622776601683795e-05,1,0
497,10.168618369691025,8.457387669971018,3.1622776601683795e-05,1,1
498,10.06512376442189,9.911835268030003,3.1622776601683795e-05,1,2
499,10.112198872033538,9.96710756924251,3.1622776601683795e-05,1,3
500,9.975182989893923,9.117488881056222,3.1622776601683795e-05,1,4
501,9.847873621632912,9.769443160199916,3.1622776601683795e-05,1,5
502,9.90646579104184,9.892412735200002,3.1622776601683795e-05,1,6
503,9.788731381903585,9.117109015239448,3.1622776601683795e-05,1,7
504,8.782463896955608,9.120567969007986,3.1622776601683795e-05,1,8
505,9.77754927947046,9.39160969183906,3.1622776601683795e-05,1,9
506,9.654529392686676,8.87019996561517,3.1622776601683795e-05,1,10
507,9.415870432490824,9.343536190185484,3.1622776601683795e-05,1,11
508,9.489028030422643,9.372503867247312,3.1622776601683795e-05,1,12
509,9.389321029968832,8.857322504197944,3.1622776601683795e-05,1,13
510,9.006989728592082,8.985813064995495,3.1622776601683795e-05,1,14
511,9.100424435549208,9.001641883152383,3.1622776601683795e-05,1,15
512,10.970045320903184,8.881559729371645,3.1622776601683795e-05,2,0
513,10.160976285849536,8.430023879486127,3.1622776601683795e-05,2,1
514,10.066702853066248,9.90681898856486,3.1622776601683795e-05,2,2
515,10.110087606208248,9.958323409771026,3.1622776601683795e-05,2,3
516,9.973953751292363,9.099500158544652,3.1622776601683795e-05,2,4
517,9.853273160359263,9.754136864478427,3.1622776601683795e-05,2,5
518,9.907609479265645,9.896845869570036,3.1622776601683795e-05,2,6
519,9.795300640014633,9.10553974859065,3.1622776601683795e-05,2,7
520,8.78578892604014,9.116691010281636,3.1622776601683795e-05,2,8
521,9.772667299895256,9.376943243312574,3.1622776601683795e-05,2,9
522,9.656807318342064,8.847542878173188,3.1622776601683795e-05,2,10
523,9.422661616822978,9.338590675911997,3.1622776601683795e-05,2,11
524,9.49088015387708,9.363124806853993,3.1622776601683795e-05,2,12
525,9.38143449066965,8.842941981155112,3.1622776601683795e-05,2,13
526,8.996491497751531,8.984297496333273,3.1622776601683795e-05,2,14
527,9.096978980077017,8.998520377555803,3.1622776601683795e-05,2,15
528,10.970045320903184,8.884719305935587,3.1622776601683795e-05,3,0
529,10.161192353664894,8.433835850326743,3.1622776601683795e-05,3,1
530,10.080558170410882,9.920776682055044,3.1622776601683795e-05,3,2
531,10.125843309429102,9.974630321487584,3.1622776601683795e-05,3,3
532,9.986675695658088,9.129612802979963,3.1622776601683795e-05,3,4
533,9.860062360462,9.774928226758004,3.1622776601683795e-05,3,5
534,9.918233666360198,9.904345853916746,3.1622776601683795e-05,3,6
535,9.80528728309362,9.126623829652846,3.1622776601683795e-05,3,7
536,8.800336012262244,9.133483247414455,3.1622776601683795e-05,3,8
537,9.7811572666959,9.396374223560372,3.1622776601683795e-05,3,9
538,9.652234420756423,8.868837842666103,3.1622776601683795e-05,3,10
539,9.429555183917431,9.35149245816138,3.1622776601683795e-05,3,11
540,9.497519963981002,9.378617908782848,3.1622776601683795e-05,3,12
541,9.398660457082777,8.871441422484532,3.1622776601683795e-05,3,13
542,9.005442868405774,9.003340008678578,3.1622776601683795e-05,3,14
543,9.1123776615981,9.015159398273882,3.1622776601683795e-05,3,15
544,10.970045320903184,8.879686036565294,3.1622776601683795e-05,4,0
545,10.16837025310212,8.431104464057405,3.1622776601683795e-05,4,1
546,10.07145908602618,9.909916467888348,3.1622776601683795e-05,4,2
547,10.119229574554735,9.95947658449854,3.1622776601683795e-05,4,3
548,9.977485747962149,9.095581257733825,3.1622776601683795e-05,4,4
549,9.849395721632137,9.76815835739313,3.1622776601683795e-05,4,5
550,9.90675663227369,9.889213973982947,3.1622776601683795e-05,4,6
551,9.791250447296171,9.124776147232652,3.1622776601683795e-05,4,7
552,8.788080110630865,9.133182164127378,3.1622776601683795e-05,4,8
553,9.770105837776647,9.395351524662606,3.1622776601683795e-05,4,9
554,9.652348839893442,8.859541996342635,3.1622776601683795e-05,4,10
555,9.4202326395893,9.346586245520577,3.1622776601683795e-05,4,11
556,9.495201905292395,9.377089999266202,3.1622776601683795e-05,4,12
557,9.390427476621094,8.857906587396542,3.1622776601683795e-05,4,13
558,8.993097960731218,8.991160735242417,3.1622776601683795e-05,4,14
559,9.094110180280287,9.00578076162838,3.1622776601683795e-05,4,15
560,10.970045320903184,8.884102693973317,3.1622776601683795e-05,5,0
561,10.16633308026604,8.436253031368231,3.1622776601683795e-05,5,1
562,10.067391726934176,9.910509042482046,3.1622776601683795e-05,5,2
563,10.119044453814745,9.97235251287669,3.1622776601683795e-05,5,3
564,9.979811714499744,9.125259925761258,3.1622776601683795e-05,5,4
565,9.856161817932213,9.768143886324488,3.1622776601683795e-05,5,5
566,9.910938575744227,9.899657946696577,3.1622776601683795e-05,5,6
567,9.797568898260302,9.128649798756356,3.1622776601683795e-05,5,7
568,8.79329032914035,9.137038206066716,3.1622776601683795e-05,5,8
569,9.779690221050414,9.398951676161271,3.1622776601683795e-05,5,9
570,9.653247269936225,8.84261192266892,3.1622776601683795e-05,5,10
571,9.420635771091344,9.350871515370212,3.1622776601683795e-05,5,11
572,9.486730880704508,9.37478738822163,3.1622776601683795e-05,5,12
573,9.38070266058668,8.85983337404675,3.1622776601683795e-05,5,13
574,9.012235097655056,9.005516944925892,3.1622776601683795e-05,5,14
575,9.1064954945101,9.019115170831345,3.1622776601683795e-05,5,15
576,10.970045320903184,8.881359975007054,3.1622776601683795e-05,6,0
577,10.1680804550736,8.461405753883755,3.1622776601683795e-05,6,1
578,10.072065166385684,9.911700763397432,3.1622776601683795e-05,6,2
579,10.118651353398564,9.968576934942265,3.1622776601683795e-05,6,3
580,9.969210353250231,9.1337276569845,3.1622776601683795e-05,6,4
581,9.861994550907363,9.781779808383916,3.1622776601683795e-05,6,5
582,9.91579502657686,9.900243702768524,3.1622776601683795e-05,6,6
583,9.807394335546729,9.116933766655212,3.1622776601683795e-05,6,7
584,8.80701344053941,9.127880956679247,3.1622776601683795e-05,6,8
585,9.77940654114724,9.39775449241036,3.1622776601683795e-05,6,9
586,9.653797935288525,8.862692401940787,3.1622776601683795e-05,6,10
587,9.408914519094346,9.338624579574756,3.1622776601683795e-05,6,11
588,9.479427150458813,9.368958785451516,3.1622776601683795e-05,6,12
589,9.378718672578255,8.865169411231482,3.1622776601683795e-05,6,13
590,9.009761712417294,9.0026616495732,3.1622776601683795e-05,6,14
591,9.11398418897273,9.016614473261646,3.1622776601683795e-05,6,15
592,10.970045320903184,8.885366975661356,3.1622776601683795e-05,7,0
593,10.16051273104371,8.42727972604731,3.1622776601683795e-05,7,1
594,10.074113689072997,9.917323288719372,3.1622776601683795e-05,7,2
595,10.116532258854663,9.964231644447995,3.1622776601683795e-05,7,3
596,9.969396954359231,9.124810240475329,3.1622776601683795e-05,7,4
597,9.859449513909066,9.771303206332473,3.1622776601683795e-05,7,5
598,9.908936663847754,9.892984860925624,3.1622776601683795e-05,7,6
599,9.794220518472832,9.111119487573143,3.1622776601683795e-05,7,7
600,8.777130012664884,9.11733676939936,3.1622776601683795e-05,7,8
601,9.776654015135655,9.387243068857424,3.1622776601683795e-05,7,9
602,9.645005980838585,8.85753040462633,3.1622776601683795e-05,7,10
603,9.408690313265776,9.343117897207629,3.1622776601683795e-05,7,11
604,9.479596158873758,9.366677224776405,3.1622776601683795e-05,7,12
605,9.373051866738423,8.856837670604765,3.1622776601683795e-05,7,13
606,8.99982834906307,8.987150177498046,3.1622776601683795e-05,7,14
607,9.09750764253773,9.012099849048,3.1622776601683795e-05,7,15
608,10.970045320903184,8.884226249981342,3.1622776601683795e-05,8,0
609,10.167421830074469,8.428718032306616,3.1622776601683795e-05,8,1
610,10.068109019621687,9.909856994557398,3.1622776601683795e-05,8,2
611,10.115354606764212,9.957092065614962,3.1622776601683795e-05,8,3
612,9.972241538718231,9.123227623615591,3.1622776601683795e-05,8,4
613,9.85175694854227,9.762209094106444,3.1622776601683795e-05,8,5
614,9.905827618335673,9.894493091893189,3.1622776601683795e-05,8,6
615,9.791915499274875,9.125073239600605,3.1622776601683795e-05,8,7
616,8.824186195134851,9.141506074790286,3.1622776601683795e-05,8,8
617,9.783388046488431,9.40801810050361,3.1622776601683795e-05,8,9
618,9.66001952164419,8.870662321449474,3.1622776601683795e-05,8,10
619,9.436578613048065,9.36198312137437,3.1622776601683795e-05,8,11
620,9.50507893429464,9.391105002207729,3.1622776601683795e-05,8,12
621,9.40445742169602,8.866353707103649,3.1622776601683795e-05,8,13
622,9.01736130576566,9.005203147075308,3.1622776601683795e-05,8,14
623,9.120014250205074,9.024469712709369,3.1622776601683795e-05,8,15
624,10.970045320903184,8.877924065439524,3.1622776601683795e-05,9,0
625,10.16428973117417,8.432501550357276,3.1622776601683795e-05,9,1
626,10.082072273561016,9.91775180913364,3.1622776601683795e-05,9,2
627,10.1287548353047,9.974507556923218,3.1622776601683795e-05,9,3
628,9.985390040155629,9.135413259576872,3.1622776601683795e-05,9,4
629,9.866713412338491,9.780655670305755,3.1622776601683795e-05,9,5
630,9.92504938301065,9.90498392972696,3.1622776601683795e-05,9,6
631,9.808337082688,9.112429126137656,3.1622776601683795e-05,9,7
632,8.797666978943312,9.120711355930004,3.1622776601683795e-05,9,8
633,9.78896434402031,9.393006707819248,3.1622776601683795e-05,9,9
634,9.657324006819271,8.867976502734248,3.1622776601683795e-05,9,10
635,9.433620262709242,9.35441197835936,3.1622776601683795e-05,9,11
636,9.501669409937882,9.387233588495173,3.1622776601683795e-05,9,12
637,9.405406645562522,8.87165827403205,3.1622776601683795e-05,9,13
638,9.02108317151957,9.00916825410794,3.1622776601683795e-05,9,14
639,9.127133966740654,9.030787495033229,3.1622776601683795e-05,9,15
640,10.970045320903184,8.88375276702696,0.0001,0,0
641,10.163113409453906,8.431971722277915,0.0001,0,1
642,10.071671324541745,10.006549806588737,0.0001,0,2
643,10.103285828523491,10.038183773044327,0.0001,0,3
644,9.97269691796848,9.178162125903851,0.0001,0,4
645,9.838016044615278,9.81697596673136,0.0001,0,5
646,9.882778912692068,9.87522765575308,0.0001,0,6
647,9.770608146280477,9.127402584021116,0.0001,0,7
648,8.802394581032628,9.155521061363324,0.0001,0,8
649,9.773176461909747,9.50727987337255,0.0001,0,9
650,9.661832481649755,8.926970588291695,0.0001,0,10
651,9.419763842926852,9.411001869696042,0.0001,0,11
652,9.477409942170176,9.427838419494575,0.0001,0,12
653,9.39439429530922,8.885249248126442,0.0001,0,13
654,9.014688971383366,9.0411599287027,0.0001,0,14
655,9.093177041438103,9.052797354842374,0.0001,0,15
656,10.970045320903184,8.883663844681765,0.0001,1,0
657,10.16207599136365,8.43726635191067,0.0001,1,1
658,10.069824263727954,9.993574961161316,0.0001,1,2
659,10.09599657012641,10.033480291526216,0.0001,1,3
660,9.96899382420461,9.165622398552076,0.0001,1,4
661,9.836843194838954,9.805142334198978,0.0001,1,5
662,9.87733532340691,9.868768919723038,0.0001,1,6
663,9.764673295082291,9.093353641633724,0.0001,1,7
664,8.783092807114025,9.12040305010848,0.0001,1,8
665,9.748691295563557,9.478124211193036,0.0001,1,9
666,9.631962902420248,8.90057471804319,0.0001,1,10
667,9.398551288418288,9.383545096837263,0.0001,1,11
668,9.451795169588742,9.399727374236187,0.0001,1,12
669,9.360842687873744,8.867259449102255,0.0001,1,13
670,9.003611842831504,9.020896208890656,0.0001,1,14
671,9.07657769865656,9.034720671159729,0.0001,1,15
672,10.970045320903184,8.876379988664644,0.0001,2,0
673,10.162352288747956,8.429957089679382,0.0001,2,1
674,10.076854074704055,10.007238500764071,0.0001,2,2
675,10.10593227550605,10.041681418849024,0.0001,2,3
676,9.963580395935924,9.17849453985466,0.0001,2,4
677,9.852883767544505,9.824264550895958,0.0001,2,5
678,9.88436681436742,9.879721253690668,0.0001,2,6
679,9.775521537762282,9.124820555380484,0.0001,2,7
680,8.791535913522242,9.152499468763338,0.0001,2,8
681,9.75943090020072,9.501995003442069,0.0001,2,9
682,9.657560479837178,8.940123867642425,0.0001,2,10
683,9.425060331587044,9.411107569786584,0.0001,2,11
684,9.477761693826338,9.432802432239216,0.0001,2,12
685,9.38766573610333,8.891255161023079,0.0001,2,13
686,9.01181800081696,9.037606592655589,0.0001,2,14
687,9.099385623524954,9.05486924293421,0.0001,2,15
688,10.970045320903184,8.882930317896584,0.0001,3,0
689,10.169883114888044,8.430730185026523,0.0001,3,1
690,10.076232608637138,10.001488639049551,0.0001,3,2
691,10.10900255733266,10.042384908334745,0.0001,3,3
692,9.972485942742008,9.17978493637053,0.0001,3,4
693,9.846369637554307,9.825046861836798,0.0001,3,5
694,9.896301907798795,9.878934448433904,0.0001,3,6
695,9.778276197029497,9.105814452471188,0.0001,3,7
696,8.77691172315517,9.13444554098212,0.0001,3,8
697,9.765270749694318,9.485996543268335,0.0001,3,9
698,9.65227671827785,8.919172770045675,0.0001,3,10
699,9.414762937847254,9.393748294005857,0.0001,3,11
700,9.465413864344404,9.415540978655384,0.0001,3,12
701,9.374782985508327,8.886279987989168,0.0001,3,13
702,9.011273841408393,9.034781928995804,0.0001,3,14
703,9.084070356080586,9.048684445355912,0.0001,3,15
704,10.970045320903184,8.883010770924264,0.0001,4,0
705,10.167589926144966,8.424811067305674,0.0001,4,1
706,10.071223202759926,10.002122977920797,0.0001,4,2
707,10.099344276319911,10.03817611272209,0.0001,4,3
708,9.964375534910433,9.172877602923506,0.0001,4,4
709,9.853941474763316,9.819115059516188,0.0001,4,5
710,9.886574825267198,9.88190632976042,0.0001,4,6
711,9.773977460688624,9.119401168019582,0.0001,4,7
712,8.779787971200623,9.14790704573753,0.0001,4,8
713,9.760935859926375,9.499410341261628,0.0001,4,9
714,9.651019691738586,8.919722758566845,0.0001,4,10
715,9.425321725244984,9.412249449918454,0.0001,4,11
716,9.47617449116234,9.431405358408115,0.0001,4,12
717,9.401056814327031,8.90416785866584,0.0001,4,13
718,9.016995337926032,9.055653437008283,0.0001,4,14
719,9.103316976113742,9.067801977534709,0.0001,4,15
720,10.970045320903184,8.875917364296885,0.0001,5,0
721,10.15966540223643,8.439246528370498,0.0001,5,1
722,10.0740172890734,10.012454224815166,0.0001,5,2
723,10.09974761120402,10.042161357345504,0.0001,5,3
724,9.973405867798968,9.157179815178552,0.0001,5,4
725,9.85031521559103,9.815606451252927,0.0001,5,5
726,9.883968117542702,9.872228433929372,0.0001,5,6
727,9.772346364703804,9.11358921413599,0.0001,5,7
728,8.781842166618684,9.14669142745164,0.0001,5,8
729,9.762230366572677,9.49455063472357,0.0001,5,9
730,9.648707975232163,8.922751459979589,0.0001,5,10
731,9.41101069950158,9.402146841986916,0.0001,5,11
732,9.462493949535787,9.42327524393021,0.0001,5,12
733,9.383980799452669,8.888621412494365,0.0001,5,13
734,8.999023730118417,9.024987892790373,0.0001,5,14
735,9.082828781775266,9.043911248588255,0.0001,5,15
736,10.970045320903184,8.878141174842467,0.0001,6,0
737,10.165085141068705,8.413035607171942,0.0001,6,1
738,10.07714154856062,10.008740820533912,0.0001,6,2
739,10.115254798358558,10.044365766305477,0.0001,6,3
740,9.97699968225357,9.171529564254476,0.0001,6,4
741,9.86328354204533,9.826583491441454,0.0001,6,5
742,9.901165246819415,9.8898027943027,0.0001,6,6
743,9.79220049750904,9.121441135696566,0.0001,6,7
744,8.79281753450672,9.151847708065551,0.0001,6,8
745,9.765781269278705,9.505263122103251,0.0001,6,9
746,9.665750985706046,8.928492898882563,0.0001,6,10
747,9.425759781993264,9.40555819216534,0.0001,6,11
748,9.477528774649254,9.422873383164456,0.0001,6,12
749,9.38979199235919,8.902292511129454,0.0001,6,13
750,8.997574870783424,9.036428250980403,0.0001,6,14
751,9.08099184602474,9.042343045157311,0.0001,6,15
752,10.970045320903184,8.882696065012139,0.0001,7,0
753,10.16575907394824,8.41649464308684,0.0001,7,1
754,10.071880642368432,9.995004298661993,0.0001,7,2
755,10.100810872158666,10.03055792141374,0.0001,7,3
756,9.969836522158356,9.157162242051289,0.0001,7,4
757,9.843660826385513,9.813707887446688,0.0001,7,5
758,9.882115939225418,9.87029131159192,0.0001,7,6
759,9.769564631713203,9.098695146266254,0.0001,7,7
760,8.762821054958346,9.125322759135155,0.0001,7,8
761,9.75533076692717,9.485186326973253,0.0001,7,9
762,9.646462888963791,8.906241048412284,0.0001,7,10
763,9.405381825394024,9.393658813901284,0.0001,7,11
764,9.458738188343505,9.413757115422762,0.0001,7,12
765,9.374589517256307,8.883785826531145,0.0001,7,13
766,8.977409601322233,9.01757319792554,0.0001,7,14
767,9.064014973024944,9.026933041419973,0.0001,7,15
768,10.970045320903184,8.878197803288659,0.0001,8,0
769,10.163122164325294,8.448349695500676,0.0001,8,1
770,10.079392830400376,10.010407773754949,0.0001,8,2
771,10.106719840985743,10.04951596174666,0.0001,8,3
772,9.972692328433943,9.1768238990259,0.0001,8,4
773,9.854535161143016,9.822735018597728,0.0001,8,5
774,9.896828527977195,9.88365036922248,0.0001,8,6
775,9.7810196759823,9.126817690985936,0.0001,8,7
776,8.791057540964736,9.155194518225194,0.0001,8,8
777,9.767703744212964,9.50293300979729,0.0001,8,9
778,9.647248334379448,8.929285927118492,0.0001,8,10
779,9.421615240508528,9.417392235724607,0.0001,8,11
780,9.468227188547358,9.42503972027174,0.0001,8,12
781,9.382777515549618,8.895579119565973,0.0001,8,13
782,9.013706964411195,9.040145082419508,0.0001,8,14
783,9.091859827029586,9.049014118384214,0.0001,8,15
784,10.970045320903184,8.877178037163942,0.0001,9,0
785,10.165834769022624,8.459524443698312,0.0001,9,1
786,10.075749192191967,10.000032746754664,0.0001,9,2
787,10.104412215751983,10.038357064312722,0.0001,9,3
788,9.974381107273569,9.17533484669046,0.0001,9,4
789,9.847502079023206,9.82032146143458,0.0001,9,5
790,9.889049352526918,9.87934157939331,0.0001,9,6
791,9.780992548157124,9.101558342266358,0.0001,9,7
792,8.79297162115542,9.135593526233516,0.0001,9,8
793,9.768600758495634,9.489505903316047,0.0001,9,9
794,9.64897972774699,8.922942480834756,0.0001,9,10
795,9.413266275621504,9.40167124643246,0.0001,9,11
796,9.469584357770884,9.426388376854442,0.0001,9,12
797,9.39475851568155,8.888267924092606,0.0001,9,13
798,9.003927886043597,9.030885235250675,0.0001,9,14
799,9.08527991332852,9.04573511671226,0.0001,9,15
800,10.970045320903184,8.873363315523463,0.0003162277660168,0,0
801,10.169968667463822,8.437206063234333,0.0003162277660168,0,1
802,10.071105888835213,10.042566621247088,0.0003162277660168,0,2
803,10.092064013810242,10.065636114176364,0.0003162277660168,0,3
804,9.9551165057363,9.192961538673336,0.0003162277660168,0,4
805,9.84151569333562,9.837739992419348,0.0003162277660168,0,5
806,9.869501759802697,9.85967628972814,0.0003162277660168,0,6
807,9.761382709315688,9.103776757751644,0.0003162277660168,0,7
808,8.786728678416107,9.16347845457632,0.0003162277660168,0,8
809,9.741859965489418,9.57642523991949,0.0003162277660168,0,9
810,9.634255210622904,8.956429972662114,0.0003162277660168,0,10
811,9.402132348025402,9.40545548949953,0.0003162277660168,0,11
812,9.438350777735913,9.413351151122528,0.0003162277660168,0,12
813,9.364128545133198,8.884991474311882,0.0003162277660168,0,13
814,9.000587457057234,9.032316395985058,0.0003162277660168,0,14
815,9.052162751030425,9.040558330865323,0.0003162277660168,0,15
816,10.970045320903184,8.87994317227192,0.0003162277660168,1,0
817,10.164742686178796,8.426927889498856,0.0003162277660168,1,1
818,10.074757691571287,10.042204220725656,0.0003162277660168,1,2
819,10.095193702134075,10.05784989248412,0.0003162277660168,1,3
820,9.96436958292305,9.188230706717077,0.0003162277660168,1,4
821,9.84337547490348,9.840330939147494,0.0003162277660168,1,5
822,9.876781326242922,9.864631026719309,0.0003162277660168,1,6
823,9.76414075711681,9.115982385917077,0.0003162277660168,1,7
824,8.789754952615045,9.182729809610196,0.0003162277660168,1,8
825,9.75129309727954,9.597352238416184,0.0003162277660168,1,9
826,9.650535458373684,8.98048437789026,0.0003162277660168,1,10
827,9.426288514885249,9.428499672579823,0.0003162277660168,1,11
828,9.455764470584535,9.440092641903082,0.0003162277660168,1,12
829,9.382110743914607,8.904247936686188,0.0003162277660168,1,13
830,9.004903054727086,9.041565338014474,0.0003162277660168,1,14
831,9.06788229600192,9.053375419233952,0.0003162277660168,1,15
832,10.970045320903184,8.881140945987118,0.0003162277660168,2,0
833,10.164023776519892,8.450325020239239,0.0003162277660168,2,1
834,10.08110328415303,10.047278629298946,0.0003162277660168,2,2
835,10.097720641850922,10.069226293148068,0.0003162277660168,2,3
836,9.965083118260788,9.182391295582962,0.0003162277660168,2,4
837,9.849497338206412,9.8409447202154,0.0003162277660168,2,5
838,9.879947964772068,9.869048103148176,0.0003162277660168,2,6
839,9.76929016987693,9.118672550170768,0.0003162277660168,2,7
840,8.801384855804324,9.1764416781475,0.0003162277660168,2,8
841,9.750041684577797,9.58896698224206,0.0003162277660168,2,9
842,9.647362106956828,8.961018909822407,0.0003162277660168,2,10
843,9.404919047057444,9.414345342684507,0.0003162277660168,2,11
844,9.44233089543508,9.42614802149276,0.0003162277660168,2,12
845,9.365706517802336,8.904792543384886,0.0003162277660168,2,13
846,8.990600061114495,9.025666310808012,0.0003162277660168,2,14
847,9.046677682566386,9.033171478258662,0.0003162277660168,2,15
848,10.970045320903184,8.877572355389301,0.0003162277660168,3,0
849,10.166753727019696,8.439426997816227,0.0003162277660168,3,1
850,10.0677998199754,10.037777908085175,0.0003162277660168,3,2
851,10.098781277546296,10.064542885677229,0.0003162277660168,3,3
852,9.96426216062728,9.167348661933312,0.0003162277660168,3,4
853,9.838056942190915,9.819728220910902,0.0003162277660168,3,5
854,9.864672732629176,9.856080287441298,0.0003162277660168,3,6
855,9.757382048476616,9.08841730324405,0.0003162277660168,3,7
856,8.781912351979567,9.150095151079038,0.0003162277660168,3,8
857,9.736688347452828,9.565279487140986,0.0003162277660168,3,9
858,9.63504881901446,8.952725370834589,0.0003162277660168,3,10
859,9.407808191249227,9.410066801266254,0.0003162277660168,3,11
860,9.438664500916175,9.421656447369749,0.0003162277660168,3,12
861,9.364587288789613,8.897620395049913,0.0003162277660168,3,13
862,8.989240563351862,9.027296520274176,0.0003162277660168,3,14
863,9.048385878963236,9.033466248596802,0.0003162277660168,3,15
864,10.970045320903184,8.87910048900326,0.0003162277660168,4,0
865,10.171515096322413,8.443088392142062,0.0003162277660168,4,1
866,10.079462172172814,10.053565759865323,0.0003162277660168,4,2
867,10.09515876529714,10.075442424790996,0.0003162277660168,4,3
868,9.972666306857256,9.20712546906812,0.0003162277660168,4,4
869,9.852066745192264,9.842506514513213,0.0003162277660168,4,5
870,9.87967556246609,9.874737229169204,0.0003162277660168,4,6
871,9.762543682384749,9.107904517303842,0.0003162277660168,4,7
872,8.78920683801639,9.160140132862182,0.0003162277660168,4,8
873,9.751817562837529,9.577776015337047,0.0003162277660168,4,9
874,9.64092050840885,8.947853452478741,0.0003162277660168,4,10
875,9.406153022828889,9.410547999138204,0.0003162277660168,4,11
876,9.440849385634095,9.423527482096722,0.0003162277660168,4,12
877,9.368125735019689,8.90525005108172,0.0003162277660168,4,13
878,9.001887674223735,9.037725943124524,0.0003162277660168,4,14
879,9.061722563598384,9.045440313034948,0.0003162277660168,4,15
880,10.970045320903184,8.885633096743824,0.0003162277660168,5,0
881,10.165637062859089,8.4344931984781,0.0003162277660168,5,1
882,10.072936567998232,10.04586402421866,0.0003162277660168,5,2
883,10.0965667512007,10.065697369202734,0.0003162277660168,5,3
884,9.958056475734974,9.191928883609348,0.0003162277660168,5,4
885,9.84927937210778,9.835739489904038,0.0003162277660168,5,5
886,9.87423427028802,9.870820829788771,0.0003162277660168,5,6
887,9.767040376860823,9.110382593405166,0.0003162277660168,5,7
888,8.78765595867192,9.168295570153056,0.0003162277660168,5,8
889,9.739412755267956,9.579328779113451,0.0003162277660168,5,9
890,9.641630681977448,8.963917980706068,0.0003162277660168,5,10
891,9.4271305643914,9.43265959479307,0.0003162277660168,5,11
892,9.461029410431449,9.44834740981848,0.0003162277660168,5,12
893,9.384372450189934,8.905164515467536,0.0003162277660168,5,13
894,9.011000721014709,9.047603482535754,0.0003162277660168,5,14
895,9.069982907714392,9.053290378717149,0.0003162277660168,5,15
896,10.970045320903184,8.874451863316457,0.0003162277660168,6,0
897,10.161464149487143,8.437495661117701,0.0003162277660168,6,1
898,10.076307076920894,10.043891908519685,0.0003162277660168,6,2
899,10.096331352855088,10.06771430886923,0.0003162277660168,6,3
900,9.959814182368762,9.183334213561755,0.0003162277660168,6,4
901,9.832136667156558,9.823667861190875,0.0003162277660168,6,5
902,9.860877654738742,9.853024468576685,0.0003162277660168,6,6
903,9.75235503982211,9.099961291467372,0.0003162277660168,6,7
904,8.77612774286192,9.163029689745056,0.0003162277660168,6,8
905,9.733119268863152,9.569540060374845,0.0003162277660168,6,9
906,9.637686782769302,8.964038821270513,0.0003162277660168,6,10
907,9.410464157973497,9.41833181996564,0.0003162277660168,6,11
908,9.442529396101854,9.431771951433948,0.0003162277660168,6,12
909,9.36711875080788,8.894147199547273,0.0003162277660168,6,13
910,9.009032909938446,9.04126461851217,0.0003162277660168,6,14
911,9.061723784276284,9.049120501386076,0.0003162277660168,6,15
912,10.970045320903184,8.87790494998284,0.0003162277660168,7,0
913,10.160763122145196,8.433445009719245,0.0003162277660168,7,1
914,10.069918176838222,10.048283795592257,0.0003162277660168,7,2
915,10.091241236165942,10.0693537017592,0.0003162277660168,7,3
916,9.96997093462174,9.191587425178303,0.0003162277660168,7,4
917,9.839887970112192,9.835355570987828,0.0003162277660168,7,5
918,9.872934572681524,9.865097019181151,0.0003162277660168,7,6
919,9.759026558559071,9.100697838257378,0.0003162277660168,7,7
920,8.783081315612844,9.161484317050624,0.0003162277660168,7,8
921,9.739289866242297,9.571798629809251,0.0003162277660168,7,9
922,9.641093239862789,8.96829719604987,0.0003162277660168,7,10
923,9.400385051293512,9.40732349300866,0.0003162277660168,7,11
924,9.438300676891991,9.417369698675111,0.0003162277660168,7,12
925,9.358712262788693,8.884126562750302,0.0003162277660168,7,13
926,8.981568580033144,9.01932353495655,0.0003162277660168,7,14
927,9.041009035371346,9.027823942051274,0.0003162277660168,7,15
928,10.970045320903184,8.877244737116268,0.0003162277660168,8,0
929,10.167582331805344,8.446396895791187,0.0003162277660168,8,1
930,10.075456081473453,10.056964152390572,0.0003162277660168,8,2
931,10.098974023505656,10.077555685902087,0.0003162277660168,8,3
932,9.963701387504477,9.189547137214566,0.0003162277660168,8,4
933,9.853461135991315,9.841385566930912,0.0003162277660168,8,5
934,9.876470523610651,9.872805033309191,0.0003162277660168,8,6
935,9.769172198870056,9.112232727729838,0.0003162277660168,8,7
936,8.787777932412572,9.17369258222362,0.0003162277660168,8,8
937,9.753291873847608,9.583434519235537,0.0003162277660168,8,9
938,9.642601478471798,8.974030994356271,0.0003162277660168,8,10
939,9.414327393564342,9.42340965722853,0.0003162277660168,8,11
940,9.446641167284502,9.43334432539436,0.0003162277660168,8,12
941,9.375936686995477,8.907778696730302,0.0003162277660168,8,13
942,8.997044475852729,9.035858505948545,0.0003162277660168,8,14
943,9.056289587771564,9.045418615143085,0.0003162277660168,8,15
944,10.970045320903184,8.882302276990641,0.0003162277660168,9,0
945,10.16252988873338,8.427694214149833,0.0003162277660168,9,1
946,10.066142146558825,10.03753508872116,0.0003162277660168,9,2
947,10.085445408069004,10.062077683866171,0.0003162277660168,9,3
948,9.96013096237974,9.17009622490264,0.0003162277660168,9,4
949,9.8467786703169,9.836500867218795,0.0003162277660168,9,5
950,9.87203342952354,9.864276436472586,0.0003162277660168,9,6
951,9.7647382112959,9.10998400222022,0.0003162277660168,9,7
952,8.784822129276243,9.16742893013854,0.0003162277660168,9,8
953,9.752165486362603,9.582200757266802,0.0003162277660168,9,9
954,9.642316038141088,8.960847929524625,0.0003162277660168,9,10
955,9.413015165474418,9.405098236755968,0.0003162277660168,9,11
956,9.446815518762044,9.420702736537276,0.0003162277660168,9,12
957,9.372057114537537,8.880401186918638,0.0003162277660168,9,13
958,8.98317762469332,9.027072247358326,0.0003162277660168,9,14
959,9.046277713165807,9.02911016473313,0.0003162277660168,9,15
960,10.970045320903184,8.883381882660101,0.001,0,0
961,10.168851102780732,8.44062906561768,0.001,0,1
962,10.07992547914748,10.066856014558308,0.001,0,2
963,10.088341891757194,10.07077691270641,0.001,0,3
964,9.95716316753901,9.191289554331377,0.001,0,4
965,9.835659716103772,9.838492117182138,0.001,0,5
966,9.85663449511095,9.849056384480996,0.001,0,6
967,9.74895386072508,9.107020592474097,0.001,0,7
968,8.775416012175437,9.201724175865085,0.001,0,8
969,9.72111944185552,9.630851841963144,0.001,0,9
970,9.623683114934314,9.009839945208109,0.001,0,10
971,9.383917961302991,9.396336581375769,0.001,0,11
972,9.408312711554828,9.401370772661354,0.001,0,12
973,9.334263724290556,8.871524103267536,0.001,0,13
974,8.970535218047981,9.004118536041384,0.001,0,14
975,9.007175338547578,9.00505759586479,0.001,0,15
976,10.970045320903184,8.880686068824247,0.001,1,0
977,10.170547224918227,8.446254000845155,0.001,1,1
978,10.072125907578677,10.059880035461802,0.001,1,2
979,10.083294611333097,10.073087668856212,0.001,1,3
980,9.96124316980397,9.182941299647458,0.001,1,4
981,9.832954908373935,9.828866041527032,0.001,1,5
982,9.852453620888886,9.84655208284447,0.001,1,6
983,9.735995415625654,9.085750848009898,0.001,1,7
984,8.78104026833377,9.18767064491377,0.001,1,8
985,9.713161978776926,9.622953009889692,0.001,1,9
986,9.60665797300059,8.994144083921013,0.001,1,10
987,9.392639978317792,9.406370627678822,0.001,1,11
988,9.414226915196112,9.412764777063938,0.001,1,12
989,9.344554975196685,8.89799370959856,0.001,1,13
990,8.974042206353166,9.00906680329114,0.001,1,14
991,9.01068921566268,9.0129840471857,0.001,1,15
992,10.970045320903184,8.88012133021858,0.001,2,0
993,10.16722144867154,8.450173804578045,0.001,2,1
994,10.074489863450264,10.062802210038482,0.001,2,2
995,10.0881410231558,10.071914555900417,0.001,2,3
996,9.96339021915748,9.1860192874549,0.001,2,4
997,9.829340892645083,9.82665973101193,0.001,2,5
998,9.854316651184796,9.8465185204521,0.001,2,6
999,9.743028202314347,9.084172147074948,0.001,2,7
1000,8.784192900262772,9.188763632512316,0.001,2,8
1001,9.717363799205769,9.625978245412147,0.001,2,9
1002,9.614494906349597,9.005368643431844,0.001,2,10
1003,9.38410384968321,9.405017995403242,0.001,2,11
1004,9.407598074921538,9.404434219604434,0.001,2,12
1005,9.341196412626264,8.871193602454715,0.001,2,13
1006,8.971267669287977,8.999802620945752,0.001,2,14
1007,9.00247680524194,9.001518829836336,0.001,2,15
1008,10.970045320903184,8.873735173198236,0.001,3,0
1009,10.169898059115576,8.434494119366182,0.001,3,1
1010,10.074752602258595,10.060256739010432,0.001,3,2
1011,10.085756862589406,10.07154660589325,0.001,3,3
1012,9.9541068126963,9.192255727828806,0.001,3,4
1013,9.828267024732314,9.830818183973587,0.001,3,5
1014,9.856904225065996,9.850279891768002,0.001,3,6
1015,9.75802872391348,9.10344201083122,0.001,3,7
1016,8.755573000246716,9.19791007761562,0.001,3,8
1017,9.719857569628331,9.6276635607871,0.001,3,9
1018,9.620917084358329,9.001520629390802,0.001,3,10
1019,9.391803464243257,9.40788048617134,0.001,3,11
1020,9.416108919387469,9.41072783782734,0.001,3,12
1021,9.344826154955816,8.882297848011023,0.001,3,13
1022,8.978787628128861,9.018076148998627,0.001,3,14
1023,9.020177476941324,9.014870389771396,0.001,3,15
1024,10.970045320903184,8.876377008168824,0.001,4,0
1025,10.173720125980388,8.438310139506443,0.001,4,1
1026,10.078882624997624,10.063843973774278,0.001,4,2
1027,10.084391027657365,10.073730014210833,0.001,4,3
1028,9.95319721158778,9.196248283132467,0.001,4,4
1029,9.84016079166078,9.839623360713276,0.001,4,5
1030,9.860708090106906,9.8587595870633,0.001,4,6
1031,9.750273990621336,9.10966394441577,0.001,4,7
1032,8.777534147569602,9.213228792511828,0.001,4,8
1033,9.721872686740364,9.6419279924226,0.001,4,9
1034,9.62555358926569,9.006846625944156,0.001,4,10
1035,9.39413381814406,9.410253264913612,0.001,4,11
1036,9.419576794483037,9.416020306131175,0.001,4,12
1037,9.34792453249058,8.88865462090829,0.001,4,13
1038,8.97705774768264,9.0102393079406,0.001,4,14
1039,9.015720813394246,9.01383646016625,0.001,4,15
1040,10.970045320903184,8.877670967137583,0.001,5,0
1041,10.17047294968162,8.437091406719105,0.001,5,1
1042,10.081900624958626,10.069112968830172,0.001,5,2
1043,10.088705619694364,10.083549491526952,0.001,5,3
1044,9.956462760518123,9.19647782049218,0.001,5,4
1045,9.832310252476788,9.844013773822208,0.001,5,5
1046,9.854777722678998,9.85108315870528,0.001,5,6
1047,9.741686384847425,9.100377435117084,0.001,5,7
1048,8.78366247980809,9.2017329759335,0.001,5,8
1049,9.719297969864504,9.63225214848542,0.001,5,9
1050,9.631992286712716,8.997923031181479,0.001,5,10
1051,9.39209537534859,9.40145581850942,0.001,5,11
1052,9.417036046126222,9.409094590086651,0.001,5,12
1053,9.347817837690991,8.888487187019567,0.001,5,13
1054,8.963899680473718,9.00031791446777,0.001,5,14
1055,9.004781382209783,9.007073330083566,0.001,5,15
1056,10.970045320903184,8.87971084357616,0.001,6,0
1057,10.165256131920504,8.42502353006244,0.001,6,1
1058,10.084767330366592,10.068085413950897,0.001,6,2
1059,10.0924766849811,10.081023842587866,0.001,6,3
1060,9.9668196227068,9.187200807824942,0.001,6,4
1061,9.84385052577232,9.842365575381232,0.001,6,5
1062,9.865361918374068,9.857932527348346,0.001,6,6
1063,9.76136679113101,9.113795092702563,0.001,6,7
1064,8.772918608831052,9.211759030290748,0.001,6,8
1065,9.733542010564737,9.645038796103352,0.001,6,9
1066,9.6350381749551,9.017888674022927,0.001,6,10
1067,9.409480653490755,9.414343769963564,0.001,6,11
1068,9.422953664850372,9.417742183210624,0.001,6,12
1069,9.356471898465736,8.900976114261956,0.001,6,13
1070,8.99874846562917,9.033906529838536,0.001,6,14
1071,9.037793961100997,9.037946397457866,0.001,6,15
1072,10.970045320903184,8.879126564326008,0.001,7,0
1073,10.161641976140263,8.44225874388208,0.001,7,1
1074,10.070647576150334,10.060334438537298,0.001,7,2
1075,10.08692184705042,10.073760332681204,0.001,7,3
1076,9.956380361704731,9.190552431502187,0.001,7,4
1077,9.82778915511548,9.833638069222784,0.001,7,5
1078,9.852320845777712,9.851415520915822,0.001,7,6
1079,9.74408602537224,9.089869381660884,0.001,7,7
1080,8.777873354872478,9.185219292181191,0.001,7,8
1081,9.706069780049631,9.620224507864451,0.001,7,9
1082,9.615472687638285,8.979089744239458,0.001,7,10
1083,9.391339871364464,9.400609901887316,0.001,7,11
1084,9.40895052637491,9.40415669998991,0.001,7,12
1085,9.34745966703143,8.883845774193095,0.001,7,13
1086,8.967505952383926,9.005602634161935,0.001,7,14
1087,9.002182090162135,9.002373020104065,0.001,7,15
1088,10.970045320903184,8.880854942941028,0.001,8,0
1089,10.165662440026232,8.427910452522037,0.001,8,1
1090,10.070745815898224,10.053163907828022,0.001,8,2
1091,10.083911238502868,10.072801592845044,0.001,8,3
1092,9.955932335912005,9.16391937153228,0.001,8,4
1093,9.826807667053256,9.827255075865208,0.001,8,5
1094,9.849816217708645,9.833028531911214,0.001,8,6
1095,9.736404372651736,9.103760143787753,0.001,8,7
1096,8.763590585087949,9.192744662743936,0.001,8,8
1097,9.711208061429248,9.628257282392386,0.001,8,9
1098,9.617685352225886,9.004522771956385,0.001,8,10
1099,9.395265446592877,9.404514058991152,0.001,8,11
1100,9.415539906839957,9.410017414204567,0.001,8,12
1101,9.338541600154077,8.879512927959496,0.001,8,13
1102,8.973513608153546,9.006793167973864,0.001,8,14
1103,9.007659598805578,9.006933868817939,0.001,8,15
1104,10.970045320903184,8.877737352522447,0.001,9,0
1105,10.163847545273438,8.446202482902567,0.001,9,1
1106,10.067915563778216,10.063540968142924,0.001,9,2
1107,10.08759869535547,10.067347614172414,0.001,9,3
1108,9.952480567493009,9.17786006017996,0.001,9,4
1109,9.834934687074243,9.829090818645517,0.001,9,5
1110,9.85633846924376,9.848963613421684,0.001,9,6
1111,9.742090487149406,9.092654588662375,0.001,9,7
1112,8.7956202758584,9.195092367258123,0.001,9,8
1113,9.722027487493818,9.629758407817942,0.001,9,9
1114,9.62483430610148,8.989713315465494,0.001,9,10
1115,9.402189433510417,9.414578183886745,0.001,9,11
1116,9.427463270326957,9.413903208167897,0.001,9,12
1117,9.35051006100028,8.885069145885291,0.001,9,13
1118,8.968677239454605,9.010983359232576,0.001,9,14
1119,9.010599953318703,9.014566257749111,0.001,9,15
1120,10.970045320903184,8.877795439959273,0.0031622776601683,0,0
1121,10.174283955230674,8.414661370348341,0.0031622776601683,0,1
1122,10.075632891154228,10.072794343956684,0.0031622776601683,0,2
1123,10.087961898341993,10.083343538517088,0.0031622776601683,0,3
1124,9.95994169038726,9.17438769054798,0.0031622776601683,0,4
1125,9.836653532641025,9.841425625980914,0.0031622776601683,0,5
1126,9.852538075124931,9.842237027630135,0.0031622776601683,0,6
1127,9.745144754047546,9.09737508586534,0.0031622776601683,0,7
1128,8.76590797749426,9.237330514460403,0.0031622776601683,0,8
1129,9.691245631269902,9.64679545146736,0.0031622776601683,0,9
1130,9.601908089238108,9.012485907080594,0.0031622776601683,0,10
1131,9.382347936365315,9.390699126745211,0.0031622776601683,0,11
1132,9.389820317186702,9.38889714273784,0.0031622776601683,0,12
1133,9.326883461965666,8.871383333912721,0.0031622776601683,0,13
1134,8.967754671452559,8.9927573949061,0.0031622776601683,0,14
1135,8.988719149470285,8.989746149428623,0.0031622776601683,0,15
1136,10.970045320903184,8.879547084049495,0.0031622776601683,1,0
1137,10.163742393508956,8.410290508404703,0.0031622776601683,1,1
1138,10.07282358784612,10.07191229082662,0.0031622776601683,1,2
1139,10.08732831507384,10.083953128702063,0.0031622776601683,1,3
1140,9.949574722986515,9.197623431852117,0.0031622776601683,1,4
1141,9.841942804592154,9.842478369572728,0.0031622776601683,1,5
1142,9.859097130790904,9.853047608837953,0.0031622776601683,1,6
1143,9.755464794647487,9.097831997159664,0.0031622776601683,1,7
1144,8.78993586359534,9.24443382884242,0.0031622776601683,1,8
1145,9.70223133240464,9.652851062394246,0.0031622776601683,1,9
1146,9.608257595697731,9.01861228658466,0.0031622776601683,1,10
1147,9.386733650783754,9.398338465175115,0.0031622776601683,1,11
1148,9.40093581780065,9.40158600695164,0.0031622776601683,1,12
1149,9.338707282109016,8.887725365253022,0.0031622776601683,1,13
1150,8.970315262093331,9.001442639957343,0.0031622776601683,1,14
1151,8.989876166058938,8.999706698400498,0.0031622776601683,1,15
1152,10.970045320903184,8.87171573062827,0.0031622776601683,2,0
1153,10.159679826820224,8.43439267769028,0.0031622776601683,2,1
1154,10.07245600005898,10.081184525838362,0.0031622776601683,2,2
1155,10.09114906860936,10.081327882217243,0.0031622776601683,2,3
1156,9.956892351612623,9.193248069036215,0.0031622776601683,2,4
1157,9.8419486517551,9.845055421981897,0.0031622776601683,2,5
1158,9.863700869667031,9.85438722699476,0.0031622776601683,2,6
1159,9.752215654842171,9.098138021960356,0.0031622776601683,2,7
1160,8.797146217688583,9.243592331028028,0.0031622776601683,2,8
1161,9.709948571508242,9.65247783918988,0.0031622776601683,2,9
1162,9.611813997189811,9.008458414112711,0.0031622776601683,2,10
1163,9.36739908450068,9.383668293583408,0.0031622776601683,2,11
1164,9.389181990665657,9.386094337008885,0.0031622776601683,2,12
1165,9.317800697780129,8.881475665846425,0.0031622776601683,2,13
1166,8.962283351114786,8.991407015651442,0.0031622776601683,2,14
1167,8.982102585514037,8.979439428631805,0.0031622776601683,2,15
1168,10.970045320903184,8.879271220577033,0.0031622776601683,3,0
1169,10.170593920342103,8.445713941319347,0.0031622776601683,3,1
1170,10.077170140718966,10.077769982254068,0.0031622776601683,3,2
1171,10.087685410883772,10.08587525564349,0.0031622776601683,3,3
1172,9.960293910756754,9.18717822335694,0.0031622776601683,3,4
1173,9.844064743221445,9.84434923423575,0.0031622776601683,3,5
1174,9.86506749493142,9.857877775996428,0.0031622776601683,3,6
1175,9.758360556764035,9.097402564779234,0.0031622776601683,3,7
1176,8.774823466780314,9.239079006475883,0.0031622776601683,3,8
1177,9.703384000560698,9.654498547049938,0.0031622776601683,3,9
1178,9.6182010779206,9.003822967529757,0.0031622776601683,3,10
1179,9.394578890649155,9.402131735607194,0.0031622776601683,3,11
1180,9.407029586150095,9.401882938931909,0.0031622776601683,3,12
1181,9.336085447249443,8.892555584294955,0.0031622776601683,3,13
1182,8.970755902144157,8.998037005313417,0.0031622776601683,3,14
1183,8.997464148896235,8.996289664274888,0.0031622776601683,3,15
1184,10.970045320903184,8.876499722157105,0.0031622776601683,4,0
1185,10.167212108097802,8.440921100241903,0.0031622776601683,4,1
1186,10.073919559567544,10.080127198281088,0.0031622776601683,4,2
1187,10.089022476210657,10.07921829042979,0.0031622776601683,4,3
1188,9.958453104383024,9.1851125920048,0.0031622776601683,4,4
1189,9.82744108836286,9.833924270855087,0.0031622776601683,4,5
1190,9.847471395225352,9.837418956375435,0.0031622776601683,4,6
1191,9.740015780350069,9.095234990064329,0.0031622776601683,4,7
1192,8.77017603626739,9.232320413092983,0.0031622776601683,4,8
1193,9.686994494584653,9.63912261149846,0.0031622776601683,4,9
1194,9.595707110549062,9.019966150615714,0.0031622776601683,4,10
1195,9.379677099582048,9.393691420739197,0.0031622776601683,4,11
1196,9.396557040671048,9.391991019572414,0.0031622776601683,4,12
1197,9.326072982903709,8.885694060190037,0.0031622776601683,4,13
1198,8.969539645428881,9.000388036353048,0.0031622776601683,4,14
1199,8.995886952394914,8.998067330958305,0.0031622776601683,4,15
1200,10.970045320903184,8.881182863533695,0.0031622776601683,5,0
1201,10.166328492890743,8.446460220333236,0.0031622776601683,5,1
1202,10.077509053512737,10.07636024613292,0.0031622776601683,5,2
1203,10.094307899964548,10.074387528984158,0.0031622776601683,5,3
1204,9.95750936304944,9.2022735489901,0.0031622776601683,5,4
1205,9.841733846686118,9.849909391344545,0.0031622776601683,5,5
1206,9.861442280619166,9.85629207172767,0.0031622776601683,5,6
1207,9.752352676947252,9.10521355307364,0.0031622776601683,5,7
1208,8.802568844032734,9.254917808773142,0.0031622776601683,5,8
1209,9.70643852485698,9.65321076331831,0.0031622776601683,5,9
1210,9.619414989401111,9.00459645170963,0.0031622776601683,5,10
1211,9.384040070401776,9.393956978438329,0.0031622776601683,5,11
1212,9.391362186243704,9.392672063907234,0.0031622776601683,5,12
1213,9.324980310340171,8.878875786605555,0.0031622776601683,5,13
1214,8.971528142515469,8.997664326273402,0.0031622776601683,5,14
1215,8.992690586757925,8.998453006652879,0.0031622776601683,5,15
1216,10.970045320903184,8.881936643856111,0.0031622776601683,6,0
1217,10.171321632390532,8.42767188934312,0.0031622776601683,6,1
1218,10.069154432908654,10.07301149493046,0.0031622776601683,6,2
1219,10.084084352985876,10.067149291188068,0.0031622776601683,6,3
1220,9.95222383399346,9.17857820592677,0.0031622776601683,6,4
1221,9.826426816003895,9.838847510889018,0.0031622776601683,6,5
1222,9.844377178410372,9.842663595958545,0.0031622776601683,6,6
1223,9.738017813610954,9.106618202931877,0.0031622776601683,6,7
1224,8.753083106918508,9.241269322637129,0.0031622776601683,6,8
1225,9.687253479746776,9.641856727750636,0.0031622776601683,6,9
1226,9.590030196102813,8.994756418848445,0.0031622776601683,6,10
1227,9.364414947972442,9.374221141458545,0.0031622776601683,6,11
1228,9.38072390165194,9.384752582954064,0.0031622776601683,6,12
1229,9.306362122730205,8.867456143403043,0.0031622776601683,6,13
1230,8.963399420094106,8.987662458383719,0.0031622776601683,6,14
1231,8.987774814503016,8.991184295645079,0.0031622776601683,6,15
1232,10.970045320903184,8.879269734880905,0.0031622776601683,7,0
1233,10.15881063596184,8.431583109498554,0.0031622776601683,7,1
1234,10.074384822564037,10.07852801755958,0.0031622776601683,7,2
1235,10.085077307811527,10.076169962885505,0.0031622776601683,7,3
1236,9.953567031314536,9.18604444954476,0.0031622776601683,7,4
1237,9.841526861209402,9.841388438359894,0.0031622776601683,7,5
1238,9.862275470069138,9.848285279356432,0.0031622776601683,7,6
1239,9.750698756751834,9.10818821570313,0.0031622776601683,7,7
1240,8.774550313278842,9.24925370938482,0.0031622776601683,7,8
1241,9.700063676586357,9.656036442516564,0.0031622776601683,7,9
1242,9.614016951532868,9.00541923563101,0.0031622776601683,7,10
1243,9.38548788913428,9.39932178659408,0.0031622776601683,7,11
1244,9.39875149883582,9.40167161570707,0.0031622776601683,7,12
1245,9.338501646906057,8.875533756597095,0.0031622776601683,7,13
1246,8.982499463075836,9.00766119656097,0.0031622776601683,7,14
1247,9.005845832747557,9.009978179870991,0.0031622776601683,7,15
1248,10.970045320903184,8.879837214369035,0.0031622776601683,8,0
1249,10.156347880350534,8.440524535500382,0.0031622776601683,8,1
1250,10.079334810532975,10.077083688042444,0.0031622776601683,8,2
1251,10.088352864735954,10.07774404660138,0.0031622776601683,8,3
1252,9.953472829123529,9.202724030495878,0.0031622776601683,8,4
1253,9.838192032994492,9.847155335810246,0.0031622776601683,8,5
1254,9.854095363674013,9.853622008604985,0.0031622776601683,8,6
1255,9.757903322223129,9.096881260447454,0.0031622776601683,8,7
1256,8.78447974919576,9.242340827298532,0.0031622776601683,8,8
1257,9.696880443118031,9.649231352070412,0.0031622776601683,8,9
1258,9.611241526950854,8.997313673509158,0.0031622776601683,8,10
1259,9.373679504501162,9.38726222323114,0.0031622776601683,8,11
1260,9.386282781845424,9.391212855641596,0.0031622776601683,8,12
1261,9.323607252258302,8.874638601568464,0.0031622776601683,8,13
1262,8.96972404471769,9.001913402163506,0.0031622776601683,8,14
1263,8.991241697975793,8.993613936716304,0.0031622776601683,8,15
1264,10.970045320903184,8.882390017892057,0.0031622776601683,9,0
1265,10.167770909990791,8.433626295597307,0.0031622776601683,9,1
1266,10.07442652308642,10.080595523459625,0.0031622776601683,9,2
1267,10.084976927099827,10.08037465570809,0.0031622776601683,9,3
1268,9.956823951139135,9.199840786581472,0.0031622776601683,9,4
1269,9.834866210141632,9.836292198229014,0.0031622776601683,9,5
1270,9.85733477805515,9.85009073478174,0.0031622776601683,9,6
1271,9.751853670585811,9.106910040812265,0.0031622776601683,9,7
1272,8.759759322064559,9.241832178773432,0.0031622776601683,9,8
1273,9.690591867668362,9.643933568590471,0.0031622776601683,9,9
1274,9.60403842997202,9.016979943062912,0.0031622776601683,9,10
1275,9.384038109399844,9.397569874398584,0.0031622776601683,9,11
1276,9.398587884610391,9.395510649142205,0.0031622776601683,9,12
1277,9.330956159065988,8.876042922068935,0.0031622776601683,9,13
1278,8.966422545535648,8.993396372098177,0.0031622776601683,9,14
1279,8.990436231685985,8.992425475865565,0.0031622776601683,9,15
1280,10.970045320903184,8.881432689003026,0.01,0,0
1281,10.161860546592589,8.418346254583462,0.01,0,1
1282,10.060163355579766,10.075003331565828,0.01,0,2
1283,10.081255699580687,10.075278356236106,0.01,0,3
1284,9.959257596326486,9.195909629959528,0.01,0,4
1285,9.840197784963914,9.851014238628771,0.01,0,5
1286,9.860767467592504,9.856815796681571,0.01,0,6
1287,9.759048508245408,9.114573521115554,0.01,0,7
1288,8.778855384956042,9.288416093594826,0.01,0,8
1289,9.657866350223058,9.630881587875244,0.01,0,9
1290,9.569157779989636,8.985865510424478,0.01,0,10
1291,9.35300739850921,9.361590849007728,0.01,0,11
1292,9.36124407393516,9.362758495664652,0.01,0,12
1293,9.292976818990244,8.870134109067513,0.01,0,13
1294,8.955466417805455,8.980716568835149,0.01,0,14
1295,8.973556457475803,8.976629831088733,0.01,0,15
1296,10.970045320903184,8.880671349932559,0.01,1,0
1297,10.166739150731305,8.4447564117818,0.01,1,1
1298,10.079552751662256,10.086192823142808,0.01,1,2
1299,10.096302982846474,10.091571643846953,0.01,1,3
1300,9.959833904033768,9.199912575990536,0.01,1,4
1301,9.849953297770108,9.865492901897834,0.01,1,5
1302,9.875320786217506,9.870261198004126,0.01,1,6
1303,9.767414715413388,9.126545359040607,0.01,1,7
1304,8.786791464241274,9.306538306325576,0.01,1,8
1305,9.66376749985236,9.643594759849256,0.01,1,9
1306,9.576144984982609,8.99374220135639,0.01,1,10
1307,9.347887101110729,9.368891676196666,0.01,1,11
1308,9.37059702680844,9.366100180212722,0.01,1,12
1309,9.298729021376976,8.875128808292306,0.01,1,13
1310,8.946158110505356,8.977010531443616,0.01,1,14
1311,8.969313560851013,8.968603636357322,0.01,1,15
1312,10.970045320903184,8.88667305885419,0.01,2,0
1313,10.15674572165792,8.44568457582667,0.01,2,1
1314,10.079239458444462,10.08938059532466,0.01,2,2
1315,10.092199044307565,10.088568530624006,0.01,2,3
1316,9.960945827431855,9.207526329581386,0.01,2,4
1317,9.844839830907354,9.85368088165622,0.01,2,5
1318,9.86678203744112,9.86537216375624,0.01,2,6
1319,9.76092625210833,9.111497496974028,0.01,2,7
1320,8.798846528081974,9.2868725223181,0.01,2,8
1321,9.660981059811345,9.637090100998188,0.01,2,9
1322,9.568661372967354,8.99841167983715,0.01,2,10
1323,9.359969390825482,9.36805760230232,0.01,2,11
1324,9.366884141609226,9.366327080560607,0.01,2,12
1325,9.29749472160252,8.863887854914147,0.01,2,13
1326,8.934049144410043,8.962275896013665,0.01,2,14
1327,8.954709739854838,8.956868868751627,0.01,2,15
1328,10.970045320903184,8.880345664562135,0.01,3,0
1329,10.15867826247458,8.453689936092173,0.01,3,1
1330,10.07688745357193,10.08669707039766,0.01,3,2
1331,10.094142149565483,10.090258012272876,0.01,3,3
1332,9.959219628827771,9.201967616933768,0.01,3,4
1333,9.842329461983647,9.855710978509563,0.01,3,5
1334,9.86907518092907,9.863709336455209,0.01,3,6
1335,9.759591284752473,9.11148483001035,0.01,3,7
1336,8.789620469715349,9.285739452837412,0.01,3,8
1337,9.659965608217416,9.636319865369396,0.01,3,9
1338,9.574837804241444,9.004171219968365,0.01,3,10
1339,9.340852805764628,9.354359567409093,0.01,3,11
1340,9.354263019666057,9.355181957786408,0.01,3,12
1341,9.290278865824082,8.840507496385758,0.01,3,13
1342,8.939588995172961,8.963067760572192,0.01,3,14
1343,8.956648891049078,8.966017390659879,0.01,3,15
1344,10.970045320903184,8.87775048209727,0.01,4,0
1345,10.167993216091746,8.435520957390638,0.01,4,1
1346,10.078622614587418,10.085806743175697,0.01,4,2
1347,10.089109770612035,10.08696077430956,0.01,4,3
1348,9.95173967813216,9.16875055796097,0.01,4,4
1349,9.8425990791653,9.850149061945327,0.01,4,5
1350,9.865100922082547,9.856257474669375,0.01,4,6
1351,9.761866189380417,9.10458644716494,0.01,4,7
1352,8.775585892395583,9.279034697730502,0.01,4,8
1353,9.64156201003178,9.626594916162343,0.01,4,9
1354,9.558902242242532,8.98388719315796,0.01,4,10
1355,9.342242027204115,9.353428551376702,0.01,4,11
1356,9.352476676040736,9.356017527873304,0.01,4,12
1357,9.28787057065416,8.85400850079141,0.01,4,13
1358,8.944539084930158,8.968967231761537,0.01,4,14
1359,8.960560580594777,8.964752173764937,0.01,4,15
1360,10.970045320903184,8.878736917153683,0.01,5,0
1361,10.16394777690821,8.424051336244112,0.01,5,1
1362,10.076255877618864,10.084479957224133,0.01,5,2
1363,10.09123613178137,10.093647340796345,0.01,5,3
1364,9.970021027415658,9.19373741528738,0.01,5,4
1365,9.8425313393514,9.85527467713486,0.01,5,5
1366,9.858978230886343,9.85777157739932,0.01,5,6
1367,9.75600868514001,9.127713192521558,0.01,5,7
1368,8.773730610483573,9.29265585124947,0.01,5,8
1369,9.648628424393111,9.633504031588856,0.01,5,9
1370,9.557763080612776,8.996877748057267,0.01,5,10
1371,9.343105430883949,9.362781567048057,0.01,5,11
1372,9.354251770340674,9.35657088335218,0.01,5,12
1373,9.296935088975186,8.851495147845919,0.01,5,13
1374,8.941953809563051,8.96929120179979,0.01,5,14
1375,8.956216830218,8.964641690295247,0.01,5,15
1376,10.970045320903184,8.882917056937671,0.01,6,0
1377,10.163810691603624,8.437803293618066,0.01,6,1
1378,10.080403788284247,10.086508610461657,0.01,6,2
1379,10.09355189529423,10.084075019451042,0.01,6,3
1380,9.95251502342858,9.19608133977147,0.01,6,4
1381,9.835764001963744,9.848729049929148,0.01,6,5
1382,9.86152554106711,9.859657933469922,0.01,6,6
1383,9.75999935433506,9.113389398090929,0.01,6,7
1384,8.789931342037145,9.297027921439383,0.01,6,8
1385,9.652585170264452,9.632985169601024,0.01,6,9
1386,9.56981440312841,9.008059141073115,0.01,6,10
1387,9.344696399942949,9.356377398852985,0.01,6,11
1388,9.36257284198996,9.356098879201774,0.01,6,12
1389,9.291677894238594,8.857975806361102,0.01,6,13
1390,8.954054950436307,8.976070113858837,0.01,6,14
1391,8.969569924836735,8.97079321409693,0.01,6,15
1392,10.970045320903184,8.875793498649188,0.01,7,0
1393,10.165417654655377,8.443875921524857,0.01,7,1
1394,10.068148656455389,10.082282099861798,0.01,7,2
1395,10.08719515462109,10.081033205719788,0.01,7,3
1396,9.950884136187726,9.177146444236485,0.01,7,4
1397,9.833833363454088,9.847961272397344,0.01,7,5
1398,9.859608478988353,9.85559331951341,0.01,7,6
1399,9.752356469448603,9.107404477027703,0.01,7,7
1400,8.782729364235706,9.283126910430328,0.01,7,8
1401,9.656452506333991,9.63564141173608,0.01,7,9
1402,9.569886213902237,8.982988524073312,0.01,7,10
1403,9.342867283069667,9.365029700471872,0.01,7,11
1404,9.35501590648714,9.35629738600974,0.01,7,12
1405,9.284692407195156,8.848226714239694,0.01,7,13
1406,8.939571095007592,8.966340166017206,0.01,7,14
1407,8.959549443797938,8.964657902718592,0.01,7,15
1408,10.970045320903184,8.880574879874496,0.01,8,0
1409,10.16861156000348,8.436135787195443,0.01,8,1
1410,10.075514784893116,10.077830360768612,0.01,8,2
1411,10.087948710672922,10.082821227148584,0.01,8,3
1412,9.954509906245455,9.194472436124736,0.01,8,4
1413,9.84593032266758,9.85504252577235,0.01,8,5
1414,9.868435766046266,9.8649609305247,0.01,8,6
1415,9.76223361319626,9.08467242232616,0.01,8,7
1416,8.784213693320828,9.268893955661405,0.01,8,8
1417,9.658150428697018,9.63338337753532,0.01,8,9
1418,9.576267115241992,9.000433347461103,0.01,8,10
1419,9.348933842546607,9.364912425029065,0.01,8,11
1420,9.360532200304064,9.361847962008206,0.01,8,12
1421,9.298712242237398,8.84977472175504,0.01,8,13
1422,8.93296014812585,8.955160868690824,0.01,8,14
1423,8.951181404660618,8.955017181667378,0.01,8,15
1424,10.970045320903184,8.87775707660732,0.01,9,0
1425,10.164554128812554,8.433360669718997,0.01,9,1
1426,10.07616394469582,10.080819036370285,0.01,9,2
1427,10.090703842949226,10.087502360469816,0.01,9,3
1428,9.947713866611815,9.19768424835612,0.01,9,4
1429,9.836710294915642,9.84361939896428,0.01,9,5
1430,9.86466000450664,9.852829055616832,0.01,9,6
1431,9.7566884674542,9.102995070196942,0.01,9,7
1432,8.79999113913192,9.288492147402852,0.01,9,8
1433,9.661865327917642,9.6378702214484,0.01,9,9
1434,9.568653750489418,8.995877021910951,0.01,9,10
1435,9.347354470120228,9.364399630827434,0.01,9,11
1436,9.355016092200136,9.355919642747544,0.01,9,12
1437,9.290243716951226,8.852211724078266,0.01,9,13
1438,8.943529144467464,8.96873519656031,0.01,9,14
1439,8.959604971962056,8.964839714573507,0.01,9,15
1440,10.970045320903184,8.881383494580847,0.0316227766016837,0,0
1441,10.172125581276172,8.424316369847594,0.0316227766016837,0,1
1442,10.074700195192731,10.090066419518978,0.0316227766016837,0,2
1443,10.091902915232478,10.09548912438168,0.0316227766016837,0,3
1444,9.96753779357154,9.191772695475104,0.0316227766016837,0,4
1445,9.832579868400554,9.857721079683625,0.0316227766016837,0,5
1446,9.865102540314917,9.864317704950896,0.0316227766016837,0,6
1447,9.760694351538415,9.096487986196507,0.0316227766016837,0,7
1448,8.786502433297109,9.294044452411471,0.0316227766016837,0,8
1449,9.576115981351489,9.560880177926183,0.0316227766016837,0,9
1450,9.493055248676788,8.966861516910914,0.0316227766016837,0,10
1451,9.277167798388636,9.295748769307608,0.0316227766016837,0,11
1452,9.289610894096633,9.292858254306116,0.0316227766016837,0,12
1453,9.227033836867976,8.807766636625136,0.0316227766016837,0,13
1454,8.881611768581847,8.911431086583425,0.0316227766016837,0,14
1455,8.902775468315856,8.90874134499063,0.0316227766016837,0,15
1456,10.970045320903184,8.884584568123476,0.0316227766016837,1,0
1457,10.161319721688097,8.430964020842147,0.0316227766016837,1,1
1458,10.07521413275484,10.10259811144246,0.0316227766016837,1,2
1459,10.098028446974356,10.103041744995688,0.0316227766016837,1,3
1460,9.969884564791988,9.21853545335301,0.0316227766016837,1,4
1461,9.850541788230096,9.869706835538064,0.0316227766016837,1,5
1462,9.87647046890521,9.877082968003432,0.0316227766016837,1,6
1463,9.772741218974469,9.104165402904115,0.0316227766016837,1,7
1464,8.797059599774975,9.307894157410626,0.0316227766016837,1,8
1465,9.597086418254271,9.583961677528192,0.0316227766016837,1,9
1466,9.50893773831277,8.956035581342048,0.0316227766016837,1,10
1467,9.29479013576657,9.311134574476334,0.0316227766016837,1,11
1468,9.311019139365456,9.310742042813516,0.0316227766016837,1,12
1469,9.247740042398876,8.818861670386767,0.0316227766016837,1,13
1470,8.923314601712434,8.94956508308677,0.0316227766016837,1,14
1471,8.931779667095128,8.940324178931457,0.0316227766016837,1,15
1472,10.970045320903184,8.875184006579635,0.0316227766016837,2,0
1473,10.169397687075849,8.432079364102002,0.0316227766016837,2,1
1474,10.06978867569681,10.098262647229973,0.0316227766016837,2,2
1475,10.088635397989783,10.092522499675118,0.0316227766016837,2,3
1476,9.964175827626436,9.187390958817254,0.0316227766016837,2,4
1477,9.835715186010637,9.854513803812496,0.0316227766016837,2,5
1478,9.865393542351285,9.86740545685156,0.0316227766016837,2,6
1479,9.76698356622099,9.098076732454684,0.0316227766016837,2,7
1480,8.772739175951616,9.292095040744508,0.0316227766016837,2,8
1481,9.572987130466547,9.564440127543884,0.0316227766016837,2,9
1482,9.482033805159247,8.93676148212212,0.0316227766016837,2,10
1483,9.284064017397894,9.29737963047604,0.0316227766016837,2,11
1484,9.29751850308991,9.30399661882596,0.0316227766016837,2,12
1485,9.2302755881849,8.81777140309248,0.0316227766016837,2,13
1486,8.89657050309944,8.92395128764862,0.0316227766016837,2,14
1487,8.917885602148278,8.925315396775703,0.0316227766016837,2,15
1488,10.970045320903184,8.877785347447295,0.0316227766016837,3,0
1489,10.161083833901335,8.447528344755726,0.0316227766016837,3,1
1490,10.080086447292937,10.10136432815955,0.0316227766016837,3,2
1491,10.103551768049265,10.0995192371242,0.0316227766016837,3,3
1492,9.975511888180568,9.200989166378577,0.0316227766016837,3,4
1493,9.850260272304876,9.871126304618349,0.0316227766016837,3,5
1494,9.883025189732708,9.880875903471573,0.0316227766016837,3,6
1495,9.781629315881824,9.121506998498562,0.0316227766016837,3,7
1496,8.79978049304339,9.31624974732675,0.0316227766016837,3,8
1497,9.59655989278706,9.58394824030176,0.0316227766016837,3,9
1498,9.512266654914724,8.9662721439149,0.0316227766016837,3,10
1499,9.303773931974478,9.331850386120491,0.0316227766016837,3,11
1500,9.327351111604544,9.330636314184447,0.0316227766016837,3,12
1501,9.259229056133943,8.849529619827344,0.0316227766016837,3,13
1502,8.929272850461421,8.960489289859137,0.0316227766016837,3,14
1503,8.95073195999554,8.957510632402034,0.0316227766016837,3,15
1504,10.970045320903184,8.874741267170263,0.0316227766016837,4,0
1505,10.168336542641258,8.437579269679572,0.0316227766016837,4,1
1506,10.068790923534104,10.089019361112443,0.0316227766016837,4,2
1507,10.094732721428567,10.083619973920555,0.0316227766016837,4,3
1508,9.952135050619264,9.19460454931977,0.0316227766016837,4,4
1509,9.83743285220086,9.854873296015128,0.0316227766016837,4,5
1510,9.868785885076466,9.861597291673544,0.0316227766016837,4,6
1511,9.763619916689334,9.108373486474507,0.0316227766016837,4,7
1512,8.782933701979685,9.29470866148248,0.0316227766016837,4,8
1513,9.578420268560045,9.566590633207028,0.0316227766016837,4,9
1514,9.49098137185341,8.945741140878633,0.0316227766016837,4,10
1515,9.28281145636711,9.30414507343444,0.0316227766016837,4,11
1516,9.302010998903452,9.30302023872697,0.0316227766016837,4,12
1517,9.245425885596692,8.839974612759557,0.0316227766016837,4,13
1518,8.903285791517924,8.933416838351583,0.0316227766016837,4,14
1519,8.92638722216997,8.930964338098665,0.0316227766016837,4,15
1520,10.970045320903184,8.88293609916863,0.0316227766016837,5,0
1521,10.157888753827976,8.424485029320527,0.0316227766016837,5,1
1522,10.07583025036253,10.097119224713126,0.0316227766016837,5,2
1523,10.09525394101067,10.10053812155912,0.0316227766016837,5,3
1524,9.969510539049418,9.192241118810967,0.0316227766016837,5,4
1525,9.84537430190528,9.867785091158137,0.0316227766016837,5,5
1526,9.87327577733548,9.872290488471425,0.0316227766016837,5,6
1527,9.761652423290569,9.115774567418782,0.0316227766016837,5,7
1528,8.76272767495893,9.290971968528543,0.0316227766016837,5,8
1529,9.572305682861696,9.563645145992457,0.0316227766016837,5,9
1530,9.484644090617788,8.944249654016357,0.0316227766016837,5,10
1531,9.27840199798361,9.3014036996137,0.0316227766016837,5,11
1532,9.298533423909122,9.291410382824198,0.0316227766016837,5,12
1533,9.234778448665624,8.818322580014359,0.0316227766016837,5,13
1534,8.882512616365211,8.910963266279497,0.0316227766016837,5,14
1535,8.906406830089807,8.908848064469709,0.0316227766016837,5,15
1536,10.970045320903184,8.873216441174582,0.0316227766016837,6,0
1537,10.167534025974655,8.417493432061573,0.0316227766016837,6,1
1538,10.073582314105256,10.091834258570175,0.0316227766016837,6,2
1539,10.092310855746604,10.0887683903543,0.0316227766016837,6,3
1540,9.9638000926991,9.187601798165344,0.0316227766016837,6,4
1541,9.838397425860542,9.860406497285082,0.0316227766016837,6,5
1542,9.865287046254338,9.86410887484286,0.0316227766016837,6,6
1543,9.765653818954792,9.092537631598107,0.0316227766016837,6,7
1544,8.7861958173289,9.289601998379032,0.0316227766016837,6,8
1545,9.574205874183448,9.560122158494698,0.0316227766016837,6,9
1546,9.488997033767443,8.948899842481449,0.0316227766016837,6,10
1547,9.269132156693368,9.293435812851856,0.0316227766016837,6,11
1548,9.287514829553915,9.291388876162529,0.0316227766016837,6,12
1549,9.222519864073355,8.801014248787904,0.0316227766016837,6,13
1550,8.895109421003848,8.92234108551026,0.0316227766016837,6,14
1551,8.910502023284153,8.917251665559872,0.0316227766016837,6,15
1552,10.970045320903184,8.878310403401136,0.0316227766016837,7,0
1553,10.16554824919588,8.426574609513573,0.0316227766016837,7,1
1554,10.072042322566174,10.091018909049565,0.0316227766016837,7,2
1555,10.096252382012404,10.089119040297389,0.0316227766016837,7,3
1556,9.961941875047357,9.199733336298204,0.0316227766016837,7,4
1557,9.848773116762212,9.865546753077965,0.0316227766016837,7,5
1558,9.879337181682274,9.878065699913485,0.0316227766016837,7,6
1559,9.77878305954409,9.127508009165163,0.0316227766016837,7,7
1560,8.788543879616485,9.31281004268462,0.0316227766016837,7,8
1561,9.583479286467576,9.575480981109177,0.0316227766016837,7,9
1562,9.501684954755312,8.945030558852887,0.0316227766016837,7,10
1563,9.28298945666185,9.30007173605671,0.0316227766016837,7,11
1564,9.303591589543036,9.307818904583328,0.0316227766016837,7,12
1565,9.242974597048224,8.817148188902658,0.0316227766016837,7,13
1566,8.897295270237189,8.925171600967552,0.0316227766016837,7,14
1567,8.914441627941615,8.919822096960228,0.0316227766016837,7,15
1568,10.970045320903184,8.878902219492444,0.0316227766016837,8,0
1569,10.16320515593061,8.453090886260718,0.0316227766016837,8,1
1570,10.081823628373638,10.098515997114774,0.0316227766016837,8,2
1571,10.106437936749984,10.100893666086384,0.0316227766016837,8,3
1572,9.97049206831674,9.185427942028092,0.0316227766016837,8,4
1573,9.83663890676469,9.865441556100894,0.0316227766016837,8,5
1574,9.86918260263296,9.865307231809965,0.0316227766016837,8,6
1575,9.761923265403857,9.108124925809967,0.0316227766016837,8,7
1576,8.794459297002376,9.299797507544495,0.0316227766016837,8,8
1577,9.58404871220388,9.566669291375955,0.0316227766016837,8,9
1578,9.495523810570624,8.960789693498755,0.0316227766016837,8,10
1579,9.277943688101484,9.300835260983504,0.0316227766016837,8,11
1580,9.3001948791129,9.30323243740113,0.0316227766016837,8,12
1581,9.237708308075948,8.801717418644836,0.0316227766016837,8,13
1582,8.897248535403719,8.92534438845996,0.0316227766016837,8,14
1583,8.918411482392319,8.919715972334938,0.0316227766016837,8,15
1584,10.970045320903184,8.878901261830428,0.0316227766016837,9,0
1585,10.159839523616228,8.413188591820223,0.0316227766016837,9,1
1586,10.07227568322322,10.08947884740554,0.0316227766016837,9,2
1587,10.091333471455329,10.087065833320914,0.0316227766016837,9,3
1588,9.962210790968651,9.196378074926136,0.0316227766016837,9,4
1589,9.84117558438535,9.86339419312771,0.0316227766016837,9,5
1590,9.868981129227857,9.871162489053024,0.0316227766016837,9,6
1591,9.7607911394368,9.104743316103916,0.0316227766016837,9,7
1592,8.785820855109062,9.29530764160299,0.0316227766016837,9,8
1593,9.577431291746718,9.566804091270102,0.0316227766016837,9,9
1594,9.502558294989312,8.947920175946033,0.0316227766016837,9,10
1595,9.280694362067406,9.299774022314365,0.0316227766016837,9,11
1596,9.29710562839543,9.303484356519158,0.0316227766016837,9,12
1597,9.23310644742167,8.811084184092728,0.0316227766016837,9,13
1598,8.892642092946318,8.923923668122056,0.0316227766016837,9,14
1599,8.912537841580775,8.917332914980062,0.0316227766016837,9,15
1600,10.970045320903184,8.885024675035503,0.1,0,0
1601,10.168511257631575,8.444218540002858,0.1,0,1
1602,10.071004396893084,10.10588108749695,0.1,0,2
1603,10.102009942847689,10.103374399812916,0.1,0,3
1604,9.968458743798994,9.19347157173601,0.1,0,4
1605,9.84574750633616,9.878079773907537,0.1,0,5
1606,9.879096330499024,9.882897704213292,0.1,0,6
1607,9.77307194325666,9.121438510137954,0.1,0,7
1608,8.77808627206213,9.29673497964554,0.1,0,8
1609,9.484114102894145,9.477113960992565,0.1,0,9
1610,9.404387354449906,8.887332300648087,0.1,0,10
1611,9.192714175940818,9.2218939595969,0.1,0,11
1612,9.217967415058068,9.22199392910051,0.1,0,12
1613,9.165356510952613,8.777381119239555,0.1,0,13
1614,8.840542397209925,8.874474918149922,0.1,0,14
1615,8.861613758776784,8.865655302902754,0.1,0,15
1616,10.970045320903184,8.879171771624092,0.1,1,0
1617,10.166561297551134,8.430282721963781,0.1,1,1
1618,10.065332111122016,10.10832188104824,0.1,1,2
1619,10.105025899547584,10.10372587095977,0.1,1,3
1620,9.975274291543853,9.197181610347508,0.1,1,4
1621,9.84885529238136,9.883721767146625,0.1,1,5
1622,9.88828870391275,9.887120290929456,0.1,1,6
1623,9.784870613178304,9.100773304660493,0.1,1,7
1624,8.787075533373724,9.289098291870111,0.1,1,8
1625,9.494820083209785,9.490765746571984,0.1,1,9
1626,9.405286144328578,8.884738784294706,0.1,1,10
1627,9.20006533222436,9.231006450259487,0.1,1,11
1628,9.22847042122224,9.231404642595123,0.1,1,12
1629,9.1635096702835,8.754753560177102,0.1,1,13
1630,8.839973239161285,8.873944130957529,0.1,1,14
1631,8.861018927777554,8.871041274441906,0.1,1,15
1632,10.970045320903184,8.878402216513667,0.1,2,0
1633,10.16272489293556,8.444439783443128,0.1,2,1
1634,10.071424069977894,10.105978463166544,0.1,2,2
1635,10.10379627796356,10.104429475184173,0.1,2,3
1636,9.970969886963392,9.203441591062044,0.1,2,4
1637,9.84961451758613,9.885193412071922,0.1,2,5
1638,9.890701608856148,9.88868824227611,0.1,2,6
1639,9.785146112034688,9.131166732060656,0.1,2,7
1640,8.78193690119984,9.295632374554996,0.1,2,8
1641,9.48659926911782,9.490317741102132,0.1,2,9
1642,9.407319447785063,8.889089160197297,0.1,2,10
1643,9.202418273527735,9.226724014743118,0.1,2,11
1644,9.223727259364791,9.222130038317353,0.1,2,12
1645,9.163698072801065,8.766914023682752,0.1,2,13
1646,8.842070708561918,8.882658334058542,0.1,2,14
1647,8.869362946386797,8.874650363808355,0.1,2,15
1648,10.970045320903184,8.879111653639539,0.1,3,0
1649,10.165374789615822,8.427360546328911,0.1,3,1
1650,10.070413696621026,10.095810864221525,0.1,3,2
1651,10.099150521742038,10.0987996219674,0.1,3,3
1652,9.968012571519804,9.203410518737591,0.1,3,4
1653,9.850544600361816,9.88363866081038,0.1,3,5
1654,9.886709199712143,9.88547655714206,0.1,3,6
1655,9.778324497306915,9.11416199217914,0.1,3,7
1656,8.802285218786412,9.297963439177018,0.1,3,8
1657,9.502777995894055,9.495387469030334,0.1,3,9
1658,9.417425662095694,8.888568793827359,0.1,3,10
1659,9.20434936724019,9.237324326786895,0.1,3,11
1660,9.225457970251968,9.236910162239816,0.1,3,12
1661,9.17762524075485,8.766137871988793,0.1,3,13
1662,8.87573363589058,8.907681692127287,0.1,3,14
1663,8.898504954722409,8.901196087418555,0.1,3,15
1664,10.970045320903184,8.878367639074423,0.1,4,0
1665,10.16043596938576,8.438019891420089,0.1,4,1
1666,10.072511971720058,10.10539210290118,0.1,4,2
1667,10.106367850228994,10.10943178732505,0.1,4,3
1668,9.968854240545186,9.201624178852986,0.1,4,4
1669,9.856896262665634,9.87671874534147,0.1,4,5
1670,9.886617056583884,9.88672544734264,0.1,4,6
1671,9.78736776261656,9.112267638063852,0.1,4,7
1672,8.79385121110973,9.295999627095588,0.1,4,8
1673,9.500057885745752,9.49012499641703,0.1,4,9
1674,9.417324581722315,8.896039760263971,0.1,4,10
1675,9.21432394047892,9.24441275808372,0.1,4,11
1676,9.236751054085252,9.239042597820116,0.1,4,12
1677,9.179266641542052,8.786579990904508,0.1,4,13
1678,8.859167472573278,8.896633082627154,0.1,4,14
1679,8.897020912424297,8.897830661951302,0.1,4,15
1680,10.970045320903184,8.883072082860668,0.1,5,0
1681,10.164500757430456,8.438457079517827,0.1,5,1
1682,10.075194689653893,10.10918731852438,0.1,5,2
1683,10.108721306155925,10.10948454791872,0.1,5,3
1684,9.979693745640608,9.205611198723473,0.1,5,4
1685,9.857777969191844,9.887762397813413,0.1,5,5
1686,9.898721177451794,9.89318834428533,0.1,5,6
1687,9.78511773971147,9.12371135422112,0.1,5,7
1688,8.808008866943062,9.304773915195454,0.1,5,8
1689,9.50744499739645,9.500668809410948,0.1,5,9
1690,9.421530792958857,8.91177123262501,0.1,5,10
1691,9.223354655569786,9.252171202516752,0.1,5,11
1692,9.25146041597594,9.24961775087723,0.1,5,12
1693,9.180481741797848,8.773028228198333,0.1,5,13
1694,8.859018655590223,8.895907527544905,0.1,5,14
1695,8.889707297986737,8.894868349626638,0.1,5,15
1696,10.970045320903184,8.874929780951888,0.1,6,0
1697,10.15914773942656,8.434939626078574,0.1,6,1
1698,10.069468268283826,10.107423338555904,0.1,6,2
1699,10.104067981959242,10.104433714546152,0.1,6,3
1700,9.96701406183289,9.197797606538575,0.1,6,4
1701,9.849081154110834,9.884329012036424,0.1,6,5
1702,9.885233533003406,9.887360994707166,0.1,6,6
1703,9.785403866730366,9.097022504543505,0.1,6,7
1704,8.790914187789667,9.282733486147023,0.1,6,8
1705,9.490730864587196,9.48367901751769,0.1,6,9
1706,9.413612513553112,8.90437534573516,0.1,6,10
1707,9.207449264232446,9.23347543389309,0.1,6,11
1708,9.234974830648657,9.23856064043676,0.1,6,12
1709,9.167469500534418,8.788760988877378,0.1,6,13
1710,8.85290664521564,8.887469415044459,0.1,6,14
1711,8.878550987909646,8.881584529018784,0.1,6,15
1712,10.970045320903184,8.887508369894423,0.1,7,0
1713,10.16447647110368,8.439467470182844,0.1,7,1
1714,10.074667160076906,10.102189725863852,0.1,7,2
1715,10.107410820560942,10.099931587052614,0.1,7,3
1716,9.971541302850246,9.20332335812661,0.1,7,4
1717,9.855260376828689,9.884573199469006,0.1,7,5
1718,9.888741896360948,9.890240570112876,0.1,7,6
1719,9.782564493292762,9.115527863691373,0.1,7,7
1720,8.773023813123514,9.287012504047654,0.1,7,8
1721,9.489448461703914,9.484953923854096,0.1,7,9
1722,9.399299388023143,8.899607404675558,0.1,7,10
1723,9.2015822768897,9.234935076111004,0.1,7,11
1724,9.233649595367092,9.232117004679711,0.1,7,12
1725,9.168468941381894,8.770069775082915,0.1,7,13
1726,8.844510738897194,8.88032842124193,0.1,7,14
1727,8.870186746952403,8.874179867001207,0.1,7,15
1728,10.970045320903184,8.881681115648172,0.1,8,0
1729,10.173673064930483,8.435994390694137,0.1,8,1
1730,10.067785887427824,10.100930277409809,0.1,8,2
1731,10.092768505024733,10.094716603436824,0.1,8,3
1732,9.972004719660813,9.187754200538723,0.1,8,4
1733,9.846873396711386,9.878135208539948,0.1,8,5
1734,9.88043344479284,9.879711238943248,0.1,8,6
1735,9.771102538342138,9.116845525243892,0.1,8,7
1736,8.775061856006085,9.283043936348305,0.1,8,8
1737,9.484204711485113,9.478894423531685,0.1,8,9
1738,9.402305428078156,8.902194546552325,0.1,8,10
1739,9.199827293896211,9.230992767283857,0.1,8,11
1740,9.224282473960146,9.230105222946348,0.1,8,12
1741,9.165167762895564,8.77363885126613,0.1,8,13
1742,8.852743575972633,8.893375787394104,0.1,8,14
1743,8.880846817023007,8.88720228840292,0.1,8,15
1744,10.970045320903184,8.88010062064416,0.1,9,0
1745,10.157883583714568,8.454662234776288,0.1,9,1
1746,10.07486730827495,10.104752021607409,0.1,9,2
1747,10.105000736347623,10.107456551025368,0.1,9,3
1748,9.9747361094446,9.181051997489416,0.1,9,4
1749,9.856040174394105,9.885254531767702,0.1,9,5
1750,9.891489067288928,9.889795407124629,0.1,9,6
1751,9.793396157844532,9.120178435661131,0.1,9,7
1752,8.783331503937326,9.291980490617073,0.1,9,8
1753,9.492559638692546,9.479813495456153,0.1,9,9
1754,9.408955547609311,8.892718555948381,0.1,9,10
1755,9.205246807558424,9.23676831615102,0.1,9,11
1756,9.229654168581469,9.234540202891008,0.1,9,12
1757,9.173411269767078,8.767946114971991,0.1,9,13
1758,8.851865062841627,8.885790752418808,0.1,9,14
1759,8.882573446635902,8.881822733584752,0.1,9,15
