,No_discs,Shannon,Distance,Nb
0,1,8.02915549067264,0.84392,21968
1,1,8.506772009828426,0.831084,18835
2,1,8.909176482532056,0.8191199999999998,16559
3,1,8.461996852799519,0.8402240000000001,17797
4,1,8.629757968797175,0.828924,18105
5,1,8.860975385251585,0.80644,21953
6,1,9.212440305407794,0.7808240000000003,27549
7,1,8.689130432631703,0.843924,11582
8,1,8.368796227393851,0.8396959999999999,13998
9,1,9.408926797487705,0.7610279999999999,28942
10,1,8.686519073073862,0.81786,18046
11,1,9.288761287195474,0.7725680000000001,29329
12,2,8.868661757825494,0.802872,35463
13,2,9.067959041307942,0.7845720000000002,34061
14,2,8.85715691467689,0.80742,34827
15,2,8.933521089273125,0.7976820000000002,35185
16,2,9.03984677428168,0.7827000000000002,37913
17,2,9.210118402433249,0.7637659999999997,42465
18,2,8.963538231537985,0.7980299999999999,30296
19,2,8.802060757125318,0.804976,31690
20,2,9.304781420105726,0.74676,43680
21,2,8.955526509047292,0.7897760000000001,34736
22,2,9.24568739915224,0.7575160000000001,43861
23,2,9.298146644202117,0.7686120000000002,31512
24,2,9.084961133046582,0.7912119999999999,32372
25,2,9.16654576807019,0.7819119999999999,32663
26,2,9.266603847468241,0.7681399999999999,35491
27,2,9.437959151467897,0.7490960000000001,40207
28,2,9.195993542492747,0.7825120000000003,27611
29,2,9.030553483356552,0.7893620000000001,29103
30,2,9.528562562389958,0.7330559999999999,41280
31,2,9.183107907666763,0.775038,32246
32,2,9.471711583464321,0.7433000000000002,41703
33,2,9.282748026837732,0.7733760000000001,30787
34,2,9.36167181457479,0.76439,31052
35,2,9.465249778619649,0.750454,34078
36,2,9.634614144946344,0.7317799999999999,38886
37,2,9.388836040229249,0.764682,25757
38,2,9.228739302293162,0.771344,27428
39,2,9.724073686959219,0.7164619999999999,40033
40,2,9.379789181871205,0.7568920000000001,30737
41,2,9.66559553377026,0.726902,40284
42,2,9.14762640131454,0.7868500000000002,31866
43,2,9.252194553685579,0.77242,34773
44,2,9.423949445778993,0.7534079999999997,39663
45,2,9.179393020792425,0.7866279999999999,26836
46,2,9.014714795008489,0.793812,28346
47,2,9.513131474919087,0.7377579999999999,40749
48,2,9.166678092745737,0.7791839999999999,31565
49,2,9.457240185844656,0.7471519999999999,41141
50,2,9.333390702013693,0.7632620000000002,35110
51,2,9.49877046332041,0.7448139999999999,39820
52,2,9.25705292612202,0.7776919999999999,27092
53,2,9.095267425326147,0.7839500000000001,28645
54,2,9.592392585135201,0.7289899999999999,41043
55,2,9.242246078124321,0.7699180000000001,31875
56,2,9.53551395628131,0.7381120000000001,41384
57,2,9.599678337944717,0.7315659999999999,42395
58,2,9.364540199007706,0.7636540000000002,30356
59,2,9.197882553994353,0.7707200000000002,31661
60,2,9.693502649571737,0.7154659999999999,43500
61,2,9.353857790662257,0.756252,34746
62,2,9.63620909055134,0.7251139999999999,43754
63,2,9.528983112428705,0.745192,35327
64,2,9.36937293430673,0.7514360000000004,36681
65,2,9.857863818249305,0.6981280000000002,47773
66,2,9.516538386991732,0.7381679999999999,39460
67,2,9.801779831253,0.7074240000000002,48070
68,2,9.1241944550579,0.7848300000000001,23289
69,2,9.623952286668956,0.729404,36570
70,2,9.274590316890551,0.7709379999999996,26729
71,2,9.565108443720035,0.7394580000000001,36939
72,2,9.46300092553501,0.734922,37900
73,2,9.113336346422184,0.777518,28299
74,2,9.403257800576705,0.746242,38155
75,2,9.60863208553255,0.7219119999999998,40607
76,2,9.891771294807542,0.6925439999999999,48950
77,2,9.554787632166722,0.731764,40907
78,3,9.407830653095886,0.7518146666666665,45294
79,3,9.273661044345658,0.772524,45866
80,3,9.32310785196697,0.7643133333333335,46189
81,3,9.385359314228282,0.7530106666666668,48209
82,3,9.49636448625502,0.7375039999999998,52208
83,3,9.342838155789151,0.7614186666666666,42177
84,3,9.232753361597533,0.7705173333333333,43053
85,3,9.554931754366756,0.7240639999999999,53148
86,3,9.331545804852682,0.7585893333333334,45537
87,3,9.517279371273576,0.7328439999999999,53356
88,3,9.40371655223735,0.7550906666666667,44872
89,3,9.451526510362829,0.7470640000000003,45146
90,3,9.515867290225495,0.7357266666666666,47345
91,3,9.625415367259412,0.7204453333333334,51359
92,3,9.469757252916295,0.7442453333333334,41047
93,3,9.363642153129,0.7529946666666668,42050
94,3,9.683223869336802,0.7078053333333336,52357
95,3,9.46104945510404,0.7410213333333333,44595
96,3,9.644776489766711,0.7163600000000001,52483
97,3,9.316670246757589,0.7675813333333333,45669
98,3,9.381846789914796,0.7559453333333336,47810
99,3,9.492811661066415,0.7404973333333333,51874
100,3,9.337613422548259,0.7644293333333332,41729
101,3,9.228611553183622,0.7736240000000001,42621
102,3,9.55041560992811,0.7274053333333332,52822
103,3,9.326979803563649,0.7613266666666667,45148
104,3,9.513526405295089,0.7353653333333335,53051
105,3,9.431169044018691,0.7478400000000001,48173
106,3,9.538292791504787,0.7324653333333334,52082
107,3,9.384855198743601,0.7562520000000001,42040
108,3,9.27772024488855,0.7649159999999999,42958
109,3,9.598765823597299,0.7196226666666664,53152
110,3,9.372639218059156,0.7533093333333334,45481
111,3,9.561151536100018,0.7270706666666669,53327
112,3,9.600798955152573,0.7219293333333336,53976
113,3,9.451539550533983,0.744926666666667,44373
114,3,9.341489080345902,0.7538760000000001,45181
115,3,9.661608084863381,0.7083079999999998,54958
116,3,9.442189937513245,0.741932,47573
117,3,9.624429289852863,0.7162466666666666,55099
118,3,9.557710533027562,0.7298866666666667,48495
119,3,9.452009926429746,0.7383773333333333,49302
120,3,9.768087181030447,0.6940746666666666,58499
121,3,9.547453855713341,0.7271893333333334,51543
122,3,9.73125238509362,0.7019426666666667,58705
123,3,9.296771067359897,0.7623586666666666,38753
124,3,9.619104063924993,0.716868,49582
125,3,9.393748448413145,0.7509093333333333,41406
126,3,9.580116420833923,0.7251626666666666,49742
127,3,9.51211954739939,0.7247120000000001,50330
128,3,9.287055023754538,0.7594013333333333,42363
129,3,9.473642402454477,0.7338146666666667,50521
130,3,9.606693741348492,0.7137293333333332,52502
131,3,9.789339846228298,0.6893346666666668,59434
132,3,9.571192597881375,0.7220133333333336,52685
133,3,9.550125313283745,0.7402720000000002,42788
134,3,9.60185991532233,0.7322773333333333,43040
135,3,9.662090252957487,0.7217213333333333,45300
136,3,9.772312623668459,0.7064186666666665,49416
137,3,9.619257632186034,0.729932,38793
138,3,9.5107002154181,0.7382093333333334,39889
139,3,9.827408821033034,0.6946013333333332,50322
140,3,9.607856516269939,0.7270480000000001,42553
141,3,9.790763201689465,0.7027893333333335,50630
142,3,9.465508000162805,0.752564,43641
143,3,9.526161296575127,0.7418733333333334,45784
144,3,9.637902101346594,0.7264186666666665,49990
145,3,9.485863271812951,0.7497440000000001,39581
146,3,9.374246712253234,0.7587493333333334,40539
147,3,9.693152414394856,0.7139053333333335,50866
148,3,9.472048583704744,0.7471053333333335,43163
149,3,9.657542017285047,0.7216306666666668,51263
150,3,9.579143360702826,0.733816,46119
151,3,9.687193831180306,0.7186026666666667,50181
152,3,9.536420811006087,0.7418653333333334,39831
153,3,9.426442849161297,0.7504346666666667,40808
154,3,9.744730304818159,0.706290666666667,51117
155,3,9.520924880550242,0.7394573333333334,43393
156,3,9.708522283740434,0.7137666666666664,51467
157,3,9.745717472582113,0.708756,52136
158,3,9.599019129612053,0.7311933333333334,42243
159,3,9.48634000300897,0.74012,43044
160,3,9.803913667230056,0.6958240000000001,53020
161,3,9.586894806186661,0.7287693333333334,45582
162,3,9.767287721074293,0.7037373333333334,53284
163,3,9.706410444383147,0.7162146666666668,46503
164,3,9.597726881619861,0.7246626666666667,47377
165,3,9.911060638131472,0.681648,56722
166,3,9.692556817088276,0.7141333333333335,49663
167,3,9.87599474637751,0.6890320000000001,57058
168,3,9.445187588013345,0.7480533333333333,36525
169,3,9.76486212216493,0.7038973333333335,47490
170,3,9.542133792382106,0.7371186666666666,39236
171,3,9.727700760496525,0.7118253333333332,47848
172,3,9.655436110488877,0.7115546666666664,48290
173,3,9.432838960910873,0.745608,40280
174,3,9.618155457406806,0.7205026666666666,48656
175,3,9.749584431146356,0.7012546666666667,50519
176,3,9.930918124982291,0.6773560000000001,57670
177,3,9.715698676647886,0.7091079999999998,50837
178,3,9.592864210889184,0.7357706666666666,42493
179,3,9.656084773380654,0.7250400000000001,44808
180,3,9.766159157337547,0.7097613333333335,49035
181,3,9.611851239444583,0.7330013333333333,38274
182,3,9.503920207024496,0.7415920000000001,39356
183,3,9.820750042343525,0.6980399999999998,49971
184,3,9.600248300189568,0.7302280000000001,42048
185,3,9.784007112250334,0.7056933333333334,50229
186,3,9.70708819381863,0.7172186666666667,45102
187,3,9.813810828401374,0.7023439999999997,49201
188,3,9.660559967949233,0.7254080000000002,38469
189,3,9.554359848204083,0.7335546666666667,39617
190,3,9.870706897390887,0.6905053333333332,50212
191,3,9.648168442050878,0.7225840000000001,42325
192,3,9.833692430601252,0.6978413333333334,50441
193,3,9.874430779250666,0.6922480000000002,51284
194,3,9.725984268298518,0.7146480000000001,41119
195,3,9.616229956851145,0.7232280000000001,41991
196,3,9.932032130716525,0.6799893333333336,52211
197,3,9.715773874682823,0.711752,44616
198,3,9.894694410608894,0.6878946666666665,52387
199,3,9.83120272028509,0.6999933333333332,45348
200,3,9.726511401567695,0.7079040000000001,46368
201,3,10.038002652362463,0.6658053333333334,55929
202,3,9.820226917920676,0.6973626666666667,48725
203,3,10.001399726798956,0.6736213333333332,56131
204,3,9.571901669207339,0.7311786666666669,35126
205,3,9.889289158794648,0.688072,46433
206,3,9.667339771361192,0.7203346666666666,37946
207,3,9.851298259126247,0.6960613333333333,46680
208,3,9.783593462911458,0.6955106666666666,47387
209,3,9.561538783668988,0.7284559999999999,39113
210,3,9.745108982439977,0.70442,47569
211,3,9.876299562442695,0.6851066666666668,49671
212,3,10.05643074274922,0.662212,56911
213,3,9.840984664967543,0.6931400000000001,49844
214,3,9.571438273833218,0.7370373333333334,45608
215,3,9.678641286162152,0.7221173333333334,49728
216,3,9.52674506962907,0.7450213333333334,39209
217,3,9.417689510077174,0.7537586666666668,40267
218,3,9.735650402520271,0.709778666666667,50742
219,3,9.511360237780774,0.7426240000000001,42883
220,3,9.700365418184308,0.7164933333333333,51086
221,3,9.74062273970457,0.7116520000000002,51724
222,3,9.592221898641304,0.7342626666666668,41697
223,3,9.480032799360359,0.7432840000000001,42523
224,3,9.797473940393552,0.6991026666666667,52594
225,3,9.579894230794624,0.7315533333333333,45071
226,3,9.761897271540889,0.706228,52877
227,3,9.699698362419383,0.7190226666666667,46072
228,3,9.591733712328466,0.7275599999999999,46979
229,3,9.904771031036685,0.6848146666666669,56431
230,3,9.685789793135044,0.7168253333333335,49307
231,3,9.869828480397985,0.6917413333333334,56718
232,3,9.437738515094688,0.751084,35946
233,3,9.757324572701336,0.7068159999999998,47064
234,3,9.533760953704196,0.7398639999999999,38703
235,3,9.720512258780445,0.7142826666666666,47436
236,3,9.648574086000782,0.7149319999999999,47939
237,3,9.424934314672713,0.7486426666666668,39761
238,3,9.611687159875192,0.7231813333333332,48238
239,3,9.742141947008996,0.7040373333333334,50207
240,3,9.924450061723302,0.68014,57409
241,3,9.708607082887106,0.7115759999999999,50510
242,3,9.789050947063473,0.704164,51956
243,3,9.642836558215706,0.7263666666666668,41997
244,3,9.532315106298208,0.7348640000000002,42885
245,3,9.848850390955244,0.6914453333333332,52900
246,3,9.629099972135743,0.7237733333333334,45452
247,3,9.812401959185324,0.6984373333333334,53144
248,3,9.74578159890752,0.7117439999999999,46230
249,3,9.639799451836968,0.7196906666666667,47137
250,3,9.95244615341789,0.6774680000000001,56612
251,3,9.731296606510831,0.7093773333333332,49483
252,3,9.91691078292684,0.6844040000000002,56900
253,3,9.487722422144044,0.7427760000000001,36207
254,3,9.806419273216203,0.6994466666666669,47308
255,3,9.580443562793466,0.7322826666666667,38958
256,3,9.7690275569935,0.7065733333333332,47635
257,3,9.69953896893238,0.7067906666666669,48238
258,3,9.47357767760164,0.7404599999999998,40032
259,3,9.662159267568043,0.7148373333333332,48495
260,3,9.790055940832858,0.696612,50490
261,3,9.974125607717916,0.6725159999999999,57618
262,3,9.755492684188178,0.7039493333333334,50753
263,3,9.809313152558566,0.7016266666666664,48445
264,3,9.700393949634785,0.7100146666666667,49229
265,3,10.012225081142663,0.6674640000000001,58305
266,3,9.797460927265726,0.6992440000000001,51445
267,3,9.977008218231754,0.6745346666666667,58564
268,3,9.552012812024994,0.7325679999999999,38795
269,3,9.86999545844969,0.6889026666666668,49448
270,3,9.650937991242708,0.7214146666666668,41443
271,3,9.832554626148223,0.6964626666666666,49709
272,3,9.760279102704867,0.6966346666666665,50187
273,3,9.540531096213742,0.7301240000000001,42332
274,3,9.722468812634718,0.7050453333333334,50391
275,3,9.85650267237007,0.6861493333333333,52370
276,3,10.034156973527834,0.66256,59222
277,3,9.821831665910613,0.6935533333333334,52543
278,3,9.658919257456581,0.717464,43305
279,3,9.97298988112157,0.6750079999999999,53327
280,3,9.75252142228037,0.7071533333333335,45714
281,3,9.935933800447918,0.6826506666666667,53588
282,3,9.867518651772869,0.682228,54132
283,3,9.646869436931397,0.7150866666666669,46653
284,3,9.830222108786057,0.6905786666666667,54321
285,3,9.958283497110614,0.6726026666666667,56103
286,3,10.137943991466127,0.6491986666666666,62603
287,3,9.924288934826524,0.6801013333333334,56312
288,3,9.719423567847848,0.7045880000000001,44389
289,3,9.494469003885179,0.7382400000000002,35671
290,3,9.680797875563838,0.7131386666666667,44622
291,3,9.81192208244339,0.6945253333333333,46729
292,3,9.994176915403083,0.67076,54365
293,3,9.776807045090948,0.7020626666666668,47001
294,3,9.705800674164212,0.7018946666666667,47709
295,3,9.887502168026575,0.678252,55096
296,3,9.669639517946461,0.7105586666666667,47875
297,3,9.981211922136703,0.6676599999999999,57075
298,4,9.633350740070243,0.7278089999999999,54161
299,4,9.668551235312043,0.7208399999999999,54414
300,4,9.711058381984861,0.711658,56072
301,4,9.791575497583711,0.69872,59632
302,4,9.681753660521574,0.717383,50998
303,4,9.600953849736563,0.7260349999999999,51631
304,4,9.831783626949388,0.6889820000000002,60396
305,4,9.67181158463106,0.7162219999999997,53762
306,4,9.804407435379906,0.6958670000000002,60563
307,4,9.57182181518635,0.7388370000000001,54826
308,4,9.614746014754532,0.7294869999999999,56398
309,4,9.696252360223735,0.716586,60004
310,4,9.586998764268529,0.73515,51527
311,4,9.504023738684468,0.7442450000000003,52051
312,4,9.73659246584045,0.706373,60748
313,4,9.575547215287731,0.7340539999999999,54184
314,4,9.709928688016998,0.7127179999999999,60981
315,4,9.650905243390717,0.7225040000000001,56738
316,4,9.72988600360126,0.709573,60233
317,4,9.621508583873434,0.7281830000000004,51806
318,4,9.539740537845217,0.7370640000000002,52362
319,4,9.771962956328439,0.6996379999999999,61057
320,4,9.608764655386793,0.7274260000000001,54466
321,4,9.744740856590012,0.7057269999999999,61242
322,4,9.771034824837592,0.7010860000000003,61671
323,4,9.66566638752497,0.718847,53556
324,4,9.582070256997458,0.727847,54023
325,4,9.813620577971829,0.690349,62434
326,4,9.655349343616354,0.7178709999999998,56036
327,4,9.786664069218794,0.6968719999999998,62583
328,4,9.743908827590987,0.7062699999999998,57209
329,4,9.663106610865828,0.7150130000000001,57686
330,4,9.8919543126938,0.678278,65601
331,4,9.732537770810797,0.7056969999999998,59583
332,4,9.865794066707766,0.6845650000000002,65840
333,4,9.553679003429759,0.733598,48855
334,4,9.78658674138645,0.6961220000000002,58052
335,4,9.624404852287936,0.7239019999999999,51054
336,4,9.75872514377463,0.7027319999999998,58231
337,4,9.705046294628923,0.7043490000000001,58471
338,4,9.54313821061263,0.73275,51659
339,4,9.677659890926341,0.7114839999999999,58720
340,4,9.774027697742968,0.695175,60321
341,4,9.905931343324044,0.6747970000000001,66342
342,4,9.748635691879096,0.7016099999999998,60486
343,4,9.665926022254569,0.7232879999999999,54077
344,4,9.710637652663358,0.714053,55806
345,4,9.790807892582638,0.7013110000000001,59404
346,4,9.68006406483481,0.71973,50711
347,4,9.600152322073901,0.7284550000000001,51355
348,4,9.830649676451712,0.691523,60206
349,4,9.670386817306971,0.7184969999999999,53499
350,4,9.80339415043712,0.6978819999999998,60390
351,4,9.745362669358016,0.70718,56091
352,4,9.823315775518981,0.6944659999999998,59595
353,4,9.713360736146965,0.712955,50958
354,4,9.634666536681406,0.7213800000000001,51625
355,4,9.864908319104583,0.684819,60465
356,4,9.702840853813159,0.711862,53771
357,4,9.837297120267584,0.6907949999999999,60601
358,4,9.865870152295837,0.6859500000000001,61119
359,4,9.759358178707043,0.7037840000000001,52884
360,4,9.678234398773343,0.712347,53399
361,4,9.908075598560824,0.675571,61973
362,4,9.750636891388236,0.7022820000000002,55460
363,4,9.880725164207574,0.6821529999999999,62074
364,4,9.836005385700226,0.691419,56474
365,4,9.758385226724739,0.6996120000000002,57063
366,4,9.98548991382045,0.6635679999999998,65108
367,4,9.826790790796702,0.690272,58984
368,4,9.958333400683221,0.670076,65246
369,4,9.647611716616971,0.7181220000000001,48039
370,4,9.878432666618792,0.681406,57401
371,4,9.717087831594753,0.7085319999999999,50261
372,4,9.850051421766224,0.6880519999999999,57533
373,4,9.799866708310452,0.689369,57938
374,4,9.638716782714075,0.7169800000000002,50977
375,4,9.771857715097365,0.6965080000000002,58084
376,4,9.867656435559985,0.6801579999999999,59787
377,4,9.998459222274963,0.6605639999999999,65889
378,4,9.841459497409982,0.686706,59924
379,4,9.649192201092344,0.7247319999999998,56455
380,4,9.727399956752713,0.7120620000000001,59947
381,4,9.618143698476782,0.7304740000000001,51415
382,4,9.537457056579763,0.739363,52038
383,4,9.769022600870901,0.7021500000000002,60821
384,4,9.605874916545643,0.729594,54159
385,4,9.742602161456292,0.707453,61029
386,4,9.771030218488395,0.7031999999999998,61433
387,4,9.664399662274574,0.7212540000000002,53260
388,4,9.581515619845815,0.7302439999999999,53744
389,4,9.812728359385453,0.692814,62226
390,4,9.654397355465276,0.719893,55783
391,4,9.786547954790393,0.698607,62405
392,4,9.74258118664788,0.7084969999999999,56948
393,4,9.662655225899844,0.7172010000000002,57477
394,4,9.890977865552673,0.680683,65429
395,4,9.731527441547422,0.7077000000000001,59390
396,4,9.864963350307217,0.686443,65638
397,4,9.552154951409365,0.735901,48546
398,4,9.78466087028963,0.6984040000000002,57815
399,4,9.622165417495447,0.7260160000000001,50756
400,4,9.757068397325407,0.7045260000000001,58023
401,4,9.703912377946093,0.7068319999999998,58289
402,4,9.54170795832875,0.7348750000000002,51396
403,4,9.67695981398724,0.7133799999999999,58514
404,4,9.772486514847355,0.697299,60132
405,4,9.904838393295877,0.676764,66244
406,4,9.747450746693744,0.7032799999999998,60351
407,4,9.804112255745903,0.6964050000000002,61676
408,4,9.699026033189142,0.714124,53600
409,4,9.617381568290545,0.7228030000000001,54113
410,4,9.847978976961189,0.6858950000000001,62541
411,4,9.687831677758444,0.713131,56149
412,4,9.821110311004103,0.6915179999999999,62674
413,4,9.77408122850745,0.7017339999999999,57156
414,4,9.695648058363112,0.7100850000000001,57688
415,4,9.92371148140295,0.673873,65662
416,4,9.762481923772878,0.7010370000000001,59604
417,4,9.897221058343794,0.679555,65856
418,4,9.58653953836004,0.728587,48863
419,4,9.818397647132427,0.6916879999999999,58112
420,4,9.65398598738786,0.719368,51064
421,4,9.790332756603902,0.6975639999999999,58270
422,4,9.738997318635093,0.6995639999999997,58617
423,4,9.574927325383785,0.727819,51700
424,4,9.711644651771415,0.7059480000000004,58817
425,4,9.805260101003073,0.69063,60472
426,4,9.939004535711568,0.6697730000000002,66473
427,4,9.779400927704982,0.696537,60617
428,4,9.818666391284527,0.6931089999999996,58786
429,4,9.738196881940475,0.701655,59271
430,4,9.96568476380833,0.6652859999999999,66949
431,4,9.80904567263098,0.6921179999999999,61055
432,4,9.939828135208012,0.6711799999999999,67145
433,4,9.631762985883437,0.719585,50775
434,4,9.863170203794033,0.682501,59690
435,4,9.703699497389714,0.7097869999999998,52870
436,4,9.835489277052472,0.68871,59817
437,4,9.781820627680778,0.6905699999999998,60099
438,4,9.622183692528136,0.7185520000000002,53418
439,4,9.754555602538298,0.6972999999999999,60244
440,4,9.852111050303158,0.6812749999999997,61852
441,4,9.981669762798678,0.660971,67692
442,4,9.826696320880483,0.6873419999999999,61964
443,4,9.709380050180028,0.7070330000000001,54547
444,4,9.93821291611062,0.67073,62933
445,4,9.77768091369902,0.6979589999999998,56518
446,4,9.910583645122653,0.677083,63100
447,4,9.859904601922604,0.6785289999999999,63390
448,4,9.699489948867402,0.70616,57069
449,4,9.83273374345882,0.6851980000000002,63547
450,4,9.926497606032905,0.6698819999999999,65043
451,4,10.057264305576696,0.6497149999999999,70568
452,4,9.901220625147259,0.6760569999999998,65194
453,4,9.75331846439115,0.696435,55473
454,4,9.590041028345167,0.7246120000000001,48149
455,4,9.724981450325066,0.7033220000000001,55625
456,4,9.820914609782065,0.687474,57376
457,4,9.953137011024452,0.6670969999999999,63763
458,4,9.794642284235124,0.6936829999999998,57535
459,4,9.742073880113784,0.6953479999999999,57921
460,4,9.874252399356983,0.674974,64156
461,4,9.715714788385904,0.7022700000000003,58093
462,4,9.942601140646937,0.6657499999999997,65830
463,4,9.773904983301664,0.7099150000000003,52336
464,4,9.815307548008391,0.7013080000000002,54064
465,4,9.896075905135016,0.688488,57766
466,4,9.787284084905023,0.7067680000000003,48863
467,4,9.705508656748352,0.71515,49561
468,4,9.93410028299975,0.679341,58508
469,4,9.775598014818968,0.7056659999999999,51812
470,4,9.907996415422684,0.685432,58802
471,4,9.853074418010024,0.6943280000000001,54353
472,4,9.931647038648526,0.6816229999999999,57946
473,4,9.823309279186095,0.699998,49051
474,4,9.742689653366105,0.708108,49796
475,4,9.971019729152621,0.672668,58722
476,4,9.810801890480654,0.69911,52030
477,4,9.944676010405061,0.6785460000000001,58978
478,4,9.971258282456978,0.6736340000000002,59545
479,4,9.866304700002136,0.6912239999999998,51038
480,4,9.783421313505713,0.6996479999999999,51574
481,4,10.01146214183128,0.6639939999999999,60271
482,4,9.855878759017214,0.6901150000000001,53788
483,4,9.984813656165608,0.670426,60484
484,4,9.943903308162938,0.6788129999999999,54741
485,4,9.86419938980212,0.686867,55402
486,4,10.089364231806742,0.6519320000000001,63543
487,4,9.932398656716746,0.6781050000000001,57392
488,4,10.063691805722263,0.6580020000000001,63797
489,4,9.755160807487265,0.7051070000000002,46134
490,4,9.9840815744679,0.669644,55583
491,4,9.824715582439916,0.6959219999999998,48432
492,4,9.957267374318809,0.675924,55863
493,4,9.903778625666662,0.6772439999999998,56170
494,4,9.74449805917976,0.7041959999999999,49210
495,4,9.876908009223849,0.68412,56461
496,4,9.971440466141477,0.668612,58091
497,4,10.10156463556515,0.6494539999999999,64344
498,4,9.946639777382817,0.674747,58319
499,4,9.755548051833237,0.7118319999999999,54724
500,4,9.834494331488017,0.699197,58335
501,4,9.727256719337616,0.7172839999999999,49616
502,4,9.644524518585719,0.726035,50279
503,4,9.874111474212917,0.689819,59140
504,4,9.712558619958555,0.716758,52448
505,4,9.848617394158714,0.6951489999999999,59476
506,4,9.874934782866895,0.6909730000000002,59840
507,4,9.77023552592331,0.7085530000000002,51465
508,4,9.685438747653604,0.7174790000000003,51949
509,4,9.91486084174484,0.681035,60568
510,4,9.758196850810679,0.707616,54125
511,4,9.889037954359488,0.68689,60828
512,4,9.849296545475518,0.6958899999999999,55262
513,4,9.76721995949932,0.7045380000000001,55846
514,4,9.993602604331782,0.669005,63934
515,4,9.835658902272,0.6955380000000002,57803
516,4,9.968823950306009,0.6744849999999999,64227
517,4,9.658808407068765,0.722825,46750
518,4,9.889440704852335,0.686298,56086
519,4,9.728806759792626,0.713234,49012
520,4,9.863027429409643,0.6922279999999998,56431
521,4,9.806851421206758,0.694535,56595
522,4,9.646346157487732,0.7221279999999999,49697
523,4,9.780703887383169,0.7009689999999997,56950
524,4,9.875154670449772,0.6854699999999999,58521
525,4,10.006517203447132,0.6655059999999997,64727
526,4,9.851197594236398,0.6911919999999999,58815
527,4,9.91092536148811,0.68418,60089
528,4,9.807464829585726,0.7014750000000001,51758
529,4,9.7237950867525,0.7101760000000001,52289
530,4,9.952685768304628,0.6741910000000002,60848
531,4,9.79415882065517,0.700951,54441
532,4,9.926244746979565,0.6799700000000001,61074
533,4,9.883568826838156,0.689197,55457
534,4,9.802801247529077,0.6976149999999999,56041
535,4,10.028982194846106,0.662293,64119
536,4,9.869277962048324,0.688989,57983
537,4,10.003803454419973,0.667797,64414
538,4,9.6953589639055,0.7156780000000001,46983
539,4,9.925500021093608,0.6797769999999999,56304
540,4,9.76285280301633,0.7067330000000001,49207
541,4,9.898711634429704,0.6855599999999998,56610
542,4,9.844132664446715,0.6875719999999998,56842
543,4,9.681736688578788,0.7152770000000002,49908
544,4,9.817692510818707,0.69386,57181
545,4,9.91013628537421,0.6790969999999998,58742
546,4,10.043047009507838,0.6587569999999999,64900
547,4,9.885575078269307,0.68478,59011
548,4,9.925225931380352,0.6809680000000002,57137
549,4,9.842549786216068,0.689594,57626
550,4,10.068332513454676,0.654196,65440
551,4,9.913247939734427,0.6805610000000001,59513
552,4,10.043228077124663,0.6599260000000001,65717
553,4,9.737742607788041,0.7071150000000002,48910
554,4,9.967568981828318,0.6710100000000001,57975
555,4,9.809921185557684,0.6976460000000002,51103
556,4,9.940590681272646,0.677161,58200
557,4,9.884380508555957,0.6790869999999999,58370
558,4,9.726503618687847,0.7064940000000002,51667
559,4,9.857487983103054,0.6857320000000001,58637
560,4,9.954676741764441,0.670202,60219
561,4,10.082763951816393,0.650432,66165
562,4,9.92978033340553,0.6761129999999999,60392
563,4,9.816355964991702,0.6945769999999999,52843
564,4,10.043467528089996,0.6593469999999999,61365
565,4,9.88458724730671,0.6859319999999999,54836
566,4,10.01738988639768,0.6652969999999999,61631
567,4,9.963067926403584,0.6670370000000001,61843
568,4,9.804169082922249,0.6942510000000001,55453
569,4,9.937059907972554,0.6733800000000002,62100
570,4,10.029340313451348,0.658919,63507
571,4,10.15961585535462,0.638953,69195
572,4,10.005486664552297,0.66466,63757
573,4,9.858266794723166,0.6845839999999999,53677
574,4,9.696943652838906,0.7120509999999999,46339
575,4,9.831135175814826,0.6912100000000001,53988
576,4,9.925980179072864,0.6760090000000001,55633
577,4,10.057429321287751,0.6561260000000002,62205
578,4,9.901073017319783,0.6818469999999999,55884
579,4,9.845315150985737,0.6838559999999999,56238
580,4,9.976427361084163,0.6638770000000002,62628
581,4,9.820030169422177,0.6903999999999998,56494
582,4,10.044842926321454,0.6549969999999999,64264
583,4,9.84948897072256,0.6969780000000001,53992
584,4,9.9272559023933,0.6844780000000001,57618
585,4,9.818333516708503,0.7025270000000001,48639
586,4,9.738421872079781,0.710806,49431
587,4,9.966430301912254,0.675388,58472
588,4,9.805685669499697,0.7017700000000002,51658
589,4,9.940311983419182,0.6807210000000001,58701
590,4,9.9695132577408,0.6762739999999998,59266
591,4,9.863544972082043,0.6937920000000001,50682
592,4,9.781055898415707,0.702321,51217
593,4,10.00894163502445,0.6666699999999999,59998
594,4,9.8527424118205,0.6925440000000002,53414
595,4,9.982588834370718,0.6725299999999997,60198
596,4,9.940833290839167,0.6813580000000001,54436
597,4,9.861739785430014,0.6894009999999999,55122
598,4,10.086677631311778,0.6546820000000001,63353
599,4,9.929159450950502,0.680587,57129
600,4,10.06075892325205,0.660349,63551
601,4,9.751928857940916,0.7077049999999999,45750
602,4,9.980760963567166,0.6719989999999999,55323
603,4,9.820609373993513,0.698381,48067
604,4,9.953679405357788,0.6779740000000003,55582
605,4,9.900994041873732,0.679941,55948
606,4,9.740817746657775,0.706631,48837
607,4,9.873950142215094,0.686452,56165
608,4,9.96800447395074,0.6710650000000001,57884
609,4,10.098521881017074,0.6517180000000001,64180
610,4,9.94304822553665,0.67691,58103
611,4,10.004056964496446,0.669689,59457
612,4,9.89925556573524,0.6870040000000001,50930
613,4,9.817853631192868,0.6953030000000001,51535
614,4,10.045361105638484,0.659907,60245
615,4,9.887784651921114,0.685999,53750
616,4,10.0185651112126,0.665685,60401
617,4,9.973829516487948,0.6749710000000001,54583
618,4,9.89611925924409,0.682719,55293
619,4,10.120938949569872,0.6481270000000001,63528
620,4,9.96206918769572,0.6741430000000002,57309
621,4,10.094754140278082,0.653773,63731
622,4,9.787135477277463,0.7008700000000001,45963
623,4,10.01549488203824,0.6656540000000001,55518
624,4,9.8538452058127,0.6920310000000001,48276
625,4,9.988294072025601,0.671345,55748
626,4,9.937128683648828,0.6730789999999999,56205
627,4,9.77536514714167,0.7000290000000001,49080
628,4,9.909881139006735,0.6794250000000001,56395
629,4,10.002344087824778,0.6646220000000002,58144
630,4,10.13409640515614,0.644908,64349
631,4,9.97677980660113,0.67043,58291
632,4,10.017393004519214,0.6668129999999999,56424
633,4,9.937226795242205,0.6748659999999999,56968
634,4,10.16168512884602,0.64002,64913
635,4,10.007183862123219,0.6656510000000001,58909
636,4,10.135703602201254,0.645969,65112
637,4,9.831378589375737,0.6922969999999999,48062
638,4,10.059519329874258,0.65691,57309
639,4,9.902538917906336,0.682808,50309
640,4,10.032135796128694,0.663062,57486
641,4,9.978718094477797,0.6646319999999999,57795
642,4,9.821252693641977,0.6912370000000003,50925
643,4,9.951199216055636,0.6713519999999998,57934
644,4,10.048031643667878,0.655548,59667
645,4,10.175413697148771,0.6367010000000001,65697
646,4,10.022348371489393,0.661714,59771
647,4,9.908504314448928,0.679977,51938
648,4,10.134081104609413,0.6453279999999999,60663
649,4,9.975632340658448,0.671327,53991
650,4,10.106998134918317,0.6514840000000001,60833
651,4,10.05668244934307,0.6525839999999999,61257
652,4,9.89822360315132,0.6791039999999998,54719
653,4,10.02942942102754,0.659226,61400
654,4,10.12185502996243,0.6444769999999997,62964
655,4,10.251015451664754,0.625396,68670
656,4,10.096674416645687,0.6504650000000002,63069
657,4,9.950300441751493,0.6701880000000001,52905
658,4,9.789393477914093,0.6969380000000001,45332
659,4,9.92243823030917,0.6769189999999999,53087
660,4,10.01670559660966,0.6616190000000002,54882
661,4,10.147270898269857,0.6424140000000002,61539
662,4,9.99088849592762,0.6676850000000001,55048
663,4,9.938735217650647,0.6691199999999999,55622
664,4,10.069028323690784,0.6499609999999999,62091
665,4,9.912227898254315,0.675911,55705
666,4,10.135896081067925,0.641209,63746
667,4,9.907751699894519,0.6866560000000003,59775
668,4,9.8033542312283,0.7040400000000001,51355
669,4,9.720337607632363,0.7128200000000001,51954
670,4,9.9487082637431,0.6768840000000002,60566
671,4,9.789977071683735,0.7033009999999998,54081
672,4,9.923188306686946,0.6819270000000001,60834
673,4,9.8788465085573,0.6916919999999999,55089
674,4,9.798845648581585,0.700054,55730
675,4,10.02453938133359,0.6650430000000003,63909
676,4,9.864519662828116,0.6914280000000003,57710
677,4,9.999582065968818,0.6700640000000001,64181
678,4,9.690655413383453,0.7182299999999999,46541
679,4,9.920377911685515,0.6822059999999999,55982
680,4,9.757285372641268,0.709157,48789
681,4,9.89408283788337,0.6874849999999999,56325
682,4,9.839735972669052,0.690289,56609
683,4,9.676748706303153,0.717592,49547
684,4,9.813792456122131,0.6959710000000001,56916
685,4,9.905149878981113,0.6815990000000002,58539
686,4,10.0388304590559,0.6609350000000003,64779
687,4,9.880929684925475,0.6867799999999998,58798
688,4,9.922933504263602,0.683385,56810
689,4,9.840782520661321,0.692022,57323
690,4,10.066101903954,0.6567579999999998,65179
691,4,9.910743970795089,0.6826859999999998,59207
692,4,10.04148718988548,0.6619049999999999,65463
693,4,9.734923916581899,0.709755,48509
694,4,9.964404169896373,0.673543,57620
695,4,9.806277654280485,0.6999310000000001,50697
696,4,9.937996375915539,0.6791340000000001,57907
697,4,9.881735532763011,0.6818310000000001,58088
698,4,9.723133568857227,0.7089130000000001,51284
699,4,9.855394230541739,0.6878820000000001,58346
700,4,9.951421407980929,0.6724919999999999,59957
701,4,10.080414004671931,0.6525759999999998,65954
702,4,9.927129957941116,0.677891,60158
703,4,9.813574691099578,0.6968470000000001,52528
704,4,10.040340431723596,0.6615770000000002,61106
705,4,9.880906965186496,0.6880030000000001,54530
706,4,10.014169039356522,0.6672370000000001,61370
707,4,9.96050799597056,0.669528,61657
708,4,9.80111085714372,0.6964079999999998,55195
709,4,9.934545658627838,0.6754959999999999,61877
710,4,10.02609536601113,0.661119,63336
711,4,10.156835994138945,0.641163,69066
712,4,10.002264169619043,0.666524,63571
713,4,9.854981395282739,0.6869799999999998,53395
714,4,9.692768990261149,0.7142740000000002,45913
715,4,9.827883482726472,0.6933370000000001,53672
716,4,9.921820330803653,0.6781240000000002,55344
717,4,10.053914199854448,0.6580410000000001,61984
718,4,9.897130526994717,0.683648,55643
719,4,9.841750964814041,0.686186,56034
720,4,9.973674837888446,0.666117,62468
721,4,9.816477959840888,0.6923680000000001,56228
722,4,10.041511183772153,0.656915,64184
723,4,9.956779722876682,0.6767940000000001,57034
724,4,9.875959640340092,0.6851580000000002,57574
725,4,10.10094626553651,0.6500959999999999,65423
726,4,9.944103223353578,0.6762380000000002,59478
727,4,10.075627961244725,0.655461,65669
728,4,9.771663685730829,0.702344,48821
729,4,10.000488646808932,0.6667189999999998,57887
730,4,9.84073191290935,0.693211,51025
731,4,9.973533067896643,0.6723149999999999,58135
732,4,9.91901726021043,0.6745310000000001,58413
733,4,9.758918696739089,0.7018819999999999,51648
734,4,9.892138206905628,0.6805679999999998,58613
735,4,9.986613906788797,0.6658560000000001,60271
736,4,10.116648387668297,0.6457719999999999,66200
737,4,9.96138554639335,0.6713540000000001,60435
738,4,9.84703619356004,0.6901269999999999,52683
739,4,10.073443934818327,0.6552500000000001,61293
740,4,9.912436246798825,0.681721,54724
741,4,10.046873552981408,0.6608990000000001,61543
742,4,9.995101720887861,0.6626489999999998,61858
743,4,9.834105021315448,0.6897590000000001,55352
744,4,9.968705685859652,0.6686650000000001,62060
745,4,10.058906022041086,0.6546630000000001,63546
746,4,10.190732002924799,0.634607,69206
747,4,10.034330246192685,0.6602189999999999,63762
748,4,9.890599110760233,0.6800840000000001,53650
749,4,9.726725466180985,0.707473,46161
750,4,9.863247058273114,0.686219,53901
751,4,9.955286723781818,0.6717770000000001,55607
752,4,10.088707652066232,0.6514819999999999,62177
753,4,9.929770402201738,0.6773800000000001,55843
754,4,9.876528229012495,0.6793470000000001,56299
755,4,10.009776424384562,0.6589540000000002,62711
756,4,9.850692253888159,0.6855610000000001,56479
757,4,10.075118567299967,0.650468,64357
758,4,9.890208814080982,0.6821360000000001,54492
759,4,10.11617501579068,0.6470540000000002,62776
760,4,9.959948001240651,0.6730879999999999,56415
761,4,10.089953381230632,0.6528329999999998,63015
762,4,10.035790893749542,0.654775,63225
763,4,9.879116330559778,0.681485,56967
764,4,10.009531579592558,0.6609350000000002,63424
765,4,10.103652258127928,0.6463019999999998,64863
766,4,10.231306058416662,0.6266279999999999,70333
767,4,10.079347371078143,0.6518520000000001,65026
768,4,9.933804584229438,0.6716190000000003,55364
769,4,9.77451199446403,0.6987739999999999,48141
770,4,9.906258084439559,0.6780449999999999,55555
771,4,10.002885484196181,0.6627979999999999,57245
772,4,10.13161333208711,0.6432010000000001,63593
773,4,9.977405314048214,0.668528,57430
774,4,9.921770880620603,0.6707650000000002,57809
775,4,10.050527626937113,0.6508929999999998,63974
776,4,9.895699562315894,0.677135,57915
777,4,10.120269660873362,0.641816,65627
778,4,10.00943053434178,0.6598780000000001,58960
779,4,9.849310265596387,0.686766,52109
780,4,9.982010561145417,0.6663260000000001,59127
781,4,10.074737700276703,0.6518219999999999,60680
782,4,10.204897602226186,0.632251,66673
783,4,10.049562883726805,0.657654,60870
784,4,9.996861058281004,0.6591790000000001,61294
785,4,10.126842487257484,0.639516,67119
786,4,9.971175076747068,0.665597,61416
787,4,10.192732678850701,0.6313179999999999,68629
788,4,9.892158359645848,0.6764389999999999,53034
789,4,10.023751067737006,0.6565650000000001,59796
790,4,9.86587918436545,0.6828770000000001,53180
791,4,10.090999313449085,0.64781,61520
792,4,10.012086920801503,0.6555620000000001,62096
793,5,9.828712969363295,0.700588,61853
794,5,9.860197302685801,0.6929288,63155
795,5,9.923175514884363,0.6820023999999998,66388
796,5,9.839458269309894,0.6971416000000001,59003
797,5,9.77482504245556,0.7051552000000002,59376
798,5,9.952884805853145,0.6742176,66997
799,5,9.82954194770631,0.6966608000000001,61228
800,5,9.932023445133831,0.6796384,67194
801,5,9.887601437454807,0.6868848000000001,63421
802,5,9.94899979467622,0.6758872,66577
803,5,9.865650290337271,0.6911927999999998,59223
804,5,9.801896069668622,0.6989896,59622
805,5,9.97985239577923,0.6683479999999999,67238
806,5,9.854965756043851,0.6910319999999999,61455
807,5,9.958669131795403,0.6735032,67390
808,5,9.978882450187314,0.6688088,67752
809,5,9.898179796911107,0.6833832000000001,60687
810,5,9.832783053718174,0.6914248000000001,60974
811,5,10.010383340112332,0.6605608000000002,68403
812,5,9.889172957050112,0.6829776000000003,62745
813,5,9.989391576198347,0.6662536,68525
814,5,9.95865686046844,0.6728032,63925
815,5,9.89560805501272,0.6805495999999999,64260
816,5,10.071274498704648,0.6500712000000001,71231
817,5,9.94889568774499,0.6726800000000002,65923
818,5,10.05076476776921,0.6555016,71413
819,5,9.811801193441916,0.6957032,56600
820,5,9.990042702066845,0.6649376,64613
821,5,9.866073185877866,0.6874272,58480
822,5,9.968547788440864,0.6705008,64787
823,5,9.926431314222068,0.6724216000000002,64913
824,5,9.802639457174571,0.6954648000000001,58931
825,5,9.905293643190358,0.6782928,65127
826,5,9.979357474713874,0.6646447999999999,66517
827,5,10.080364294778969,0.6481504,71849
828,5,9.959521298139197,0.6700344,66663
829,5,9.813765135072826,0.7022296000000001,63688
830,5,9.875391057595165,0.6914016,66834
831,5,9.792724817606375,0.7064720000000002,59593
832,5,9.727372385551234,0.7147656000000002,59946
833,5,9.906425556860015,0.6835712000000002,67525
834,5,9.780604489173353,0.7064896000000002,61762
835,5,9.885860484980938,0.6881776000000002,67722
836,5,9.905964067334644,0.6840983999999998,67950
837,5,9.825375704254268,0.6987040000000001,60970
838,5,9.758489929706048,0.7071616,61215
839,5,9.937294723727025,0.6756992,68589
840,5,9.8152633229325,0.698332,62982
841,5,9.91688642152423,0.6808136,68748
842,5,9.88689255377652,0.6880016,64253
843,5,9.82205461352874,0.6961984000000001,64551
844,5,9.998744295945196,0.6653408000000001,71475
845,5,9.875672469775504,0.6881048,66212
846,5,9.97889935418695,0.6701831999999999,71688
847,5,9.738639954328736,0.7113368,56998
848,5,9.918288726073406,0.6798392000000001,64956
849,5,9.793311275013568,0.7027511999999998,58885
850,5,9.897043116202791,0.6850168000000003,65146
851,5,9.852905870819075,0.6877520000000003,65180
852,5,9.728188561342686,0.7112119999999998,59247
853,5,9.832276413935013,0.6932447999999999,65435
854,5,9.906430724882028,0.6796624000000001,66797
855,5,10.008408484913659,0.6625880000000001,72110
856,5,9.88718083150786,0.6846103999999998,66983
857,5,9.932152104280272,0.6780023999999999,68199
858,5,9.852481145627706,0.6924152,61278
859,5,9.786503097754299,0.7007088,61560
860,5,9.964962429795825,0.6696824,68888
861,5,9.84133325623144,0.6925407999999998,63305
862,5,9.943996016087285,0.6746104,69007
863,5,9.911817162008564,0.6818896,64483
864,5,9.848014765873298,0.6899447999999999,64780
865,5,10.02462127246354,0.6593344000000003,71713
866,5,9.90003073027319,0.6822904000000002,66420
867,5,10.004388895442858,0.6640064000000002,71923
868,5,9.765373886346618,0.7050112,57283
869,5,9.944664386825904,0.6739880000000001,65222
870,5,9.818021011081427,0.6970447999999999,59133
871,5,9.92306951837508,0.6789864000000002,65390
872,5,9.880238898450909,0.6816719999999998,65484
873,5,9.753927814461017,0.7052584,59512
874,5,9.859304956508991,0.6869216000000002,65726
875,5,9.931936076526656,0.6740960000000001,67096
876,5,10.035168418087766,0.6565536,72335
877,5,9.912104062900024,0.6789320000000001,67220
878,5,9.943249699250078,0.6745807999999999,65728
879,5,9.878049376980233,0.6827663999999999,65985
880,5,10.05422715330367,0.6520352,72705
881,5,9.933221582757799,0.6747072000000003,67539
882,5,10.034424088153346,0.6570632,72914
883,5,9.797491504589626,0.6972872000000001,58724
884,5,9.97644687095845,0.6661224000000003,66455
885,5,9.853673599478627,0.6888496000000002,60516
886,5,9.955079489949236,0.6714696000000001,66562
887,5,9.910688187924572,0.6739632000000001,66621
888,5,9.787882522902148,0.697308,60819
889,5,9.88977210039545,0.6796063999999998,66809
890,5,9.965582199191774,0.6660215999999999,68153
891,5,10.065428895636424,0.6489912000000001,73269
892,5,9.945934225332246,0.6711328000000002,68233
893,5,9.858513679330663,0.686764,62090
894,5,10.03559986749548,0.6561296000000001,69371
895,5,9.91183991258257,0.6789320000000001,63788
896,5,10.014711595530827,0.6612511999999997,69549
897,5,9.9719783488235,0.6636839999999999,69598
898,5,9.848312530052159,0.6869448,64105
899,5,9.95151876392271,0.6689816,69801
900,5,10.023936857971668,0.6562887999999998,71026
901,5,10.125281635415877,0.6390224,75910
902,5,10.004822373823057,0.6612743999999999,71188
903,5,9.89114562742584,0.6783167999999997,62804
904,5,9.765761694889015,0.7017208000000001,56514
905,5,9.869699652075731,0.683936,63009
906,5,9.944085901155399,0.6705751999999999,64460
907,5,10.046065320091559,0.6534559999999999,70022
908,5,9.924073991566415,0.6756399999999998,64587
909,5,9.880197510374916,0.6782800000000001,64756
910,5,9.98216762853589,0.6610263999999998,70212
911,5,9.860263990800107,0.6838112000000002,64941
912,5,10.035522879518167,0.6531824,71623
913,5,9.887692803906207,0.6886351999999999,63226
914,5,9.948338346537412,0.6780104000000002,66380
915,5,9.864499519001598,0.6930248000000002,58978
916,5,9.80158146375299,0.7008528,59420
917,5,9.97899472335541,0.670344,67093
918,5,9.853988051593587,0.6928471999999997,61252
919,5,9.958137681306349,0.6749744000000001,67263
920,5,9.980256306160276,0.6707464000000001,67594
921,5,9.898760228611565,0.6852424,60511
922,5,9.833931637569703,0.6932975999999997,60798
923,5,10.011229707435502,0.6625000000000002,68283
924,5,9.889785106846226,0.684616,62566
925,5,9.99053765212607,0.6677032000000002,68432
926,5,9.9588776221785,0.6748495999999998,63746
927,5,9.896571243603422,0.6825360000000003,64125
928,5,10.071843243163881,0.6522792000000001,71137
929,5,9.949241045331707,0.6745696,65784
930,5,10.051237610292025,0.6573480000000002,71292
931,5,9.8121532706942,0.6976055999999999,56417
932,5,9.990086308291541,0.6667464000000002,64494
933,5,9.86571334047112,0.6892360000000001,58302
934,5,9.968463039278776,0.6720088000000001,64685
935,5,9.927112547134794,0.6743432,64824
936,5,9.802943966660793,0.6971504,58764
937,5,9.906014725578371,0.6799376000000001,65019
938,5,9.979540643807706,0.6664687999999998,66414
939,5,10.080722029692348,0.6498320000000001,71827
940,5,9.959711002090387,0.6715512000000001,66614
941,5,10.005345023296272,0.6648191999999998,67783
942,5,9.924742025244585,0.6792792,60783
943,5,9.860755434219236,0.6871079999999998,61093
944,5,10.03782749399906,0.656528,68526
945,5,9.915083300449627,0.6789344,62875
946,5,10.016711777835717,0.6615456000000001,68627
947,5,9.982881419392925,0.6690112,63921
948,5,9.921675126283334,0.6764456000000001,64318
949,5,10.096896131024387,0.6463288,71336
950,5,9.973047354341496,0.6688328000000002,65986
951,5,10.07601711657158,0.6511816,71492
952,5,9.83793345907806,0.6915728000000001,56675
953,5,10.015537167461492,0.6610368,64736
954,5,9.889797778541862,0.6837272,58550
955,5,9.993712331353256,0.6660544000000002,64880
956,5,9.953623219911824,0.6682832,65093
957,5,9.828022704230092,0.6913952000000001,59014
958,5,9.932279722450676,0.6736648000000001,65264
959,5,10.004541527472146,0.6608239999999997,66701
960,5,10.10679936003359,0.6437480000000001,72008
961,5,9.984130840661095,0.6658168000000001,66810
962,5,10.01567940045401,0.6617583999999999,65281
963,5,9.952634524172979,0.6694432,65584
964,5,10.127563360923624,0.6390624000000001,72396
965,5,10.007121281396604,0.6612520000000001,67151
966,5,10.10712582498544,0.6443824000000001,72545
967,5,9.871317296824998,0.6838512000000002,58254
968,5,10.048754585977036,0.6531264000000001,66090
969,5,9.926664140413278,0.6754327999999998,60048
970,5,10.027111169091935,0.6586584000000001,66185
971,5,9.985045137215733,0.6606472000000001,66332
972,5,9.86278709413024,0.6834975999999999,60409
973,5,9.963785722296327,0.6664168000000003,66433
974,5,10.039092656852462,0.6526552000000001,67842
975,5,10.13823900215392,0.6362984,73049
976,5,10.018985416517086,0.6579920000000002,67925
977,5,9.931188419683465,0.6736312,61545
978,5,10.106858531382494,0.6432847999999999,68937
979,5,9.9835454390468,0.6658024,63238
980,5,10.085254785268635,0.6487407999999999,69055
981,5,10.045722370313392,0.6504488000000002,69255
982,5,9.922564551009655,0.6733032000000002,63656
983,5,10.024454595895362,0.6560824,69373
984,5,10.09673817793941,0.6430648000000001,70688
985,5,10.197124111030579,0.6264896,75607
986,5,10.076746602264471,0.6483328000000002,70786
987,5,9.963743959968395,0.6651696,62375
988,5,9.838924258440823,0.68808,55944
989,5,9.94184294481867,0.6709376,62508
990,5,10.015621977697393,0.6574287999999999,63994
991,5,10.116729799896403,0.6408216,69644
992,5,9.995018184921925,0.6627648000000002,64126
993,5,9.954018168182548,0.6648056,64408
994,5,10.055209309019915,0.6480863999999998,69931
995,5,9.933369348244067,0.6705696,64535
996,5,10.107312215195234,0.6403728000000002,71352
997,5,9.932416071704777,0.6798112,68026
998,5,9.851971335212456,0.6943064,61062
999,5,9.78676213771725,0.7025336,61388
1000,5,9.964625095046957,0.6716208000000002,68748
1001,5,9.841097433573676,0.6941504000000001,63124
1002,5,9.94441386280536,0.6759216,68918
1003,5,9.910764587078816,0.6838792000000001,64249
1004,5,9.847828166110382,0.691792,64618
1005,5,10.023806316494865,0.6614888000000002,71585
1006,5,9.899210679791853,0.6841248000000001,66271
1007,5,10.003821650790155,0.6656824,71783
1008,5,9.7645483256062,0.7069048000000002,57022
1009,5,9.943278218299156,0.6758591999999999,65040
1010,5,9.816516783273086,0.6988896000000001,58893
1011,5,9.922099100537473,0.6804175999999997,65238
1012,5,9.879637878659887,0.6835815999999999,65362
1013,5,9.75320683102715,0.7068376,59332
1014,5,9.859220513113046,0.6883400000000002,65595
1015,5,9.930879364248998,0.6759408,66964
1016,5,10.034539356444718,0.658116,72304
1017,5,9.911440571276218,0.6802936,67141
1018,5,9.944054668704842,0.6764647999999998,65533
1019,5,9.879506862099333,0.6846495999999999,65838
1020,5,10.055202086613198,0.6540000000000001,72575
1021,5,9.934176283263929,0.6763023999999999,67380
1022,5,10.035747480346693,0.6585407999999999,72784
1023,5,9.798089830723017,0.6992728000000001,58522
1024,5,9.976672228650708,0.6680232000000002,66293
1025,5,9.853685767634149,0.6906143999999999,60301
1026,5,9.955696436542109,0.672892,66456
1027,5,9.911491495637366,0.6759632000000001,66518
1028,5,9.788411289248137,0.6990568,60645
1029,5,9.891049947806009,0.6811016,66693
1030,5,9.965973146234012,0.6677352,68027
1031,5,10.06633763213226,0.6505559999999999,73237
1032,5,9.946827465054145,0.6723512000000001,68175
1033,5,9.859118828420039,0.6885936,61937
1034,5,10.035755548350224,0.6579752,69223
1035,5,9.9117204763686,0.68064,63610
1036,5,10.014788140172987,0.6628255999999999,69402
1037,5,9.972754173100677,0.6656024,69519
1038,5,9.848962150612032,0.688612,63995
1039,5,9.952400650353942,0.6706143999999998,69691
1040,5,10.024218720693128,0.6580696000000001,70934
1041,5,10.125741489477694,0.6407592000000001,75870
1042,5,10.005161783055424,0.6626464000000001,71113
1043,5,9.891313839584907,0.6801744000000002,62674
1044,5,9.765522538695736,0.7034312,56306
1045,5,9.869970630737205,0.6855328,62874
1046,5,9.943603969207853,0.6722863999999998,64296
1047,5,10.045893630955527,0.6549408,69947
1048,5,9.923754807620208,0.6770439999999999,64494
1049,5,9.880417083841733,0.6799823999999999,64660
1050,5,9.982818945826077,0.6626279999999999,70193
1051,5,9.860607602561485,0.6851848000000003,64853
1052,5,10.035733512508566,0.6545608,71640
1053,5,9.9686932324185,0.6704600000000002,65776
1054,5,9.905229053044822,0.6783568000000001,66096
1055,5,10.080692090359614,0.6479751999999999,72823
1056,5,9.958350593480503,0.6705488000000001,67650
1057,5,10.060682607120631,0.6525016,73002
1058,5,9.825020001995691,0.6926464000000001,58862
1059,5,10.00307230592107,0.6619184000000002,66579
1060,5,9.878691365346542,0.6846968,60647
1061,5,9.981666644645472,0.6667224000000002,66709
1062,5,9.938862388748216,0.6694784000000003,66835
1063,5,9.81447028035148,0.6928544,60999
1064,5,9.918001693755226,0.6745168000000001,66987
1065,5,9.991645010608,0.6618824000000001,68369
1066,5,10.092906494554292,0.6443920000000002,73458
1067,5,9.97172303426213,0.6665144000000002,68450
1068,5,9.883617556662198,0.6824528000000001,62139
1069,5,10.059966464742867,0.6521239999999999,69459
1070,5,9.934588872659328,0.6749808000000002,63839
1071,5,10.038679699202076,0.6568784,69612
1072,5,9.998147217302545,0.6593992000000001,69754
1073,5,9.872986225268798,0.6826632,64192
1074,5,9.977451507013532,0.6642928000000001,69919
1075,5,10.04814480023907,0.6522808,71191
1076,5,10.150632130582897,0.6347024000000001,76053
1077,5,10.028484697345155,0.6568928,71331
1078,5,9.917527892688797,0.6739799999999998,62983
1079,5,9.790320090595529,0.6974463999999999,56602
1080,5,9.895950290883295,0.6791623999999999,63155
1081,5,9.968044226184443,0.6666352000000002,64610
1082,5,10.071449939066873,0.6489992,70173
1083,5,9.947535733003456,0.67146,64741
1084,5,9.905871501356378,0.6739984000000001,64977
1085,5,10.009385832678005,0.6562568000000001,70449
1086,5,9.88558615597643,0.6791528000000001,65142
1087,5,10.060320219898827,0.6488176000000002,71860
1088,5,9.916120327628692,0.6752008000000002,63511
1089,5,10.092144896061958,0.6447456,70581
1090,5,9.970439345575882,0.6672000000000001,65091
1091,5,10.071394229227483,0.6497528000000004,70745
1092,5,10.02882150356092,0.6522496000000002,70824
1093,5,9.906953884757739,0.6751712,65415
1094,5,10.008471591420951,0.6574520000000001,70986
1095,5,10.08186532393228,0.6447056000000001,72185
1096,5,10.18142058907367,0.6275400000000001,76942
1097,5,10.06274386685262,0.6494376,72302
1098,5,9.950183409226684,0.6662799999999999,64285
1099,5,9.82646732221045,0.6894608000000002,58085
1100,5,9.928709013760928,0.6717368,64401
1101,5,10.004024509564978,0.6584648,65818
1102,5,10.104131666906783,0.6414240000000001,71255
1103,5,9.983886430774806,0.6634224000000002,65928
1104,5,9.940078874095262,0.6661784,66112
1105,5,10.040444004668771,0.6488928,71429
1106,5,9.919946664999882,0.6715328,66213
1107,5,10.094700267787088,0.640948,72804
1108,5,10.008922681607238,0.6564864000000001,67310
1109,5,9.884507301284462,0.6795295999999998,61468
1110,5,9.987401328923402,0.6618144000000001,67430
1111,5,10.060017618746459,0.6491576,68769
1112,5,10.161064078418077,0.6320463999999999,73893
1113,5,10.039898930885165,0.6541728000000002,68903
1114,5,9.998561779154834,0.6564008,69097
1115,5,10.099710461967426,0.6391328,74112
1116,5,9.978474162740378,0.6617151999999998,69225
1117,5,10.151138131570496,0.6318304000000001,75423
1118,5,9.917716999005666,0.6707720000000001,62237
1119,5,10.019865269811625,0.6535104000000002,67991
1120,5,9.897072196560831,0.6762288,62376
1121,5,10.072222789988555,0.6457648000000001,69470
1122,5,10.010143368419431,0.653232,69768
1123,5,9.970239041686732,0.6770400000000001,61743
1124,5,10.031437516324134,0.6663032,64971
1125,5,9.948882578544795,0.6813143999999999,57398
1126,5,9.884465682384429,0.68894,57900
1127,5,10.060481556598727,0.6592288000000001,65644
1128,5,9.936797738189282,0.6812935999999998,59794
1129,5,10.040506428623363,0.6637736000000001,65883
1130,5,10.060858313302477,0.6595536,66233
1131,5,9.980589260280185,0.6739944,58933
1132,5,9.914363144250247,0.6818999999999997,59241
1133,5,10.090378602669809,0.6518784,66820
1134,5,9.97027622562597,0.6735543999999999,61148
1135,5,10.070145748948956,0.6569944,67015
1136,5,10.041477767130404,0.6633992,62274
1137,5,9.97753454484155,0.6709376000000001,62704
1138,5,10.15137274983445,0.6415144,69806
1139,5,10.030069941595485,0.6633728000000001,64423
1140,5,10.131865527062356,0.6463312,70039
1141,5,9.8945191735135,0.6859608000000003,54849
1142,5,10.071092798790541,0.6559568000000001,62973
1143,5,9.948178748460402,0.6778624,56799
1144,5,10.05051970166531,0.6609936000000001,63243
1145,5,10.00668281845199,0.6633248,63331
1146,5,9.88386969133169,0.6856744000000001,57288
1147,5,9.986395401809423,0.6687400000000001,63625
1148,5,10.059085727607428,0.6557743999999999,65015
1149,5,10.15967682459383,0.6395448,70465
1150,5,10.040227290530957,0.660592,65246
1151,5,10.088422582376305,0.6535056,66427
1152,5,10.00884037004031,0.6678688,59168
1153,5,9.943435567025682,0.6756104000000002,59535
1154,5,10.119210359890854,0.6458208000000002,67048
1155,5,9.997816325407703,0.6678167999999998,61432
1156,5,10.098617424515385,0.6508311999999998,67215
1157,5,10.067833813580762,0.6574696,62433
1158,5,10.004890324994935,0.6648488000000001,62890
1159,5,10.178687373049772,0.6355376,69983
1160,5,10.056179121414688,0.6575911999999999,64606
1161,5,10.158948040255742,0.6402232,70203
1162,5,9.922262762709938,0.6798840000000002,55031
1163,5,10.098540599795015,0.6502568000000002,63145
1164,5,9.974264104986867,0.6723208,56961
1165,5,10.077878328978215,0.6551024000000001,63393
1166,5,10.035160159051044,0.6572984000000001,63549
1167,5,9.910957292569693,0.6799120000000001,57482
1168,5,10.014693162922935,0.6625336000000002,63823
1169,5,10.086030583230041,0.6502080000000001,65221
1170,5,10.187786453087638,0.6335159999999999,70614
1171,5,10.066786976246329,0.6549280000000002,65407
1172,5,10.098288973789806,0.6505936000000001,63837
1173,5,10.033648874869273,0.6582816000000001,64168
1174,5,10.207275228136938,0.6286928,71070
1175,5,10.088162773386475,0.6505000000000001,65857
1176,5,10.187576063876483,0.633804,71289
1177,5,9.953405011406424,0.6725928000000001,56611
1178,5,10.129602170717954,0.6427504,64543
1179,5,10.008987828593483,0.6644264000000001,58524
1180,5,10.108718678499981,0.6481024000000001,64730
1181,5,10.06453759787513,0.6501351999999998,64792
1182,5,9.943720823164883,0.6725039999999999,58902
1183,5,10.043795680507822,0.6557720000000001,65010
1184,5,10.118709474254409,0.6424584000000001,66415
1185,5,10.21694069368273,0.6264952,71686
1186,5,10.099208967644888,0.6475752,66548
1187,5,10.014113879028415,0.6621296000000001,60057
1188,5,10.18844531149947,0.6327528,67542
1189,5,10.066512340819507,0.6546432000000001,61794
1190,5,10.168164298662038,0.6378423999999999,67738
1191,5,10.125689339117093,0.6397568,67883
1192,5,10.003837822084337,0.6621632000000001,62265
1193,5,10.105495278829993,0.6450792000000001,68101
1194,5,10.176618615522106,0.6328096,69347
1195,5,10.276725350230906,0.6163736,74384
1196,5,10.157854763098738,0.6376807999999999,69525
1197,5,10.0449400864808,0.6543823999999999,60780
1198,5,9.921685457373611,0.6766872000000002,54374
1199,5,10.024181794123379,0.6598728000000001,61049
1200,5,10.096983286395833,0.6469680000000001,62469
1201,5,10.19770919454889,0.630792,68242
1202,5,10.077598036512677,0.6519344,62659
1203,5,10.033964566994792,0.654224,62920
1204,5,10.134553361409022,0.6378288000000001,68569
1205,5,10.01433463840858,0.6596112,63120
1206,5,10.186795799408129,0.6304112000000001,69974
1207,5,10.014412237020554,0.6685727999999999,66645
1208,5,9.935265519798305,0.6827608000000001,59504
1209,5,9.868495806604841,0.6910503999999998,59845
1210,5,10.045052706849242,0.6607784000000001,67305
1211,5,9.922713443292238,0.6829799999999999,61677
1212,5,10.025148077069206,0.6652175999999999,67533
1213,5,9.994878395798736,0.6723624,62801
1214,5,9.930167596447534,0.6803007999999999,63205
1215,5,10.104681497979948,0.6506808000000002,70279
1216,5,9.981245153635582,0.6729632000000001,64881
1217,5,10.085676524283215,0.6547599999999999,70539
1218,5,9.848258084546284,0.6952088000000001,55483
1219,5,10.02564806211526,0.6648415999999998,63525
1220,5,9.900212471642908,0.6873696000000001,57362
1221,5,10.005359636461082,0.6693424,63836
1222,5,9.960466755055293,0.672512,63870
1223,5,9.835271302732496,0.6954192,57837
1224,5,9.940715163765589,0.6772344,64218
1225,5,10.01151420623068,0.6651695999999998,65539
1226,5,10.114504545623364,0.6478520000000001,70967
1227,5,9.992981431852115,0.6694008000000001,65787
1228,5,10.025698482507392,0.6653616,64105
1229,5,9.959448890364923,0.6736008,64411
1230,5,10.133841957580051,0.6436464,71267
1231,5,10.013991994527627,0.6656184000000002,66051
1232,5,10.114962229610454,0.6480864,71521
1233,5,9.879371286806089,0.6879608,56962
1234,5,10.056721348628871,0.6574240000000001,64802
1235,5,9.935136191544899,0.6794775999999998,58831
1236,5,10.036247016653144,0.6623304000000002,65040
1237,5,9.990105433929585,0.6653528000000001,65024
1238,5,9.868339543478971,0.6880776,59182
1239,5,9.969935732622027,0.6704624000000001,65301
1240,5,10.04462670424991,0.6573584000000001,66669
1241,5,10.143838494764902,0.6407056000000001,71879
1242,5,10.025838534858172,0.6618952000000001,66829
1243,5,9.941132146642618,0.677236,60490
1244,5,10.116441104029768,0.6473784000000002,67880
1245,5,9.993695679852392,0.6695088000000001,62183
1246,5,10.096629140180884,0.651972,68123
1247,5,10.051810512625662,0.6549680000000002,68196
1248,5,9.929157397494997,0.677664,62605
1249,5,10.032360589030665,0.6597128000000003,68448
1250,5,10.103062010753364,0.6477624000000001,69647
1251,5,10.204181383350564,0.6307343999999999,74677
1252,5,10.08507576525579,0.6520568,69883
1253,5,9.97188418198734,0.669284,61186
1254,5,9.847540143860801,0.6920296,54830
1255,5,9.951365935541464,0.6744671999999998,61493
1256,5,10.024265161979288,0.6615911999999998,62862
1257,5,10.125896691901385,0.6447384000000002,68591
1258,5,10.005386689075584,0.666096,63113
1259,5,9.959577714867772,0.6693328,63274
1260,5,10.06115715082394,0.6523616000000001,68857
1261,5,9.94055438628819,0.6742760000000001,63508
1262,5,10.11415477401363,0.6445032,70316
1263,5,10.052586687293502,0.6592719999999999,64348
1264,5,9.987297916748634,0.6673607999999999,64664
1265,5,10.161509282212904,0.6375712,71496
1266,5,10.040324413297652,0.6598248000000001,66308
1267,5,10.142099928729438,0.6421136000000001,71729
1268,5,9.908162501415305,0.6813784,57241
1269,5,10.085127180199414,0.6512864000000002,65057
1270,5,9.962033037837802,0.6735631999999999,59105
1271,5,10.064236973607056,0.6561472000000002,65253
1272,5,10.01937314927737,0.6589248,65312
1273,5,9.896230520693463,0.6819151999999998,59480
1274,5,9.998839826579783,0.663992,65560
1275,5,10.072123371798911,0.6515599999999997,66920
1276,5,10.172392018389784,0.6345512000000001,72091
1277,5,10.05274035358887,0.6561424,67080
1278,5,9.96761876878193,0.6711495999999999,60676
1279,5,10.142727108815874,0.6415568000000001,68079
1280,5,10.018586658435108,0.6638592000000001,62372
1281,5,10.122633881277643,0.6461264,68315
1282,5,10.079166902275752,0.6488408000000001,68390
1283,5,9.955135261340866,0.6717408,62777
1284,5,10.059420022620039,0.6535791999999999,68647
1285,5,10.128933140286334,0.6420415999999998,69837
1286,5,10.231105231112545,0.6247512000000001,74833
1287,5,10.11050350551889,0.6464248,70076
1288,5,9.999758289004603,0.6632128000000002,61402
1289,5,9.873932466266373,0.6861456000000001,55022
1290,5,9.979095438460059,0.6682199999999999,61705
1291,5,10.050377202077593,0.6560672000000002,63073
1292,5,10.153262117715222,0.6389072,68763
1293,5,10.03098406338135,0.6606503999999999,63283
1294,5,9.986652517954642,0.6634952,63475
1295,5,10.089480010820653,0.6461264000000002,69065
1296,5,9.967316106466223,0.6684104000000001,63729
1297,5,10.140506923613673,0.6389288,70453
1298,5,9.997923831812896,0.6642263999999999,62050
1299,5,10.17284030616859,0.6345128,69240
1300,5,10.052367150389273,0.6564456000000002,63697
1301,5,10.152870269981651,0.6393272000000002,69461
1302,5,10.107843267059936,0.6420248000000001,69472
1303,5,9.987161134733125,0.6646488000000002,64036
1304,5,10.08806168086948,0.64708,69707
1305,5,10.16086023892342,0.6348031999999998,70877
1306,5,10.259678833350701,0.617936,75724
1307,5,10.142415989223554,0.6393488,71065
1308,5,10.030365320280714,0.655928,62750
1309,5,9.90808606611708,0.6785879999999999,56534
1310,5,10.009450119029582,0.6612664,62981
1311,5,10.08450404166941,0.6482575999999998,64367
1312,5,10.183646668218584,0.6317440000000001,69895
1313,5,10.064935174897812,0.6530607999999999,64510
1314,5,10.019122859715354,0.6560832000000001,64668
1315,5,10.118338167317496,0.6391720000000002,70072
1316,5,9.999400559791509,0.6612520000000001,64830
1317,5,10.172806309919112,0.631404,71456
1318,5,10.08987651127271,0.6459952000000002,65937
1319,5,9.966732902292428,0.6685512,60033
1320,5,10.069479896657135,0.6509824000000001,66148
1321,5,10.141019903823036,0.6389824,67405
1322,5,10.241826087954793,0.6221344000000001,72681
1323,5,10.122139568686388,0.6435816,67607
1324,5,10.077876999416832,0.6462608000000001,67772
1325,5,10.178615673932017,0.6291943999999998,72908
1326,5,10.058863779577624,0.6512384,67968
1327,5,10.230060593355484,0.6222303999999999,74183
1328,5,9.998619734492564,0.6603288,60755
1329,5,10.100082664688118,0.6433895999999999,66629
1330,5,9.978977740765165,0.6653975999999999,60946
1331,5,10.152730056956244,0.6358504,68066
1332,5,10.089044116388331,0.643316,68407
1333,5,10.087298852995978,0.6557064000000002,66192
1334,5,10.007127157904332,0.6699208000000001,58899
1335,5,9.942207451230995,0.6778272000000003,59298
1336,5,10.11755158618304,0.6480160000000001,66855
1337,5,9.995868737144038,0.6698256000000002,61161
1338,5,10.097375068793514,0.6525160000000001,67037
1339,5,10.065428171255958,0.6597207999999999,62162
1340,5,10.003110518124625,0.6671096000000001,62663
1341,5,10.176509626876047,0.6380072,69824
1342,5,10.05362825099141,0.6599184000000001,64386
1343,5,10.156725059851244,0.6422752000000002,70018
1344,5,9.920077487173485,0.6819624000000002,54751
1345,5,10.096018481455387,0.6522776,62944
1346,5,9.971283288418803,0.6743896,56678
1347,5,10.075382348290484,0.6567807999999998,63189
1348,5,10.033201211429226,0.6594696000000001,63409
1349,5,9.908435846582249,0.6819304,57229
1350,5,10.012822956280077,0.6643368000000001,63632
1351,5,10.083460412266128,0.6523768,65082
1352,5,10.18561707017755,0.6354104,70545
1353,5,10.064213674115177,0.6567280000000002,65258
1354,5,10.097909231022932,0.6527543999999997,63621
1355,5,10.033687944452257,0.6604471999999999,63958
1356,5,10.20695040270023,0.6310032,70897
1357,5,10.087497120653492,0.6524808,65633
1358,5,10.187416108200047,0.6357007999999998,71111
1359,5,9.95280825736303,0.6747823999999999,56360
1360,5,10.128732447227817,0.6447248,64324
1361,5,10.007605955550709,0.6664344000000002,58245
1362,5,10.107938342504312,0.6497535999999999,64538
1363,5,10.064085557489394,0.6523496000000001,64633
1364,5,9.942580937559928,0.6744831999999998,58631
1365,5,10.043433668687605,0.6576559999999999,64811
1366,5,10.117614377729259,0.6444856,66244
1367,5,10.216325592592826,0.6283080000000001,71548
1368,5,10.098290405343487,0.6492800000000002,66399
1369,5,10.013252763828431,0.664284,59837
1370,5,10.187326296711788,0.6348320000000001,67362
1371,5,10.064851060813629,0.6567360000000001,61575
1372,5,10.166720683199005,0.6397600000000001,67547
1373,5,10.125087996056262,0.6419552000000001,67780
1374,5,10.002705006771842,0.6641608,62085
1375,5,10.104655972195362,0.647148,67939
1376,5,10.175350706923059,0.634956,69245
1377,5,10.275637561338108,0.6185272000000002,74294
1378,5,10.156382773685744,0.6396312000000002,69401
1379,5,10.043960759258244,0.6563920000000001,60627
1380,5,9.919909713971432,0.6786304000000002,54089
1381,5,10.022867856958168,0.6617496,60839
1382,5,10.09521422286545,0.6488872000000001,62295
1383,5,10.19618900623594,0.6324616000000001,68120
1384,5,10.075659336990048,0.6536440000000001,62525
1385,5,10.032686573815713,0.6561360000000002,62807
1386,5,10.133647227152913,0.6397864000000001,68486
1387,5,10.012766229070929,0.6614079999999999,62951
1388,5,10.185332609121943,0.6322240000000002,69947
1389,5,10.123635499756938,0.6469632000000001,63801
1390,5,10.060391730040395,0.6544416000000002,64181
1391,5,10.233543664093535,0.625076,71093
1392,5,10.113060420018114,0.6468216,65856
1393,5,10.213560982761162,0.6297904000000002,71276
1394,5,9.980345923635369,0.6686015999999999,56618
1395,5,10.155935556248913,0.638884,64541
1396,5,10.033696870805453,0.6607936000000001,58520
1397,5,10.134888842921946,0.6437663999999998,64706
1398,5,10.092211510557012,0.6461391999999998,64893
1399,5,9.969599029216381,0.6686647999999998,58949
1400,5,10.071252366177148,0.6513535999999999,65029
1401,5,10.144439812096397,0.6387479999999999,66519
1402,5,10.243935695183216,0.6222376000000002,71731
1403,5,10.124474156783386,0.643564,66604
1404,5,10.038758522537593,0.6584911999999999,59989
1405,5,10.21262415981949,0.6292600000000002,67532
1406,5,10.089120180497106,0.6512800000000002,61752
1407,5,10.19188343015568,0.6340127999999997,67717
1408,5,10.151594280354963,0.6360199999999999,67966
1409,5,10.028051460460173,0.6584672,62242
1410,5,10.13091369633659,0.6410944,68122
1411,5,10.200733845887848,0.6292608000000001,69450
1412,5,10.301807706579863,0.6125672000000002,74426
1413,5,10.181270510999397,0.6339440000000001,69573
1414,5,10.07082410594845,0.6505903999999999,60840
1415,5,9.94559051228933,0.6729848000000002,54291
1416,5,10.049698998750356,0.6556631999999999,61042
1417,5,10.120685753734485,0.6434944,62527
1418,5,10.222669897709052,0.6267199999999999,68273
1419,5,10.100657352720404,0.6482384000000002,62671
1420,5,10.059188123671014,0.6504184000000001,63046
1421,5,10.161201234501853,0.6336008,68689
1422,5,10.038892554687429,0.6555952000000002,63147
1423,5,10.211232920263383,0.6265504000000001,70092
1424,5,10.070422347997715,0.6516232000000001,61479
1425,5,10.244123408419053,0.6222080000000001,68780
1426,5,10.124119117507949,0.6437856000000001,63170
1427,5,10.223568701763655,0.6273592,68961
1428,5,10.181226877575591,0.6293312000000001,69084
1429,5,10.06091388926897,0.6514576000000001,63557
1430,5,10.160672995404225,0.634692,69239
1431,5,10.233469259938381,0.621988,70522
1432,5,10.331521104838835,0.6058816,75390
1433,5,10.21420278386426,0.6268744000000002,70626
1434,5,10.102808771445108,0.6432272000000001,62272
1435,5,9.980952504136546,0.6654144000000001,55922
1436,5,10.081493685338584,0.6487399999999999,62415
1437,5,10.15603681129967,0.6354688,63889
1438,5,10.254558712188238,0.6195335999999999,69492
1439,5,10.135935698213185,0.6406200000000002,64009
1440,5,10.092473861923565,0.6429704,64281
1441,5,10.191177193161215,0.6267024000000002,69741
1442,5,10.072043790164106,0.6484536000000001,64342
1443,5,10.244530754442415,0.6190144,71138
1444,5,10.16134578541823,0.6333791999999999,65401
1445,5,10.038503379114365,0.6556040000000001,59358
1446,5,10.140074043390891,0.6387872000000001,65533
1447,5,10.2114762629452,0.6263464,66893
1448,5,10.311445707842795,0.6101320000000001,72188
1449,5,10.191649254661323,0.6314047999999999,66997
1450,5,10.150723659295743,0.6332095999999999,67374
1451,5,10.25055709541552,0.6168343999999999,72537
1452,5,10.13050533785256,0.6386424,67420
1453,5,10.300843820955675,0.6099,73814
1454,5,10.070193414709056,0.6473903999999999,60199
1455,5,10.171005684659987,0.631072,66147
1456,5,10.04971595021972,0.6527624000000001,60282
1457,5,10.222319877665317,0.6236632000000001,67590
1458,5,10.160704615177275,0.6308048000000003,68049
1459,5,10.0510789806922,0.6614048,64086
1460,5,9.98640306512791,0.6694504000000002,64458
1461,5,10.15999446787677,0.6398856,71313
1462,5,10.038700164266373,0.6617368000000002,66081
1463,5,10.14105464160565,0.6438904000000001,71577
1464,5,9.906604621177125,0.6836368,56965
1465,5,10.083014297209912,0.6534456,64797
1466,5,9.95974859091446,0.6756007999999999,58806
1467,5,10.062722186021453,0.6578408000000003,65082
1468,5,10.017851107205889,0.6612391999999999,65142
1469,5,9.894345397168088,0.6838664,59234
1470,5,9.997855172572976,0.6658319999999998,65399
1471,5,10.070042876426202,0.6536504,66753
1472,5,10.170980975777226,0.6364223999999999,72007
1473,5,10.051162390686416,0.6577639999999999,66948
1474,5,9.965630985767545,0.6732616,60411
1475,5,10.140283205446329,0.6436832000000001,67875
1476,5,10.015795127143639,0.6659688,62134
1477,5,10.120242887490338,0.6479352,68130
1478,5,10.077309791761627,0.6510904000000002,68263
1479,5,9.952949866477665,0.6736816000000001,62588
1480,5,10.05771034895879,0.6554960000000001,68504
1481,5,10.126456256192958,0.644244,69745
1482,5,10.228993089090844,0.6268104000000002,74768
1483,5,10.108045944231492,0.6482720000000002,69965
1484,5,9.9974625234153,0.6653016,61189
1485,5,9.87111395759236,0.6881496,54707
1486,5,9.977021999513639,0.6700288000000002,61489
1487,5,10.047342795302018,0.6580816,62866
1488,5,10.150786635741738,0.6406272000000002,68651
1489,5,10.02822132630693,0.6622968,63124
1490,5,9.984217383669415,0.665464,63354
1491,5,10.087691748607403,0.6479984000000001,69009
1492,5,9.964981971530014,0.6701160000000003,63563
1493,5,10.138146293778625,0.6406600000000001,70460
1494,5,9.997659544151702,0.6663112000000002,61811
1495,5,10.172088751939333,0.6365704,69000
1496,5,10.051309607346207,0.6583096000000002,63430
1497,5,10.152373299024745,0.6410696000000001,69274
1498,5,10.107577540662412,0.644236,69297
1499,5,9.98652467215724,0.6665864,63816
1500,5,10.088081033838364,0.6489512,69548
1501,5,10.159947078148598,0.6367352,70712
1502,5,10.259293698900407,0.6198408,75598
1503,5,10.141822387484755,0.6409152,70915
1504,5,10.029525191714109,0.6580464000000001,62515
1505,5,9.906654086705053,0.6805856000000001,56228
1506,5,10.00885164884804,0.6631231999999997,62765
1507,5,10.082907287373212,0.6501392,64131
1508,5,10.182656748197319,0.6334032,69708
1509,5,10.063764396095667,0.6546047999999999,64342
1510,5,10.017932967985807,0.6581064000000001,64506
1511,5,10.117898302865624,0.6410864,69942
1512,5,9.998472781269383,0.6629271999999999,64653
1513,5,10.17185467768212,0.633008,71390
1514,5,10.089009109105591,0.6479192,65773
1515,5,9.965327839323722,0.6704008,59804
1516,5,10.068462494254758,0.6528544000000001,65977
1517,5,10.139312302406875,0.6407544,67224
1518,5,10.24047554690829,0.623848,72540
1519,5,10.120418587209397,0.6451952,67448
1520,5,10.076764864910851,0.6481727999999999,67675
1521,5,10.177913533412672,0.6311136000000002,72855
1522,5,10.0576393996729,0.6529711999999999,67843
1523,5,10.228730758842605,0.6238752000000003,74168
1524,5,9.99686348714665,0.6620936000000001,60551
1525,5,10.098859970879184,0.6451632,66484
1526,5,9.977179526936963,0.6670343999999999,60743
1527,5,10.150831452015659,0.6373680000000002,67977
1528,5,10.087719200928804,0.6449672000000001,68374
1529,5,10.023935536120002,0.6601304,62033
1530,5,10.198085498095628,0.6306959999999999,69240
1531,5,10.076137889197012,0.6526408000000001,63697
1532,5,10.177887404724782,0.6352832,69466
1533,5,10.134618565745948,0.6380168000000002,69558
1534,5,10.012434565160294,0.6606295999999997,64074
1535,5,10.11461299118514,0.6427864,69751
1536,5,10.185677812239895,0.6309400000000002,70983
1537,5,10.285658186590407,0.613964,75796
1538,5,10.16678032233383,0.6353208000000002,71154
1539,5,10.057481487885765,0.6516344000000002,62793
1540,5,9.933429577224414,0.6743968,56547
1541,5,10.036496418549758,0.6566344,62994
1542,5,10.109260499458497,0.6443136000000002,64406
1543,5,10.209922576944136,0.6274216000000001,69939
1544,5,10.089397774556346,0.6489320000000001,64579
1545,5,10.045264414567281,0.651932,64821
1546,5,10.146056849638937,0.6346327999999998,70207
1547,5,10.02520851257724,0.656836,64927
1548,5,10.198159080226576,0.6272440000000001,71610
1549,5,10.114685089017083,0.64204,65964
1550,5,9.989801894610439,0.6647103999999999,59982
1551,5,10.093901000799274,0.6468824,66149
1552,5,10.163651768127165,0.635248,67448
1553,5,10.265669251947493,0.6181744,72706
1554,5,10.144123290564826,0.6398343999999999,67645
1555,5,10.102204830584814,0.6423216,67880
1556,5,10.204221661917225,0.6250175999999998,73019
1557,5,10.08257142088251,0.6471823999999999,68025
1558,5,10.253455815009298,0.6182535999999998,74309
1559,5,10.022836405705583,0.6563064,60805
1560,5,10.125926523463267,0.6390264000000001,66721
1561,5,10.00268948253918,0.6612456000000001,60969
1562,5,10.175944421123404,0.6319216,68153
1563,5,10.113899187425156,0.6390656000000002,68574
1564,5,10.145852938788034,0.6350992000000001,67172
1565,5,10.024401633680533,0.6573784000000001,61361
1566,5,10.12523430528295,0.6401640000000003,67358
1567,5,10.198133652795198,0.6277832,68593
1568,5,10.296860163259963,0.6112792,73707
1569,5,10.178906643366467,0.6324351999999999,68766
1570,5,10.134847253759224,0.6352327999999999,68954
1571,5,10.233742809785642,0.6183976,73925
1572,5,10.115315444171307,0.6402119999999999,69058
1573,5,10.286272586452869,0.6110551999999998,75205
1574,5,10.057497829636715,0.6487760000000001,62111
1575,5,10.15710184941876,0.6319944,67839
1576,5,10.03725845102472,0.6539352,62232
1577,5,10.210694718756287,0.6242663999999999,69276
1578,5,10.146755062379937,0.6318408,69579
1579,5,10.11410691606031,0.639352,65345
1580,5,10.21462738223004,0.6225592,70725
1581,5,10.094028811565673,0.6444776,65457
1582,5,10.26536595899424,0.6155039999999998,72036
1583,5,10.203904579565886,0.6225480000000001,72406
1584,5,10.125830435199116,0.6362376000000001,66029
1585,6,10.002396913991424,0.6703919999999999,69468
1586,6,10.052258615466904,0.6611013333333333,72338
1587,6,9.98579694335966,0.6739060000000003,65956
1588,6,9.9328768887845,0.6809793333333334,66198
1589,6,10.076047149949353,0.6549840000000001,72887
1590,6,9.975509820904009,0.6740953333333333,67802
1591,6,10.059253176950048,0.6590913333333333,73050
1592,6,10.075556657745798,0.6550066666666666,73272
1593,6,10.011020343018588,0.6672286666666667,67121
1594,6,9.956704786556386,0.6745766666666667,67249
1595,6,10.099767705960762,0.6483233333333334,73803
1596,6,10.00218371203993,0.6671113333333332,68809
1597,6,10.083089752879847,0.6528860000000001,73935
1598,6,10.060485914159065,0.6581813333333333,70063
1599,6,10.00794864149127,0.6651986666666669,70259
1600,6,10.149461032365739,0.6392926666666666,76400
1601,6,10.050826388025332,0.6583453333333332,71725
1602,6,10.133153843780656,0.6436793333333335,76573
1603,6,9.941171977645745,0.6779140000000001,63639
1604,6,10.084672032465628,0.6516473333333334,70631
1605,6,9.98491809812667,0.6705966666666667,65278
1606,6,10.067442791746403,0.6561793333333334,70821
1607,6,10.031677731133835,0.658542,70774
1608,6,9.932115151189654,0.6779393333333334,65530
1609,6,10.01497633356984,0.6633586666666668,71012
1610,6,10.074475603171317,0.6517600000000001,72201
1611,6,10.155879164130145,0.6376906666666665,76920
1612,6,10.058706906841232,0.6560993333333334,72378
1613,6,10.096386701004551,0.6496626666666667,73455
1614,6,10.032389797817471,0.6619619999999999,67366
1615,6,9.978748702988709,0.669096,67523
1616,6,10.12168961587423,0.6430746666666668,74035
1617,6,10.022901625869249,0.662172,69077
1618,6,10.104635363543194,0.6474759999999999,74128
1619,6,10.080404355172558,0.6529379999999999,70240
1620,6,10.028678258076003,0.6597853333333334,70442
1621,6,10.170229143350134,0.6339926666666668,76593
1622,6,10.07046651066142,0.6532993333333337,71907
1623,6,10.153660894208649,0.6381926666666664,76762
1624,6,9.96226631223467,0.6726573333333334,63867
1625,6,10.10557274641007,0.6466853333333333,70845
1626,6,10.004578085132733,0.6658639999999998,65477
1627,6,10.0881779000244,0.6510386666666668,71013
1628,6,10.053392925870275,0.6533046666666668,71017
1629,6,9.95256780847442,0.672982,65744
1630,6,10.036459936369639,0.6579133333333333,71235
1631,6,10.094891055436378,0.64692,72446
1632,6,10.177308368001988,0.6323893333333334,77103
1633,6,10.078695132523208,0.6512013333333333,72554
1634,6,10.104461319972831,0.6466913333333335,71284
1635,6,10.051428566203315,0.6537993333333334,71424
1636,6,10.192729404907,0.6278393333333333,77421
1637,6,10.095759177174207,0.6468806666666667,72813
1638,6,10.176481918858912,0.6324000000000001,77587
1639,6,9.986965342873084,0.6659813333333334,65071
1640,6,10.130111577230004,0.6398393333333334,71911
1641,6,10.032135566481577,0.6586939999999997,66634
1642,6,10.112836606843647,0.6446153333333334,72007
1643,6,10.076642592827564,0.6467853333333334,71979
1644,6,9.978604475805401,0.6662133333333333,66822
1645,6,10.059775349326944,0.6517413333333333,72139
1646,6,10.120741147214773,0.6399553333333334,73329
1647,6,10.200524378650936,0.6259873333333335,77915
1648,6,10.104689026637597,0.6444933333333335,73404
1649,6,10.036162817621426,0.6570459999999999,68060
1650,6,10.178002506673417,0.631102,74517
1651,6,10.07889883328934,0.6502686666666667,69541
1652,6,10.161025105981173,0.6357053333333336,74655
1653,6,10.126349340280425,0.6377413333333334,74648
1654,6,10.02739122971234,0.6572926666666667,69771
1655,6,10.109740908460369,0.6424986666666666,74825
1656,6,10.167960537474073,0.6314153333333331,75906
1657,6,10.249136187820307,0.6170880000000002,80281
1658,6,10.152281750220675,0.6358513333333332,76042
1659,6,10.061273203363799,0.6502693333333335,68669
1660,6,9.961336168101102,0.6696700000000001,63125
1661,6,10.044115852648918,0.6551646666666668,68873
1662,6,10.103741216328734,0.6435293333333334,70101
1663,6,10.185175555916405,0.629524,75058
1664,6,10.087512724780392,0.6480186666666666,70233
1665,6,10.051859534420553,0.6504573333333334,70319
1666,6,10.133381669583123,0.6361366666666666,75191
1667,6,10.035711083156402,0.6552653333333334,70491
1668,6,10.175890069889142,0.6295173333333335,76421
1669,6,10.03793537843642,0.6629453333333334,73608
1670,6,9.974192756677375,0.6751020000000002,67583
1671,6,9.919461806367776,0.6827039999999999,67743
1672,6,10.06313804562566,0.6563586666666665,74206
1673,6,9.963642468604831,0.675498,69262
1674,6,10.046586183856965,0.6602053333333334,74339
1675,6,10.022668936915732,0.666113333333333,70467
1676,6,9.969546635709408,0.6734220000000001,70659
1677,6,10.111752646558577,0.6475046666666667,76789
1678,6,10.01132239755701,0.666818,72108
1679,6,10.095738697744835,0.6511026666666667,76978
1680,6,9.903618149765437,0.6861226666666669,64150
1681,6,10.047894995599417,0.6596706666666666,71105
1682,6,9.945995730440206,0.6790913333333334,65760
1683,6,10.030746406090373,0.66365,71283
1684,6,9.994269131069956,0.6668219999999999,71239
1685,6,9.892692386786806,0.6865700000000002,65993
1686,6,9.977855019820495,0.6709320000000004,71487
1687,6,10.036029115646704,0.6602393333333333,72664
1688,6,10.119392659706094,0.6452113333333334,77340
1689,6,10.020362372338916,0.6639786666666665,72807
1690,6,10.047074740421667,0.6598233333333331,71444
1691,6,9.992762854519427,0.6673706666666667,71591
1692,6,10.134767465591485,0.6412053333333335,77547
1693,6,10.037240735361184,0.6602500000000002,72963
1694,6,10.119133200536027,0.645102,77731
1695,6,9.928381322888635,0.6795586666666669,65285
1696,6,10.072550294619933,0.6529793333333336,72077
1697,6,9.97376083932002,0.6719666666666667,66847
1698,6,10.055536940627597,0.657272,72196
1699,6,10.017799908054323,0.6603353333333334,72123
1700,6,9.91900276263216,0.6799146666666666,67003
1701,6,10.001333227256943,0.6647793333333335,72313
1702,6,10.062273557747902,0.6532219999999999,73491
1703,6,10.14284748696,0.6387586666666667,78039
1704,6,10.046721644145622,0.657214666666667,73575
1705,6,9.97840117348872,0.6704146666666665,68332
1706,6,10.121080189867476,0.6442420000000001,74724
1707,6,10.021325618144683,0.6634386666666668,69810
1708,6,10.10443059387711,0.6483,74882
1709,6,10.067923514037824,0.6513326666666667,74849
1710,6,9.968359837826759,0.6709539999999999,70011
1711,6,10.051861422468567,0.6554840000000002,75047
1712,6,10.10988373218734,0.644796,76107
1713,6,10.191837494587503,0.6300013333333334,80463
1714,6,10.094765170854979,0.648634,76272
1715,6,10.003439533966942,0.6635420000000001,68926
1716,6,9.902616936029847,0.6831493333333334,63422
1717,6,9.986440331488003,0.6680613333333334,69136
1718,6,10.046226546735674,0.6566153333333333,70374
1719,6,10.128404812878198,0.6421006666666668,75284
1720,6,10.030318484634222,0.6606553333333333,70516
1721,6,9.993001255276697,0.6639206666666666,70535
1722,6,10.075324582567749,0.6491806666666667,75382
1723,6,9.977275989400388,0.6682386666666666,70721
1724,6,10.118482038204377,0.6422313333333334,76641
1725,6,10.067422966790804,0.6543746666666667,71692
1726,6,10.013924956638347,0.6617493333333334,71842
1727,6,10.155840574636972,0.6357873333333333,77789
1728,6,10.057107374845405,0.6551333333333336,73215
1729,6,10.13973282107418,0.6396486666666665,77953
1730,6,9.950307055617872,0.6737620000000002,65589
1731,6,10.094168912194032,0.6475759999999999,72347
1732,6,9.994069856074237,0.6668493333333333,67141
1733,6,10.076794549231996,0.6517766666666666,72439
1734,6,10.040154666471969,0.6546866666666668,72421
1735,6,9.940137354131776,0.674538,67312
1736,6,10.023358349544663,0.6590286666666667,72601
1737,6,10.08316063717656,0.6481526666666668,73786
1738,6,10.164640070342399,0.6332546666666669,78256
1739,6,10.067049396883828,0.6521466666666667,73834
1740,6,9.998531182997928,0.6649760000000002,68556
1741,6,10.141066726124034,0.638998,74963
1742,6,10.040093668385282,0.6584626666666666,70024
1743,6,10.124164788029193,0.6429913333333332,75122
1744,6,10.088791589686885,0.6458706666666668,75081
1745,6,9.988007440070312,0.6657406666666666,70204
1746,6,10.072449778658152,0.649938,75286
1747,6,10.129510741802456,0.6397226666666668,76344
1748,6,10.21239159941627,0.6245833333333335,80672
1749,6,10.11397148536272,0.6436146666666668,76490
1750,6,10.024751041112827,0.6581879999999998,69202
1751,6,9.922642588162377,0.6780660000000001,63669
1752,6,10.007592401442395,0.6625886666666666,69418
1753,6,10.066053573159763,0.6517980000000001,70640
1754,6,10.149300880895387,0.6368826666666666,75509
1755,6,10.049685958320302,0.6558606666666664,70741
1756,6,10.013611256293354,0.6588033333333333,70814
1757,6,10.096988910610133,0.6436726666666666,75635
1758,6,9.997559478708704,0.6631179999999999,70990
1759,6,10.138520864546555,0.6372859999999999,76842
1760,6,10.022500892925391,0.6586773333333333,69608
1761,6,10.164792324270477,0.6326833333333333,75843
1762,6,10.066792816474841,0.6517680000000001,71005
1763,6,10.148248917589493,0.6368800000000001,75987
1764,6,10.111423150736023,0.6396780000000001,75914
1765,6,10.013344657365025,0.65929,71155
1766,6,10.095301613529648,0.6440606666666666,76103
1767,6,10.154656311831374,0.6332126666666666,77115
1768,6,10.235066635836342,0.6184453333333334,81351
1769,6,10.139416826241634,0.6372239999999999,77235
1770,6,10.048989452843404,0.6515886666666668,70217
1771,6,9.949755747779538,0.671132,64809
1772,6,10.031870898489048,0.65622,70360
1773,6,10.093043510425256,0.6447059999999999,71590
1774,6,10.17351872772372,0.6303413333333333,76356
1775,6,10.076840607121007,0.6489326666666666,71640
1776,6,10.039309492100047,0.6520380000000001,71684
1777,6,10.12001556608711,0.6373433333333333,76385
1778,6,10.023255647933107,0.6565586666666664,71797
1779,6,10.164245045882849,0.6304466666666668,77562
1780,6,10.097247935790476,0.6429673333333336,72965
1781,6,9.99727201953671,0.6625666666666666,67860
1782,6,10.080407911848203,0.6473293333333334,73120
1783,6,10.139021133049262,0.6365553333333334,74252
1784,6,10.220689791591617,0.6218793333333333,78790
1785,6,10.123174543415729,0.6406813333333333,74373
1786,6,10.087084982850065,0.6434513333333333,74396
1787,6,10.168884822153965,0.6285320000000001,78860
1788,6,10.071399166982694,0.6478433333333334,74558
1789,6,10.210776593697632,0.6222940000000001,79975
1790,6,10.02311908084649,0.6555233333333336,68464
1791,6,10.1053418750556,0.6408160000000002,73512
1792,6,10.006879083062204,0.6600066666666667,68600
1793,6,10.148143818513544,0.6340413333333335,74776
1794,6,10.095891665487077,0.6411420000000001,74913
1795,6,10.097594050815394,0.6512066666666666,73322
1796,6,10.033094404844265,0.6633700000000002,67229
1797,6,9.9800382049372,0.6705980000000001,67406
1798,6,10.122484243134037,0.6446106666666668,73938
1799,6,10.023651472016052,0.6634659999999999,68942
1800,6,10.105837684287023,0.6485566666666667,74082
1801,6,10.0804923298837,0.6546273333333334,70076
1802,6,10.029471908709237,0.6614680000000001,70339
1803,6,10.170520932517146,0.6358866666666665,76509
1804,6,10.07062142075343,0.6549706666666666,71793
1805,6,10.154001323707833,0.6397033333333333,76666
1806,6,9.962687294401626,0.6741193333333334,63710
1807,6,10.105548906077951,0.648144,70745
1808,6,10.004344389883686,0.6672753333333332,65331
1809,6,10.088246521412316,0.6521553333333336,70930
1810,6,10.053985729616329,0.65485,70961
1811,6,9.952947023574875,0.6742646666666664,65630
1812,6,10.0372627808835,0.659106,71162
1813,6,10.094990015933863,0.6484713333333334,72364
1814,6,10.177633794374914,0.6337166666666667,77107
1815,6,10.07892034774316,0.6523440000000001,72523
1816,6,10.106164609502578,0.648276,71164
1817,6,10.053661117015668,0.6554046666666669,71334
1818,6,10.194578159058535,0.6295186666666669,77350
1819,6,10.097458508249328,0.648266,72699
1820,6,10.17846896575058,0.6337786666666667,77517
1821,6,9.98865695159899,0.6675386666666666,64966
1822,6,10.131501598818913,0.6412666666666667,71833
1823,6,10.033220869037246,0.6600726666666668,66503
1824,6,10.114297698399977,0.6457333333333334,71973
1825,6,10.078498905663142,0.6483646666666667,71948
1826,6,9.980105477803349,0.6675646666666667,66708
1827,6,10.06177976185501,0.653008,72086
1828,6,10.122110439552422,0.6413626666666667,73255
1829,6,10.202185233327933,0.6272686666666666,77926
1830,6,10.106256917117534,0.6455700000000002,73395
1831,6,10.037603470437038,0.6586906666666668,67965
1832,6,10.179101842025883,0.6327566666666667,74429
1833,6,10.079658995279887,0.6518346666666667,69421
1834,6,10.161902531804087,0.6371266666666667,74571
1835,6,10.128007394500782,0.639476,74628
1836,6,10.02879830979309,0.6587606666666668,69704
1837,6,10.111301169081178,0.6440213333333332,74767
1838,6,10.169097410669456,0.6330693333333334,75868
1839,6,10.250329484765572,0.6187286666666668,80277
1840,6,10.153311896125036,0.637238,76009
1841,6,10.062591499424013,0.6517719999999998,68629
1842,6,9.962207269742596,0.6710046666666667,63008
1843,6,10.04526466371097,0.6564533333333334,68816
1844,6,10.104430357956378,0.6449713333333332,70025
1845,6,10.185968909552216,0.6307046666666668,75059
1846,6,10.088102870840835,0.6491733333333334,70225
1847,6,10.053123001720683,0.6518400000000001,70292
1848,6,10.134852237894739,0.6375386666666668,75229
1849,6,10.036868458752805,0.6564333333333332,70471
1850,6,10.17689753937384,0.6307873333333335,76477
1851,6,10.125610014659829,0.6431499999999999,71347
1852,6,10.073926223672611,0.6500126666666667,71539
1853,6,10.214792618903122,0.6242693333333332,77536
1854,6,10.116689780360627,0.6432800000000002,72920
1855,6,10.198298328682204,0.6284066666666666,77688
1856,6,10.009617210769916,0.6621273333333332,65241
1857,6,10.152194235372441,0.6361693333333334,72059
1858,6,10.052874015095895,0.6552146666666665,66793
1859,6,10.134756976044745,0.6404773333333333,72166
1860,6,10.099963969150485,0.642918,72192
1861,6,10.000524425177028,0.6624599999999999,67005
1862,6,10.082965399998448,0.6474426666666665,72318
1863,6,10.142437898361086,0.6363613333333334,73538
1864,6,10.223247251907223,0.6218653333333332,78092
1865,6,10.126006128444754,0.6405893333333333,73602
1866,6,10.05700481589276,0.6534819999999999,68140
1867,6,10.198348588971072,0.6277513333333334,74623
1868,6,10.097939212531074,0.6470286666666668,69621
1869,6,10.180998410431952,0.6319586666666667,74759
1870,6,10.14824371322697,0.6341306666666667,74828
1871,6,10.047965148752077,0.653722,69880
1872,6,10.131306226171798,0.6385086666666667,74973
1873,6,10.188338878923407,0.6280226666666665,76098
1874,6,10.270321015979738,0.6133480000000001,80436
1875,6,10.172108578068254,0.6321866666666668,76204
1876,6,10.083168682654236,0.6466306666666666,68885
1877,6,9.981685197944866,0.6661366666666667,63250
1878,6,10.065743988120786,0.65112,69051
1879,6,10.123773836975472,0.6402773333333334,70294
1880,6,10.20621713482017,0.6256386666666668,75241
1881,6,10.106995999744449,0.644502,70406
1882,6,10.073291720045342,0.6468073333333335,70558
1883,6,10.155956170811518,0.6320733333333334,75440
1884,6,10.056667751993313,0.6513573333333332,70692
1885,6,10.196596153153592,0.6258140000000001,76654
1886,6,10.081968095745594,0.6472086666666667,69282
1887,6,10.223160792750923,0.6213246666666666,75583
1888,6,10.125596984169812,0.6402739999999999,70666
1889,6,10.206161970597133,0.6259213333333333,75710
1890,6,10.171610889621354,0.6280213333333334,75713
1891,6,10.073928468334884,0.6473460000000001,70869
1892,6,10.154946761468384,0.6327606666666666,75839
1893,6,10.214149980276137,0.6214426666666668,76906
1894,6,10.293871029490456,0.6072973333333332,81196
1895,6,10.198327832648403,0.6258053333333334,76989
1896,6,10.108447840215756,0.6399079999999999,70007
1897,6,10.009696422778628,0.6592080000000001,64491
1898,6,10.091067932767334,0.6447626666666667,70096
1899,6,10.151734550853332,0.633018,71323
1900,6,10.231576898941967,0.6190393333333335,76181
1901,6,10.135173546266014,0.637512,71409
1902,6,10.09962505910141,0.6400813333333332,71508
1903,6,10.179818452336148,0.6257633333333332,76268
1904,6,10.083143464464225,0.6448440000000003,71579
1905,6,10.2231034086004,0.6189380000000002,77439
1906,6,10.15590335640404,0.6314546666666667,72663
1907,6,10.056276610996168,0.6508806666666664,67449
1908,6,10.1384430211521,0.6361860000000001,72762
1909,6,10.196808037688571,0.6250279999999999,73920
1910,6,10.27773863624617,0.6108113333333334,78518
1911,6,10.180297483564127,0.6295213333333333,74020
1912,6,10.146933582888298,0.6315613333333333,74172
1913,6,10.227957415142592,0.617128,78669
1914,6,10.130446487206232,0.636322,74258
1915,6,10.268875959119509,0.6108846666666666,79790
1916,6,10.082032682934251,0.6437446666666666,68162
1917,6,10.163599580004943,0.6294559999999999,73283
1918,6,10.065238943330016,0.6484373333333334,68273
1919,6,10.205319980114492,0.6227426666666667,74533
1920,6,10.154920029055473,0.6295346666666667,74769
1921,6,10.068204938432096,0.6559506666666667,71538
1922,6,10.01539486610091,0.6632520000000002,71756
1923,6,10.15669312193904,0.637482,77695
1924,6,10.058027867630916,0.6564626666666667,73100
1925,6,10.1409683846091,0.6409473333333334,77887
1926,6,9.951181988419872,0.6753853333333334,65447
1927,6,10.094503570874872,0.6491506666666668,72222
1928,6,9.994398949420443,0.6682906666666667,66979
1929,6,10.077597100267107,0.6529266666666665,72394
1930,6,10.04110853933747,0.6563299999999999,72363
1931,6,9.941022999914681,0.675836,67209
1932,6,10.024808274550029,0.6602506666666667,72553
1933,6,10.083701573662212,0.6496326666666667,73698
1934,6,10.165591181387045,0.634582666666667,78277
1935,6,10.068059481578713,0.6531746666666668,73820
1936,6,9.99905809521003,0.6666099999999999,68415
1937,6,10.141073608737807,0.6406973333333332,74842
1938,6,10.03995233570971,0.6600526666666668,69888
1939,6,10.124231663989685,0.6443773333333334,75013
1940,6,10.089422401403962,0.6476113333333335,75033
1941,6,9.988581852879978,0.667136,70137
1942,6,10.07327474245058,0.6513393333333332,75221
1943,6,10.129650651746514,0.6414226666666666,76296
1944,6,10.212709180240283,0.6261873333333333,80660
1945,6,10.1141991667069,0.6449253333333335,76456
1946,6,10.024980163123022,0.6597833333333334,69099
1947,6,9.922665824370032,0.6794213333333333,63515
1948,6,10.008066218964334,0.663812,69314
1949,6,10.065701929872004,0.6533273333333333,70518
1950,6,10.149259295653112,0.6381393333333331,75481
1951,6,10.04958400351846,0.6569473333333334,70687
1952,6,10.0139275983868,0.6601926666666666,70758
1953,6,10.097687355917255,0.6449980000000001,75654
1954,6,9.998077931058157,0.6641539999999999,70948
1955,6,10.13876861392734,0.638504,76895
1956,6,10.02437441541812,0.6602506666666665,69493
1957,6,10.16622810662211,0.6342366666666667,75725
1958,6,10.068056521197677,0.6531486666666667,70843
1959,6,10.14982466631038,0.6381600000000002,75904
1960,6,10.113368056135782,0.6413446666666667,75863
1961,6,10.015159224426924,0.6607273333333334,71069
1962,6,10.097478688776595,0.6454206666666666,76047
1963,6,10.156134940798637,0.6346619999999998,77041
1964,6,10.236824868512201,0.619876,81333
1965,6,10.14113419880328,0.6383066666666666,77180
1966,6,10.050430540243912,0.6531386666666666,70142
1967,6,9.95087841400484,0.6725553333333334,64667
1968,6,10.033516106385166,0.6575046666666666,70300
1969,6,10.093920724735092,0.6460973333333332,71472
1970,6,10.17475197752794,0.6315200000000001,76330
1971,6,10.07802558065611,0.6499786666666666,71605
1972,6,10.040672464024812,0.6535159999999999,71638
1973,6,10.121844850978114,0.6386573333333332,76406
1974,6,10.02488519435468,0.6576513333333334,71767
1975,6,10.165693992386425,0.6315566666666668,77607
1976,6,10.098632554647605,0.6445026666666664,72902
1977,6,9.99837902799963,0.6639773333333334,67759
1978,6,10.081700917885474,0.6487293333333334,73046
1979,6,10.139748138502982,0.6379880000000001,74145
1980,6,10.221577994492026,0.6231953333333332,78744
1981,6,10.123877343283008,0.6418806666666665,74304
1982,6,10.08845147075618,0.6449499999999999,74375
1983,6,10.17043663108741,0.6299966666666665,78884
1984,6,10.072729752024097,0.6490779999999999,74531
1985,6,10.211848996483326,0.6235466666666668,80019
1986,6,10.023923499059217,0.6568446666666669,68368
1987,6,10.106430714609992,0.6421,73494
1988,6,10.007692136595459,0.6610753333333333,68542
1989,6,10.148687428355887,0.6351706666666667,74778
1990,6,10.097098328945634,0.642276,74973
1991,6,10.044378120502234,0.6546673333333334,69732
1992,6,10.185987460183801,0.628954,75967
1993,6,10.086777757877856,0.6481266666666667,71120
1994,6,10.169218908078296,0.6328646666666669,76114
1995,6,10.134024895139103,0.6357253333333334,76113
1996,6,10.03479003711631,0.6553800000000001,71331
1997,6,10.117743215126614,0.6397873333333335,76273
1998,6,10.175664072682256,0.6295166666666666,77322
1999,6,10.256975565474663,0.6144966666666666,81529
2000,6,10.160035502360298,0.6332693333333334,77431
2001,6,10.071820262209137,0.6474326666666668,70430
2002,6,9.971206383099215,0.6671153333333333,64996
2003,6,10.054662714663959,0.6517346666666668,70569
2004,6,10.113936317298174,0.6409953333333335,71780
2005,6,10.195577485710324,0.6261406666666665,76547
2006,6,10.09745168307816,0.6449560000000001,71866
2007,6,10.061510506278067,0.6480326666666665,71970
2008,6,10.14343246372185,0.6328640000000001,76651
2009,6,10.045225275268038,0.652278,72058
2010,6,10.185733126337617,0.6264033333333334,77835
2011,6,10.118252008311519,0.6391586666666668,73130
2012,6,10.016932044671487,0.6588740000000002,67966
2013,6,10.101133169980193,0.6432600000000002,73261
2014,6,10.158208646219997,0.6330700000000001,74407
2015,6,10.240830128409996,0.6180273333333335,78946
2016,6,10.141834440852088,0.6370406666666665,74530
2017,6,10.107813925990428,0.6396893333333332,74614
2018,6,10.190604756538,0.6244453333333333,79080
2019,6,10.09168012194471,0.6438573333333334,74747
2020,6,10.230693859760938,0.6184753333333334,80210
2021,6,10.04375069838367,0.6517246666666667,68673
2022,6,10.127216526731905,0.6366373333333334,73757
2023,6,10.027133337370016,0.6559713333333332,68817
2024,6,10.167844040962366,0.6303333333333335,74998
2025,6,10.11710626829874,0.6370366666666667,75207
2026,6,10.142834897128619,0.6328093333333334,74069
2027,6,10.04426081493142,0.6521866666666666,69019
2028,6,10.126014077403498,0.637194,74206
2029,6,10.185403708408431,0.626306,75272
2030,6,10.26558074864473,0.6117773333333334,79730
2031,6,10.169502475092175,0.6303653333333334,75389
2032,6,10.133566307445797,0.6332333333333335,75442
2033,6,10.21405730830709,0.6184006666666668,79812
2034,6,10.117739788150695,0.6375646666666664,75544
2035,6,10.256733551155161,0.6119320000000001,80897
2036,6,10.071178757275117,0.6448326666666668,69663
2037,6,10.15205716268407,0.6301486666666668,74628
2038,6,10.054707062930385,0.64927,69759
2039,6,10.195512104166244,0.62327,75840
2040,6,10.143264051080044,0.6304093333333335,75956
2041,6,10.117077935786465,0.6366646666666668,72437
2042,6,10.19858915250577,0.6219213333333332,77101
2043,6,10.10058509949649,0.6411140000000001,72543
2044,6,10.23985433067629,0.6155940000000001,78264
2045,6,10.189600833484306,0.6222373333333333,78428
2046,6,10.126377781780871,0.6340693333333333,73037
2047,6,10.164008049780122,0.6408839999999999,72142
2048,6,10.100350380760851,0.6530213333333335,65852
2049,6,10.046138844528482,0.6602113333333336,66078
2050,6,10.187603157109802,0.634784,72683
2051,6,10.089784306588964,0.6533586666666666,67710
2052,6,10.171324597841537,0.63873,72839
2053,6,10.14845375527519,0.6441486666666667,68802
2054,6,10.09604789461164,0.650936,69106
2055,6,10.235969649459271,0.625994,75360
2056,6,10.13712238898518,0.6447326666666666,70599
2057,6,10.220336864682794,0.6296633333333334,75554
2058,6,10.03020245044262,0.6635926666666668,62352
2059,6,10.172041425678001,0.6382346666666665,69410
2060,6,10.071960840010915,0.656978,64007
2061,6,10.155566216430632,0.6421453333333335,69653
2062,6,10.119262840908913,0.6448226666666668,69663
2063,6,10.019281775688592,0.6639159999999998,64341
2064,6,10.10320513856235,0.6489833333333335,69942
2065,6,10.160263539308652,0.6387053333333333,71143
2066,6,10.24246929330076,0.6242939999999999,75915
2067,6,10.145034381709586,0.6423933333333331,71323
2068,6,10.172085979410507,0.6381533333333335,69913
2069,6,10.118281093360025,0.6452533333333332,70105
2070,6,10.258188473739986,0.62002,76201
2071,6,10.162106861153678,0.6384173333333333,71576
2072,6,10.242646210791037,0.6240619999999998,76396
2073,6,10.05418282832396,0.6573913333333333,63576
2074,6,10.196075738218182,0.6317693333333333,70485
2075,6,10.098951768819896,0.6501100000000002,65219
2076,6,10.179407734717776,0.6361213333333332,70674
2077,6,10.141941740784304,0.6387713333333334,70611
2078,6,10.04465657739535,0.6576066666666667,65436
2079,6,10.125602217459678,0.643296,70833
2080,6,10.185718208990597,0.6319526666666667,72063
2081,6,10.265010039214479,0.6182013333333333,76693
2082,6,10.17028077640175,0.6360126666666667,72190
2083,6,10.1038003031582,0.6483126666666666,66694
2084,6,10.244243160941158,0.6230933333333334,73221
2085,6,10.145919690855617,0.64173,68189
2086,6,10.228058449507664,0.6271693333333335,73416
2087,6,10.191816696144699,0.6296766666666666,73444
2088,6,10.093633725989664,0.6486706666666667,68499
2089,6,10.175965578568304,0.6339966666666668,73663
2090,6,10.232890498092708,0.6235773333333333,74734
2091,6,10.313855390784363,0.6094366666666666,79199
2092,6,10.21805636736371,0.6274533333333332,74921
2093,6,10.127492759870107,0.6419393333333333,67293
2094,6,10.028309012466682,0.6607566666666668,61711
2095,6,10.110975852139683,0.6464306666666667,67560
2096,6,10.169509485861594,0.6353713333333332,68764
2097,6,10.250650430514014,0.6214639999999999,73813
2098,6,10.154050306838187,0.6393253333333335,68971
2099,6,10.116966083052823,0.6421606666666667,69053
2100,6,10.198180453213045,0.6281333333333333,74018
2101,6,10.101472651979547,0.6464833333333332,69262
2102,6,10.24039983059554,0.6215900000000002,75291
2103,6,10.193519504910038,0.632858,70096
2104,6,10.140463989081528,0.6397853333333335,70317
2105,6,10.280324722548878,0.6146553333333333,76381
2106,6,10.18325707289304,0.6333486666666668,71787
2107,6,10.264412460607453,0.6186833333333334,76557
2108,6,10.076876703130338,0.6518486666666667,63804
2109,6,10.218555004050543,0.6265066666666668,70689
2110,6,10.120336555212072,0.6451173333333333,65449
2111,6,10.20168067942067,0.6307626666666666,70846
2112,6,10.165157133447114,0.633222,70851
2113,6,10.066799890279782,0.6524046666666667,65701
2114,6,10.148559642659315,0.6376646666666669,71046
2115,6,10.207699632735354,0.6268846666666666,72285
2116,6,10.287832139193853,0.6127466666666667,76862
2117,6,10.19183721158237,0.6309826666666667,72394
2118,6,10.124992402996131,0.6430513333333333,66854
2119,6,10.265318260820319,0.6179633333333334,73397
2120,6,10.16600907106784,0.6368073333333334,68354
2121,6,10.249012711694023,0.6220066666666668,73580
2122,6,10.2138212581385,0.62431,73628
2123,6,10.114576624976426,0.6435573333333334,68665
2124,6,10.19775331550866,0.6285173333333334,73843
2125,6,10.253861482876982,0.6184806666666668,74922
2126,6,10.335636187096412,0.6040606666666667,79345
2127,6,10.238713857752362,0.6224106666666668,75095
2128,6,10.149602441082518,0.636776,67472
2129,6,10.049306990409674,0.6558546666666666,61865
2130,6,10.133057893121851,0.6410986666666667,67743
2131,6,10.190366616340203,0.6306286666666667,68952
2132,6,10.27250974432528,0.6163919999999999,73961
2133,6,10.174612061705089,0.6346173333333333,69107
2134,6,10.138646811091375,0.6371419999999999,69240
2135,6,10.220867818147955,0.6226786666666667,74198
2136,6,10.122912654463821,0.6414173333333334,69440
2137,6,10.261682352234523,0.616634,75419
2138,6,10.148119847522683,0.6370833333333333,67991
2139,6,10.288394796706578,0.6119326666666666,74375
2140,6,10.19191153715208,0.6303873333333333,69464
2141,6,10.272134351249784,0.6162559999999999,74550
2142,6,10.235535477863813,0.618574,74512
2143,6,10.138916533639764,0.6375313333333332,69690
2144,6,10.2194709270224,0.6230906666666666,74712
2145,6,10.27817156851164,0.6122646666666667,75770
2146,6,10.357385470916997,0.5982999999999999,80108
2147,6,10.263007196108099,0.6163746666666668,75915
2148,6,10.173165188149019,0.6304606666666668,68594
2149,6,10.075639813564816,0.6492713333333333,63119
2150,6,10.156423766472054,0.635126,68798
2151,6,10.21674815024873,0.6237093333333333,70019
2152,6,10.295995938326392,0.6101606666666668,74933
2153,6,10.200805186386184,0.6280146666666664,70136
2154,6,10.163514288939751,0.630745333333333,70211
2155,6,10.242957623419748,0.6167553333333333,75039
2156,6,10.14753801040168,0.6353026666666667,70353
2157,6,10.28648435354507,0.6100633333333334,76239
2158,6,10.221301814799501,0.6217599999999998,71422
2159,6,10.122797538105432,0.6407620000000002,66194
2160,6,10.204882532260282,0.6261746666666665,71609
2161,6,10.262333986945075,0.6156420000000002,72717
2162,6,10.343153124261217,0.6016226666666666,77417
2163,6,10.246907797057647,0.6197666666666665,72861
2164,6,10.21108012090871,0.6221300000000001,72989
2165,6,10.291867562402476,0.6078560000000001,77588
2166,6,10.19557637559963,0.6265620000000002,73145
2167,6,10.332885464033835,0.6019033333333335,78687
2168,6,10.147303143174277,0.6341839999999999,66824
2169,6,10.228490813285324,0.6201633333333335,72033
2170,6,10.131473783503482,0.6385379999999999,66986
2171,6,10.270482829207946,0.6136380000000001,73272
2172,6,10.218775463373508,0.6203179999999999,73544
2173,6,10.135390756180422,0.6456826666666667,70298
2174,6,10.081126119185733,0.6531633333333333,70507
2175,6,10.221405631426702,0.6278693333333335,76548
2176,6,10.123653287144368,0.6465986666666667,71931
2177,6,10.206161276762026,0.6312826666666665,76765
2178,6,10.017831818067087,0.6651273333333334,64084
2179,6,10.160247326293264,0.6393286666666667,70904
2180,6,10.061161950500281,0.658134,65676
2181,6,10.14373052321978,0.6431906666666667,71127
2182,6,10.105607940290215,0.6466006666666665,71052
2183,6,10.006494701824726,0.6658673333333335,65923
2184,6,10.089563101350715,0.6505446666666667,71323
2185,6,10.148191128735318,0.6400740000000001,72489
2186,6,10.229275313936515,0.6254213333333334,77084
2187,6,10.132934064865095,0.6436366666666665,72643
2188,6,10.066386341927503,0.6562753333333334,67160
2189,6,10.207376852554962,0.6308866666666668,73660
2190,6,10.10725946832814,0.6498513333333333,68628
2191,6,10.191456190517727,0.6344046666666666,73881
2192,6,10.154328840869459,0.6378386666666667,73859
2193,6,10.054381355405706,0.6571400000000002,68902
2194,6,10.13893998408962,0.641416,74121
2195,6,10.194382973052452,0.6318893333333333,75151
2196,6,10.277157133251528,0.6169013333333333,79605
2197,6,10.179871128295673,0.6352293333333334,75367
2198,6,10.090944822997338,0.6498659999999999,67768
2199,6,9.989700668209514,0.6691986666666669,62195
2200,6,10.074693781813243,0.6538213333333334,68085
2201,6,10.131736252970216,0.6435326666666665,69236
2202,6,10.214830983104726,0.6287446666666667,74264
2203,6,10.116428563006474,0.647084666666667,69450
2204,6,10.078665749153316,0.6505046666666666,69499
2205,6,10.161872746113104,0.6356046666666666,74460
2206,6,10.063528022516383,0.6543399999999998,69747
2207,6,10.203027464573726,0.6292846666666666,75710
2208,6,10.089768119142846,0.650268,68234
2209,6,10.230701906788715,0.6248080000000001,74539
2210,6,10.133546555442939,0.6433093333333335,69646
2211,6,10.21492861680253,0.6285813333333333,74759
2212,6,10.17649558012644,0.6319806666666667,74677
2213,6,10.079224049217737,0.6510893333333333,69872
2214,6,10.16107106572199,0.635874,74917
2215,6,10.219267531465334,0.6254953333333331,75929
2216,6,10.29935673972865,0.6109566666666667,80249
2217,6,10.204800102060556,0.6289920000000001,76102
2218,6,10.114569705088833,0.6436440000000001,68810
2219,6,10.01615985745024,0.6626726666666665,63381
2220,6,10.098059095631607,0.6479060000000002,69067
2221,6,10.158305731552343,0.6366466666666666,70247
2222,6,10.238329724476403,0.6225673333333334,75105
2223,6,10.142832824861138,0.6405,70389
2224,6,10.103861626977785,0.6441926666666669,70427
2225,6,10.184106211497628,0.6296719999999999,75191
2226,6,10.08838015158979,0.6482506666666666,70584
2227,6,10.22815461543283,0.622684,76441
2228,6,10.163341024008268,0.6348853333333333,71715
2229,6,10.064102980306902,0.6540153333333334,66521
2230,6,10.147290652443525,0.6388106666666667,71931
2231,6,10.204519514305424,0.6285320000000001,72985
2232,6,10.28610757379065,0.6140120000000001,77666
2233,6,10.18962007840181,0.6321680000000002,73188
2234,6,10.151811472831724,0.6356293333333334,73244
2235,6,10.233478863712918,0.6207833333333334,77825
2236,6,10.136951682595566,0.6394833333333335,73441
2237,6,10.274928553139851,0.6145986666666665,78960
2238,6,10.088666270359939,0.6472433333333334,67147
2239,6,10.170591260407328,0.6327820000000001,72303
2240,6,10.073172906034245,0.6512526666666665,67337
2241,6,10.213102692023979,0.6259600000000002,73581
2242,6,10.160164182558896,0.6331226666666668,73805
2243,6,10.111474271202416,0.6446573333333333,68460
2244,6,10.252253784241791,0.6194253333333335,74774
2245,6,10.153991361894786,0.6382200000000001,69900
2246,6,10.236101558709642,0.6232526666666668,74967
2247,6,10.1988492505234,0.6263513333333334,74912
2248,6,10.100510289528994,0.6457293333333335,70115
2249,6,10.18304552109918,0.6303033333333334,75132
2250,6,10.240431231484799,0.6203013333333335,76153
2251,6,10.321227295171797,0.6055613333333333,80439
2252,6,10.225453842779356,0.6239606666666667,76340
2253,6,10.13748300752916,0.6379186666666666,69064
2254,6,10.03791712432762,0.6572306666666666,63637
2255,6,10.120757101828186,0.6421626666666665,69290
2256,6,10.179795850425108,0.6315319999999999,70478
2257,6,10.26075379587579,0.6171286666666665,75312
2258,6,10.163842860898763,0.6354673333333335,70609
2259,6,10.126109633358672,0.6387320000000001,70677
2260,6,10.20724434569014,0.6239073333333334,75428
2261,6,10.110264673331924,0.6428853333333332,70840
2262,6,10.24970390083712,0.6175480000000001,76626
2263,6,10.184554201828204,0.6295553333333334,71909
2264,6,10.084204533702778,0.6489226666666666,66704
2265,6,10.16833561487889,0.6334460000000001,72130
2266,6,10.224547257356944,0.6236233333333333,73191
2267,6,10.307011137921085,0.6088673333333334,77856
2268,6,10.209243811534668,0.6273606666666667,73387
2269,6,10.172700147245203,0.6303913333333333,73426
2270,6,10.255244712303185,0.6153173333333335,78003
2271,6,10.15753191484202,0.6343313333333334,73637
2272,6,10.295367500253795,0.6095619999999999,79105
2273,6,10.10976585371934,0.6421853333333334,67346
2274,6,10.192764626113094,0.627378,72516
2275,6,10.094008119743709,0.6462213333333334,67546
2276,6,10.233654416151984,0.621196,73732
2277,6,10.181553168818201,0.627948,73976
2278,6,10.207489569234745,0.6235646666666667,72872
2279,6,10.109894785164743,0.6425473333333335,67782
2280,6,10.191296103404806,0.6277040000000002,73071
2281,6,10.250235524834629,0.6171706666666668,74102
2282,6,10.329958280690683,0.6029373333333333,78651
2283,6,10.234991337657878,0.6210273333333334,74266
2284,6,10.197028320471311,0.6242546666666666,74287
2285,6,10.27693635700415,0.6095986666666667,78721
2286,6,10.181763470885166,0.62837,74441
2287,6,10.319756542621084,0.603312,79812
2288,6,10.135706215860134,0.6356786666666665,68374
2289,6,10.21581225413779,0.6213286666666666,73416
2290,6,10.119724284165374,0.6399453333333334,68514
2291,6,10.259606348920675,0.6145173333333336,74626
2292,6,10.206088791456486,0.6216953333333333,74766
2293,6,10.182099746895899,0.6274339999999999,71261
2294,6,10.263390281384774,0.6127966666666669,76033
2295,6,10.166590456301225,0.6315086666666667,71419
2296,6,10.30484308068639,0.6066680000000001,77155
2297,6,10.25310566026013,0.6133873333333332,77345
2298,6,10.191035003703503,0.6250133333333334,71810
2299,6,10.193313198765349,0.6346633333333332,69900
2300,6,10.140737776506967,0.6416720000000001,70152
2301,6,10.280104829427117,0.6166466666666667,76238
2302,6,10.182860189663776,0.6351153333333335,71602
2303,6,10.264423342646992,0.6202873333333334,76434
2304,6,10.076728770132977,0.6536560000000001,63624
2305,6,10.217970938564383,0.6282066666666668,70516
2306,6,10.119517509380072,0.6467786666666666,65241
2307,6,10.20133167806152,0.6321246666666667,70725
2308,6,10.165027349912956,0.6351206666666668,70749
2309,6,10.066282942472808,0.6540893333333334,65518
2310,6,10.14864756300023,0.6392413333333334,70928
2311,6,10.207009748899614,0.6286633333333335,72164
2312,6,10.287539139118653,0.6143280000000001,76802
2313,6,10.19136442720623,0.6323873333333334,72305
2314,6,10.12432115548206,0.6449286666666666,66662
2315,6,10.264283796588433,0.619884,73237
2316,6,10.164613833681106,0.6386933333333334,68171
2317,6,10.24784158686907,0.623634,73429
2318,6,10.213295119987734,0.6263593333333333,73541
2319,6,10.113679896755178,0.6453133333333335,68517
2320,6,10.197163821783896,0.6302613333333333,73725
2321,6,10.252735930686114,0.6205673333333334,74850
2322,6,10.334688430847875,0.6059593333333334,79284
2323,6,10.237453499432823,0.6241660000000002,75001
2324,6,10.148849717980223,0.6385006666666668,67360
2325,6,10.048049316521114,0.6575400000000001,61664
2326,6,10.132228506352023,0.6425626666666667,67590
2327,6,10.188936743194722,0.6323439999999999,68817
2328,6,10.271354924710186,0.617812,73899
2329,6,10.173164312531767,0.6360313333333332,69011
2330,6,10.13769620028189,0.638874,69175
2331,6,10.22028204143999,0.6242833333333334,74183
2332,6,10.121841218805807,0.642966,69326
2333,6,10.260549144922168,0.6181973333333333,75435
2334,6,10.148951967171211,0.6389606666666667,67829
2335,6,10.288854576622272,0.6136740000000002,74209
2336,6,10.192038269127735,0.6321006666666668,69276
2337,6,10.272628580537981,0.6178079999999998,74421
2338,6,10.236419572947735,0.6204846666666665,74417
2339,6,10.13939629403092,0.6392793333333336,69537
2340,6,10.220386478157343,0.6248026666666667,74596
2341,6,10.278433284792206,0.6140366666666665,75664
2342,6,10.357948538755467,0.6000260000000001,80020
2343,6,10.263376127011258,0.6179040000000001,75816
2344,6,10.173725108158434,0.6321886666666667,68481
2345,6,10.075609274191535,0.6509120000000002,62921
2346,6,10.156899047039785,0.6366633333333334,68665
2347,6,10.216593754620598,0.6253133333333334,69874
2348,6,10.29615363137507,0.6114993333333334,74818
2349,6,10.200748553090511,0.6293673333333332,70051
2350,6,10.163700385820029,0.6324306666666668,70133
2351,6,10.243557949132292,0.6183953333333333,74971
2352,6,10.14769682389806,0.6367806666666669,70243
2353,6,10.286589624133896,0.6115673333333335,76215
2354,6,10.221618745267927,0.62357,71330
2355,6,10.122576353190649,0.6424273333333332,66038
2356,6,10.20486239624258,0.627892,71488
2357,6,10.26190687060405,0.6173793333333332,72600
2358,6,10.342857491054154,0.6032046666666667,77314
2359,6,10.246278913079934,0.6213466666666666,72762
2360,6,10.211176518580999,0.6238813333333332,72959
2361,6,10.292131996340062,0.609672666666667,77571
2362,6,10.195385529064206,0.6281746666666668,73068
2363,6,10.332587764755933,0.6036046666666667,78697
2364,6,10.147025135191784,0.6357153333333336,66722
2365,6,10.228443944861983,0.6216513333333332,71970
2366,6,10.13089864834119,0.6400126666666666,66871
2367,6,10.269833043654174,0.6150133333333335,73251
2368,6,10.218603918924835,0.6218400000000002,73564
2369,6,10.169704791633432,0.6336693333333333,68021
2370,6,10.309456140129916,0.608594,74400
2371,6,10.211806607996657,0.627202,69491
2372,6,10.292952434097664,0.61267,74578
2373,6,10.257889359173141,0.6151166666666669,74625
2374,6,10.159981722366792,0.6341620000000001,69750
2375,6,10.241513203244631,0.6193693333333335,74775
2376,6,10.299035938382161,0.6089426666666667,75892
2377,6,10.379037899964375,0.5947520000000002,80172
2378,6,10.283400879381315,0.6129113333333333,75999
2379,6,10.195618972777831,0.626836,68699
2380,6,10.096612438765385,0.6457933333333332,63184
2381,6,10.178665826114418,0.6311566666666667,68855
2382,6,10.237416153060199,0.6203966666666666,70112
2383,6,10.317714386543592,0.606298,74996
2384,6,10.221096002835218,0.6244759999999998,70217
2385,6,10.185291048076408,0.6272186666666668,70393
2386,6,10.265867439599559,0.6128106666666667,75176
2387,6,10.16886950344855,0.6315773333333333,70454
2388,6,10.307617462186723,0.6064833333333334,76391
2389,6,10.242042356142495,0.618512,71502
2390,6,10.142127300661718,0.6375686666666668,66199
2391,6,10.225198990734135,0.6226813333333334,71660
2392,6,10.28142595099367,0.6126026666666667,72808
2393,6,10.363033582314658,0.5982273333333336,77464
2394,6,10.26540145831504,0.6166266666666668,72936
2395,6,10.231613477764995,0.6187986666666667,73149
2396,6,10.313280572911102,0.6042973333333334,77720
2397,6,10.215458294825764,0.6231,73227
2398,6,10.352639924337149,0.59856,78834
2399,6,10.167559783561062,0.6308113333333334,66943
2400,6,10.249878623564435,0.6164166666666665,72169
2401,6,10.15116117534854,0.6350873333333332,67044
2402,6,10.289889398702634,0.6103153333333334,73393
2403,6,10.239548664427105,0.6166879999999999,73726
2404,6,10.266009308450002,0.6124473333333333,72514
2405,6,10.168756537612653,0.6312633333333334,67353
2406,6,10.249274196507775,0.616946,72668
2407,6,10.308040413788591,0.6060120000000001,73769
2408,6,10.387130526828047,0.5922606666666669,78340
2409,6,10.292203045175876,0.6102413333333333,73890
2410,6,10.256550245977193,0.6127133333333336,74031
2411,6,10.33582045672419,0.5986246666666667,78483
2412,6,10.240509594239535,0.6172093333333333,74089
2413,6,10.377783508199967,0.5922739999999999,79581
2414,6,10.194437518017605,0.6242026666666666,68032
2415,6,10.27406607767243,0.610296,73126
2416,6,10.177947297568798,0.6286993333333335,68117
2417,6,10.316882861662325,0.6035393333333334,74340
2418,6,10.264860902551243,0.6104153333333334,74560
2419,6,10.24005852589916,0.6160893333333333,70872
2420,6,10.320623249764365,0.6019660000000002,75669
2421,6,10.223654218375266,0.6205566666666668,70928
2422,6,10.361055647412927,0.5958720000000001,76781
2423,6,10.311179309048162,0.6021993333333333,77084
2424,6,10.248259782221934,0.6138773333333335,71469
2425,6,10.11151637643099,0.6465486666666665,68277
2426,6,10.251717717572292,0.6212800000000002,74587
2427,6,10.153327444635261,0.6399233333333334,69692
2428,6,10.235861536799876,0.6248186666666667,74848
2429,6,10.198834234863517,0.6283293333333333,74796
2430,6,10.100310014112319,0.647388,69963
2431,6,10.183340749740086,0.6319746666666667,75051
2432,6,10.239844417402866,0.622112,76060
2433,6,10.321023727067125,0.6073306666666667,80381
2434,6,10.22512346823557,0.625422666666667,76257
2435,6,10.137058583357666,0.6398093333333333,68895
2436,6,10.037203100568954,0.6589339999999999,63425
2437,6,10.120648011104217,0.6437413333333334,69160
2438,6,10.17874585548421,0.633266,70309
2439,6,10.260176907446356,0.6186453333333335,75222
2440,6,10.163198604762664,0.6367939999999999,70516
2441,6,10.12551214734954,0.6404933333333334,70583
2442,6,10.20719164195522,0.6256080000000002,75387
2443,6,10.10991458339862,0.6443219999999998,70743
2444,6,10.2491811442793,0.6190593333333335,76638
2445,6,10.183856949946462,0.6314480000000001,71778
2446,6,10.0831603059133,0.6506153333333333,66528
2447,6,10.167634204277851,0.6351200000000001,72007
2448,6,10.223150474603951,0.6254426666666668,73078
2449,6,10.305902142274812,0.6104813333333334,77763
2450,6,10.207865130748223,0.6288706666666668,73289
2451,6,10.171858573754827,0.6321993333333332,73384
2452,6,10.254727206467242,0.6171333333333335,77988
2453,6,10.156637583889538,0.6358673333333335,73571
2454,6,10.294264351007389,0.6112566666666667,79141
2455,6,10.10849537096088,0.6438753333333332,67199
2456,6,10.191953774597467,0.6289379999999999,72444
2457,6,10.092806567242896,0.6476820000000001,67406
2458,6,10.23223928848626,0.622594,73713
2459,6,10.180665001100845,0.6294753333333334,74003
2460,6,10.20810705684304,0.6253146666666668,72708
2461,6,10.110158387618348,0.6442173333333334,67593
2462,6,10.192009458056726,0.6293286666666666,72951
2463,6,10.250123942719886,0.6187613333333333,73933
2464,6,10.330238378534089,0.6044120000000002,78513
2465,6,10.235112354780208,0.6223733333333334,74139
2466,6,10.19736879420315,0.6260153333333334,74191
2467,6,10.277724100353385,0.611284,78657
2468,6,10.18223186966927,0.629872,74348
2469,6,10.319991970999263,0.6047680000000002,79777
2470,6,10.135576072449004,0.6372606666666667,68227
2471,6,10.21616415445064,0.622828,73290
2472,6,10.119744305752045,0.6412786666666666,68384
2473,6,10.259400932957828,0.6157913333333332,74556
2474,6,10.206272134070511,0.6231386666666668,74747
2475,6,10.181898427614264,0.6289933333333333,71147
2476,6,10.263478635816094,0.6143686666666668,75961
2477,6,10.166249752410335,0.6329353333333335,71310
2478,6,10.304258744237421,0.6080313333333335,77097
2479,6,10.25307880573476,0.6148986666666667,77376
2480,6,10.190559553883778,0.6263106666666666,71757
2481,6,10.229133057916805,0.6198426666666668,72945
2482,6,10.130273508041041,0.6389626666666667,67839
2483,6,10.21272612239156,0.6238426666666669,73132
2484,6,10.270115673380069,0.613704,74195
2485,6,10.350795658530856,0.599276,78727
2486,6,10.254478073123423,0.6174966666666666,74375
2487,6,10.218211219043274,0.6206179999999999,74458
2488,6,10.299103311905276,0.6057659999999999,78871
2489,6,10.20252201486942,0.6246466666666666,74573
2490,6,10.340139500975612,0.599714,79986
2491,6,10.156911553094824,0.6318413333333334,68504
2492,6,10.238276810915348,0.6171826666666664,73546
2493,6,10.140628542055229,0.6359619999999998,68629
2494,6,10.2799828399442,0.6107933333333333,74764
2495,6,10.227669001646216,0.6177359999999998,74986
2496,6,10.201590589095545,0.6239599999999998,71362
2497,6,10.283914298110767,0.6091106666666667,76142
2498,6,10.185526255469336,0.6279640000000001,71500
2499,6,10.323394345886333,0.6032686666666668,77269
2500,6,10.273140980112446,0.6097426666666665,77528
2501,6,10.21099605521171,0.6212133333333335,71968
2502,6,10.227867469663513,0.61758,72286
2503,6,10.307635798438502,0.6031946666666669,76952
2504,6,10.211957561144521,0.6217846666666669,72410
2505,6,10.349907242714696,0.5967899999999999,78063
2506,6,10.298088769205297,0.6036326666666667,78246
2507,6,10.237387231666046,0.6148346666666669,72845
2508,6,10.28235447003072,0.6069586666666666,75468
2509,7,10.175872585540525,0.6371800000000001,78220
2510,7,10.123040686907558,0.6477205714285714,72867
2511,7,10.077373184603125,0.6542297142857143,72936
2512,7,10.195904771236277,0.6318325714285714,78716
2513,7,10.113945234493812,0.648072,74300
2514,7,10.18197137373977,0.6352954285714286,78821
2515,7,10.16334990672778,0.6399811428571427,75491
2516,7,10.119130023566123,0.6461845714285716,75604
2517,7,10.236542081205535,0.6241085714285712,81074
2518,7,10.153657927341298,0.6405457142857144,76907
2519,7,10.222976393120135,0.6274148571428572,81223
2520,7,10.06447510217817,0.6571777142857144,69845
2521,7,10.183307982346122,0.6348331428571429,76000
2522,7,10.099536986649174,0.6512148571428572,71269
2523,7,10.168988030639447,0.6383394285714287,76178
2524,7,10.138697404947917,0.6408274285714286,76071
2525,7,10.055116284941219,0.6575771428571429,71411
2526,7,10.124956207839595,0.6445028571428573,76300
2527,7,10.173184036524013,0.6352920000000001,77352
2528,7,10.241705926362512,0.6226314285714285,81515
2529,7,10.159953888630957,0.6386034285714284,77483
2530,7,10.182690649020474,0.6344605714285713,76327
2531,7,10.137355735468146,0.6409954285714287,76387
2532,7,10.254658387846534,0.6186520000000001,81730
2533,7,10.174113726872013,0.6347971428571428,77614
2534,7,10.241395013018913,0.6222988571428572,81877
2535,7,10.084203268170956,0.6514537142857142,70810
2536,7,10.203006024162384,0.6288314285714286,76854
2537,7,10.121736662721078,0.6449011428571428,72180
2538,7,10.18875288019676,0.6327040000000002,76962
2539,7,10.157303850010962,0.6352348571428572,76833
2540,7,10.076005598997531,0.6517457142857144,72256
2541,7,10.143559848738908,0.6392182857142856,77004
2542,7,10.194045406268025,0.6291194285714286,78049
2543,7,10.260317941398673,0.6170062857142858,82140
2544,7,10.180906715496038,0.6327239999999998,78137
2545,7,10.125611902685067,0.6436440000000002,73542
2546,7,10.243357187364374,0.6212977142857145,79242
2547,7,10.161035441560884,0.6376177142857143,74845
2548,7,10.22935188898552,0.6250091428571432,79376
2549,7,10.199047228684979,0.6273862857142859,79297
2550,7,10.116935308527525,0.6440400000000001,74979
2551,7,10.185560183449121,0.6312411428571427,79478
2552,7,10.233638321696668,0.6217742857142857,80419
2553,7,10.301194742224167,0.6093828571428571,84325
2554,7,10.220816420375714,0.6252942857142858,80564
2555,7,10.145527041785506,0.6380782857142856,74038
2556,7,10.06269226413395,0.654534285714286,69160
2557,7,10.131432893520994,0.6420337142857144,74257
2558,7,10.180875307193727,0.6320874285714285,75312
2559,7,10.24841216379029,0.6199434285714288,79703
2560,7,10.167507260251663,0.6356565714285716,75470
2561,7,10.136478426287301,0.6383314285714288,75413
2562,7,10.2042217075336,0.6259977142857143,79763
2563,7,10.123304784879876,0.6421668571428572,75607
2564,7,10.239621790715915,0.6200748571428573,80877
2565,7,10.19932562491648,0.6298228571428572,76508
2566,7,10.154633940263267,0.6361165714285715,76574
2567,7,10.271957227330432,0.6139480000000002,81907
2568,7,10.19047181327193,0.6303605714285714,77813
2569,7,10.258341129404146,0.6174462857142857,82039
2570,7,10.101929586678107,0.6466148571428574,71058
2571,7,10.220574494601253,0.6242937142857143,77071
2572,7,10.138292077870387,0.6405948571428569,72427
2573,7,10.206105147727678,0.6280102857142857,77154
2574,7,10.175505471620214,0.6304114285714286,77070
2575,7,10.09320522296001,0.6472262857142855,72514
2576,7,10.161499388938966,0.63426,77226
2577,7,10.211176122006421,0.6247497142857144,78294
2578,7,10.278210524738082,0.612232,82312
2579,7,10.197604867278956,0.6283182857142857,78338
2580,7,10.142131947689853,0.6389268571428572,73716
2581,7,10.259812097272238,0.6168148571428574,79432
2582,7,10.176567673142769,0.6333422857142859,75020
2583,7,10.245664986822193,0.620356,79569
2584,7,10.216275591680283,0.6226057142857144,79484
2585,7,10.133176069677043,0.6395217142857142,75137
2586,7,10.202566682219253,0.626282285714286,79672
2587,7,10.249964023723427,0.6173291428571429,80622
2588,7,10.31827400166631,0.6045817142857143,84503
2589,7,10.236818285954568,0.6207822857142858,80749
2590,7,10.162894892144195,0.6335245714285715,74263
2591,7,10.079035686456832,0.6502594285714286,69359
2592,7,10.148714207671985,0.6373120000000001,74487
2593,7,10.197139384675475,0.6280171428571429,75539
2594,7,10.265568769955603,0.6154617142857143,79895
2595,7,10.183452136656056,0.6315011428571428,75643
2596,7,10.153419983714018,0.6339634285714287,75644
2597,7,10.222051217927353,0.6212085714285716,79969
2598,7,10.139966849559789,0.6377034285714285,75811
2599,7,10.256238833127002,0.6157377142857146,81047
2600,7,10.161039865917296,0.6334702857142858,74600
2601,7,10.278583990242346,0.6111931428571428,80189
2602,7,10.197732938960963,0.6274337142857142,75838
2603,7,10.264684831896517,0.6150365714285716,80302
2604,7,10.23397083858017,0.6173622857142858,80180
2605,7,10.153078577471813,0.6339994285714287,75911
2606,7,10.22045970025193,0.6213234285714286,80347
2607,7,10.269740078656824,0.6116531428571431,81253
2608,7,10.336074762236258,0.5993125714285714,85093
2609,7,10.256833052236876,0.6152868571428571,81357
2610,7,10.182155152332776,0.6276514285714286,75141
2611,7,10.100642336575413,0.644137142857143,70320
2612,7,10.168010787984771,0.6317274285714285,75277
2613,7,10.218690680809631,0.6216017142857142,76345
2614,7,10.2848647522134,0.6096205714285715,80633
2615,7,10.205103328099245,0.6253417142857144,76402
2616,7,10.17375030507319,0.628069142857143,76376
2617,7,10.24023248687929,0.6157034285714286,80617
2618,7,10.160342996364848,0.632024,76487
2619,7,10.276632376137007,0.6097217142857143,81647
2620,7,10.222380463242482,0.6201377142857143,77595
2621,7,10.139991740545621,0.6368045714285717,73029
2622,7,10.208384361428202,0.6240171428571429,77742
2623,7,10.256895914015956,0.6145125714285713,78720
2624,7,10.324289027668465,0.602184,82822
2625,7,10.243572032144922,0.6181685714285715,78830
2626,7,10.213572322763257,0.6205468571428571,78812
2627,7,10.281092157890576,0.6079834285714287,82845
2628,7,10.200404829729528,0.6244548571428573,78964
2629,7,10.315486703539005,0.602497142857143,83822
2630,7,10.160540708905593,0.6310760000000002,73557
2631,7,10.22822895499705,0.6187548571428572,78087
2632,7,10.147053864904738,0.6348771428571429,73703
2633,7,10.263430144864893,0.612825142857143,79185
2634,7,10.219849738616734,0.618964,79287
2635,7,10.151982938772859,0.6413160000000001,76623
2636,7,10.106306280943366,0.6479794285714285,76718
2637,7,10.224049834405417,0.6257297142857144,82022
2638,7,10.14204645907702,0.6421411428571429,77926
2639,7,10.21093712288666,0.6287560000000001,82170
2640,7,10.05378037566746,0.6584022857142858,71224
2641,7,10.173111992501466,0.6357360000000001,77201
2642,7,10.090119363766247,0.6521954285714288,72577
2643,7,10.15887792526634,0.6391514285714284,77318
2644,7,10.127000551963434,0.6423394285714286,77208
2645,7,10.044101368767622,0.6591462857142856,72672
2646,7,10.113395455330355,0.6457428571428573,77402
2647,7,10.16280827721011,0.6364737142857143,78430
2648,7,10.230584182091686,0.6235897142857143,82448
2649,7,10.149679498465366,0.6396160000000001,78491
2650,7,10.094345964096345,0.6506777142857144,73905
2651,7,10.212622663669858,0.6283348571428573,79594
2652,7,10.128742339801805,0.6449948571428572,75209
2653,7,10.198747325938827,0.6315222857142858,79742
2654,7,10.167808428981036,0.6346560000000001,79647
2655,7,10.084174237291258,0.6515217142857146,75316
2656,7,10.15460100279063,0.6377891428571429,79852
2657,7,10.20160337244759,0.6292817142857143,80783
2658,7,10.27067805005962,0.6161217142857143,84668
2659,7,10.18893556028364,0.6322668571428572,80927
2660,7,10.115049100142134,0.645162857142857,74455
2661,7,10.030421840211387,0.6620417142857143,69575
2662,7,10.101067756002145,0.6486434285714285,74676
2663,7,10.14938201772392,0.6394965714285716,75734
2664,7,10.218566121653065,0.6265360000000001,80079
2665,7,10.136005227825263,0.6426537142857144,75854
2666,7,10.10454021750426,0.6458468571428573,75814
2667,7,10.173951096778339,0.6327497142857144,80144
2668,7,10.091527667906334,0.6491691428571428,75999
2669,7,10.208493701958323,0.6271017142857144,81234
2670,7,10.113500510171836,0.6452348571428573,74743
2671,7,10.231656294343603,0.6227822857142857,80280
2672,7,10.15024483830198,0.6390474285714287,75961
2673,7,10.218100087339296,0.6261822857142855,80411
2674,7,10.18591702058319,0.6293462857142857,80294
2675,7,10.104514401519635,0.6460217142857144,76054
2676,7,10.172880301645097,0.632764,80476
2677,7,10.221886081857567,0.6234862857142855,81367
2678,7,10.288905144063285,0.6107365714285715,85171
2679,7,10.209487816863096,0.626629142857143,81473
2680,7,10.134430393996423,0.6394239999999999,75265
2681,7,10.052169712989043,0.6560485714285715,70480
2682,7,10.120429702264769,0.6431731428571429,75421
2683,7,10.171143772499354,0.6331645714285714,76496
2684,7,10.23796682589577,0.6207920000000001,80733
2685,7,10.157860428763035,0.6365731428571428,76545
2686,7,10.12518045566602,0.6400160000000001,76505
2687,7,10.192320013698119,0.6273097142857144,80707
2688,7,10.112120947204492,0.643577142857143,76616
2689,7,10.22920187426548,0.6210697142857142,81769
2690,7,10.175164947538253,0.6318674285714284,77773
2691,7,10.092181346624955,0.6485977142857141,73251
2692,7,10.161430042165623,0.6353360000000001,77926
2693,7,10.20985018770359,0.6260977142857144,78904
2694,7,10.277851091992963,0.6133931428571431,82961
2695,7,10.196880063662984,0.6293737142857142,79027
2696,7,10.165329599782726,0.6325577142857144,78985
2697,7,10.233530914288888,0.61958,82997
2698,7,10.152620070641746,0.6359537142857143,79152
2699,7,10.26832925914106,0.613964,83994
2700,7,10.112728544327988,0.6427165714285714,73758
2701,7,10.181037962856456,0.630070857142857,78245
2702,7,10.099461340489615,0.6462445714285714,73899
2703,7,10.21666877077594,0.6239708571428569,79377
2704,7,10.172070454329193,0.6304622857142855,79445
2705,7,10.130451735202874,0.6401874285714287,74979
2706,7,10.248490426723784,0.6179845714285714,80522
2707,7,10.166080746685388,0.6345571428571428,76218
2708,7,10.234614809049106,0.6213645714285715,80636
2709,7,10.203456900625635,0.6242828571428571,80530
2710,7,10.12107238748051,0.6412280000000001,76291
2711,7,10.190088541603236,0.6276765714285714,80706
2712,7,10.238403373783214,0.6188897142857144,81613
2713,7,10.306080619694677,0.6058211428571427,85372
2714,7,10.225540060590081,0.6221091428571428,81715
2715,7,10.15242689128938,0.6343765714285715,75535
2716,7,10.069127976852775,0.6512862857142857,70758
2717,7,10.138236517644923,0.6380725714285714,75688
2718,7,10.187912087519255,0.6286994285714287,76763
2719,7,10.255564489057752,0.6159702857142858,80950
2720,7,10.174197967781556,0.6321445714285714,76791
2721,7,10.142606900133329,0.6352234285714288,76793
2722,7,10.2105386564167,0.622173142857143,80953
2723,7,10.129199669994744,0.6388297142857144,76893
2724,7,10.246066158674235,0.616509142857143,81981
2725,7,10.191789922762123,0.62706,78002
2726,7,10.107807763472415,0.6440377142857143,73452
2727,7,10.177906853614616,0.6304468571428572,78172
2728,7,10.225445594914548,0.6217542857142857,79143
2729,7,10.294245536444446,0.6087097142857142,83193
2730,7,10.212123834867072,0.6250457142857142,79255
2731,7,10.181645239665574,0.6278897142857144,79202
2732,7,10.250644367790246,0.6146057142857144,83214
2733,7,10.168646246306269,0.6312982857142857,79369
2734,7,10.28431125699237,0.609437142857143,84185
2735,7,10.129254337174881,0.6382920000000001,74019
2736,7,10.19850846261949,0.6252582857142859,78509
2737,7,10.115736886569493,0.6417754285714287,74165
2738,7,10.232753387586763,0.6197165714285714,79583
2739,7,10.188839901749583,0.6258720000000001,79671
2740,7,10.210493036681571,0.6215782857142859,78748
2741,7,10.128815219946256,0.6382285714285716,74277
2742,7,10.196801025936484,0.6252194285714286,78889
2743,7,10.246355705178889,0.6158685714285714,79829
2744,7,10.313046642846231,0.6032674285714285,83798
2745,7,10.233309451286246,0.6192657142857145,79917
2746,7,10.201468902741293,0.622290857142857,79852
2747,7,10.268452911404157,0.6094325714285715,83771
2748,7,10.188614170536878,0.6259057142857143,79979
2749,7,10.304288873026978,0.6037868571428571,84715
2750,7,10.150473896988185,0.632228,74787
2751,7,10.217488352647534,0.6196285714285714,79184
2752,7,10.136980047077378,0.6359400000000002,74871
2753,7,10.25409152485111,0.6135297142857143,80237
2754,7,10.209026542661507,0.620108,80234
2755,7,10.189237263017077,0.6250788571428573,77310
2756,7,10.257142004931794,0.6122331428571429,81475
2757,7,10.17599487656148,0.628645142857143,77433
2758,7,10.291875871604674,0.606646857142857,82478
2759,7,10.248297239357221,0.6128034285714287,82520
2760,7,10.19649192139605,0.6230394285714287,77772
2761,7,10.200770640213685,0.6310805714285715,76392
2762,7,10.156626099963978,0.6374182857142857,76506
2763,7,10.273453879597925,0.6153634285714288,81835
2764,7,10.191926897234099,0.6315325714285714,77713
2765,7,10.260050153813742,0.6185560000000001,81996
2766,7,10.103527629622748,0.6477902857142857,70969
2767,7,10.221739695426528,0.6254662857142858,76991
2768,7,10.139352510374295,0.6416605714285712,72318
2769,7,10.20748250221427,0.6289022857142856,77143
2770,7,10.17715291649514,0.6317017142857143,77046
2771,7,10.094691496456372,0.648250857142857,72434
2772,7,10.163400706077315,0.6352634285714286,77204
2773,7,10.212377980761906,0.6259302857142857,78222
2774,7,10.279668631196188,0.6132977142857141,82337
2775,7,10.199057283046928,0.6291771428571429,78345
2776,7,10.143291356167623,0.6402777142857144,73625
2777,7,10.260556123736169,0.6182120000000001,79345
2778,7,10.177099993266754,0.634645142857143,74920
2779,7,10.246336687592821,0.6215228571428569,79493
2780,7,10.217557139114817,0.6241268571428572,79468
2781,7,10.134294919233792,0.6407257142857142,75090
2782,7,10.203874317060661,0.6275422857142858,79630
2783,7,10.250748274754613,0.6188234285714286,80593
2784,7,10.319140695550427,0.605984,84496
2785,7,10.237560636509755,0.6219857142857143,80725
2786,7,10.163944508731895,0.6347091428571427,74225
2787,7,10.07981913050079,0.6513074285714286,69270
2788,7,10.14978143513276,0.638265142857143,74427
2789,7,10.197629746237684,0.6291697142857144,75465
2790,7,10.266211373151684,0.6164491428571429,79901
2791,7,10.183981083951432,0.6324091428571429,75636
2792,7,10.154446778790057,0.6351091428571429,75625
2793,7,10.223307676225364,0.6223045714285715,80017
2794,7,10.141014171908894,0.6386805714285712,75802
2795,7,10.257038664595296,0.6168177142857143,81101
2796,7,10.163419136118831,0.6348222857142857,74537
2797,7,10.280619879315164,0.6124759999999999,80121
2798,7,10.199534787206826,0.6286320000000002,75729
2799,7,10.266720597377113,0.6161474285714287,80265
2800,7,10.236452935447137,0.6187588571428574,80182
2801,7,10.155338783064256,0.6352171428571428,75862
2802,7,10.22299075772753,0.622545714285714,80325
2803,7,10.271735861359208,0.6128982857142857,81217
2804,7,10.338236752871888,0.6005674285714286,85098
2805,7,10.25891590815579,0.616329142857143,81334
2806,7,10.184335192125765,0.6288857142857143,75142
2807,7,10.102439551127421,0.6452257142857143,70242
2808,7,10.170151752859015,0.6327788571428573,75270
2809,7,10.220300128252209,0.6227188571428572,76285
2810,7,10.286662391880736,0.6105708571428572,80652
2811,7,10.206785426960131,0.6262445714285716,76420
2812,7,10.175758982659554,0.6292217142857145,76379
2813,7,10.24251609865933,0.6168497142857142,80671
2814,7,10.16239592846424,0.632992,76494
2815,7,10.278508944223468,0.6107348571428572,81708
2816,7,10.224320535773922,0.6214937142857141,77582
2817,7,10.141592118577737,0.6379874285714285,72970
2818,7,10.210099720090291,0.6252862857142858,77708
2819,7,10.258222749089699,0.6157851428571429,78665
2820,7,10.325667421503322,0.6033885714285715,82807
2821,7,10.2447467643454,0.6193200000000002,78805
2822,7,10.215457858607856,0.6218474285714287,78838
2823,7,10.28305050174824,0.6093331428571429,82900
2824,7,10.202119215487718,0.6255988571428572,78967
2825,7,10.316976976204515,0.6037502857142858,83881
2826,7,10.162080619541312,0.6321268571428572,73535
2827,7,10.229889950375423,0.6198188571428572,78129
2828,7,10.148411157655541,0.6358874285714285,73706
2829,7,10.264571845883719,0.6137868571428572,79236
2830,7,10.221546303309305,0.6200222857142859,79383
2831,7,10.179611306245386,0.6300582857142859,74723
2832,7,10.296686897707737,0.6079817142857143,80299
2833,7,10.214813930910365,0.6243365714285715,75953
2834,7,10.282561368222124,0.6115262857142859,80432
2835,7,10.253279877723479,0.6139217142857144,80368
2836,7,10.171324680125258,0.6306245714285716,76068
2837,7,10.239531155544332,0.6175651428571429,80510
2838,7,10.287776086865625,0.608409142857143,81444
2839,7,10.354786817801726,0.5957622857142857,85248
2840,7,10.274462541008038,0.6118354285714288,81534
2841,7,10.201532411869259,0.6241257142857143,75367
2842,7,10.118791944420611,0.6407331428571429,70520
2843,7,10.187228116517016,0.6278994285714287,75494
2844,7,10.236525854147958,0.6184451428571428,76544
2845,7,10.30358109873089,0.6059651428571428,80824
2846,7,10.222589256568122,0.6219845714285712,76619
2847,7,10.192651471825,0.6246154285714287,76644
2848,7,10.260084462138337,0.6118622857142857,80864
2849,7,10.178908136988406,0.6283691428571431,76724
2850,7,10.294953604064006,0.6062617142857145,81892
2851,7,10.240348143062626,0.616901142857143,77772
2852,7,10.156795774378796,0.6336245714285715,73149
2853,7,10.226035320848803,0.6205177142857145,77903
2854,7,10.27342140131852,0.6116091428571429,78893
2855,7,10.341503536645098,0.5988834285714288,82977
2856,7,10.259593471147259,0.615084,79001
2857,7,10.23142888563878,0.6172742857142858,79044
2858,7,10.299702709059439,0.6044125714285714,83068
2859,7,10.217765499560317,0.6209880000000002,79151
2860,7,10.332666039852983,0.5992291428571429,84053
2861,7,10.178179564266987,0.6278274285714286,73793
2862,7,10.246806123146603,0.6151331428571428,78350
2863,7,10.164239922167951,0.6315182857142855,73920
2864,7,10.280276918912154,0.609672,79412
2865,7,10.23798477574238,0.615450857142857,79572
2866,7,10.25987369549662,0.6113422857142856,78578
2867,7,10.178534121021885,0.6278765714285715,74033
2868,7,10.245773020765045,0.6152657142857143,78691
2869,7,10.29510011364783,0.6055685714285716,79627
2870,7,10.361216135931633,0.5933605714285716,83669
2871,7,10.28161090608892,0.609252,79719
2872,7,10.251744245336457,0.6117440000000002,79729
2873,7,10.318164476854646,0.5992502857142858,83686
2874,7,10.238342389688366,0.6156588571428572,79799
2875,7,10.353244749257023,0.5935394285714287,84621
2876,7,10.200142588202944,0.6217177142857142,74645
2877,7,10.266669291936418,0.6094302857142859,79105
2878,7,10.18630016733473,0.6255977142857144,74720
2879,7,10.30244849209629,0.6033731428571429,80131
2880,7,10.25877093979903,0.6097068571428572,80196
2881,7,10.238226550541743,0.6146977142857143,77088
2882,7,10.305492700439574,0.602228,81300
2883,7,10.224350835211979,0.6185640000000001,77170
2884,7,10.339367184914872,0.5966205714285714,82286
2885,7,10.2974579843899,0.602505714285714,82415
2886,7,10.244970585227799,0.6127782857142858,77639
2887,7,10.132155935675884,0.6415708571428571,74888
2888,7,10.249663016674225,0.6193799999999999,80421
2889,7,10.167219856591547,0.6357434285714287,76089
2890,7,10.236003816401354,0.6224925714285713,80590
2891,7,10.205166425835943,0.6257588571428573,80500
2892,7,10.122769225215512,0.6423817142857143,76244
2893,7,10.192074753691289,0.6288525714285716,80694
2894,7,10.239669053310424,0.6202005714285714,81571
2895,7,10.307561272443182,0.6071137142857145,85380
2896,7,10.227034368017517,0.6230960000000002,81697
2897,7,10.153751482955448,0.6357685714285715,75472
2898,7,10.070342566489465,0.6524017142857145,70657
2899,7,10.139846113296995,0.6391285714285715,75659
2900,7,10.188747636634869,0.6299662857142857,76665
2901,7,10.256690929599527,0.6170502857142856,80958
2902,7,10.17536973983789,0.6330074285714286,76785
2903,7,10.14395027471174,0.6364645714285715,76766
2904,7,10.212231109378722,0.62336,80998
2905,7,10.130820257599106,0.6397257142857142,76897
2906,7,10.247394381147412,0.6175645714285715,82048
2907,7,10.192872808651304,0.6285268571428573,77949
2908,7,10.108733763041378,0.6452428571428571,73380
2909,7,10.179018539017719,0.63168,78112
2910,7,10.22595160332293,0.6231365714285715,79075
2911,7,10.294901129328482,0.6099611428571429,83162
2912,7,10.212663541203781,0.626141142857143,79220
2913,7,10.182747045146076,0.6292445714285714,79211
2914,7,10.251914546771852,0.6159868571428572,83248
2915,7,10.169769907740259,0.6323708571428572,79372
2916,7,10.285110656682772,0.6107188571428571,84250
2917,7,10.12996371172668,0.6394645714285715,73948
2918,7,10.199484180197562,0.6263782857142859,78509
2919,7,10.116554303347575,0.6427057142857145,74128
2920,7,10.233232103153805,0.620721142857143,79611
2921,7,10.189917955168754,0.6269274285714286,79744
2922,7,10.212693003689855,0.6229188571428572,78699
2923,7,10.130806834462833,0.6394131428571428,74190
2924,7,10.199059544270579,0.626378857142857,78859
2925,7,10.247985703167046,0.6170188571428572,79738
2926,7,10.314899540503756,0.6043822857142856,83772
2927,7,10.235080367677371,0.6202022857142858,79864
2928,7,10.203588608885962,0.6236125714285715,79847
2929,7,10.270826217544133,0.6106765714285716,83803
2930,7,10.190845561396378,0.6269502857142858,79971
2931,7,10.306237865476911,0.6048297142857144,84748
2932,7,10.152153338964832,0.6333754285714287,74741
2933,7,10.219470080723607,0.6207165714285714,79197
2934,7,10.138793208588542,0.6368148571428571,74862
2935,7,10.255623594546021,0.6144257142857144,80263
2936,7,10.211023989717866,0.6211211428571428,80313
2937,7,10.190837782094889,0.626241142857143,77271
2938,7,10.25887780749221,0.613425142857143,81482
2939,7,10.177496484191751,0.6296514285714286,77407
2940,7,10.29306446095634,0.6076668571428572,82487
2941,7,10.250078238495323,0.613936,82605
2942,7,10.197852713189276,0.623945142857143,77804
2943,7,10.229182308479206,0.6179337142857142,78931
2944,7,10.14646036496887,0.6346960000000001,74445
2945,7,10.21532395600462,0.6213765714285717,79070
2946,7,10.26355304766792,0.6125600000000001,80012
2947,7,10.331027384703317,0.5996799999999999,83977
2948,7,10.2501482827557,0.6158428571428571,80117
2949,7,10.219897146726238,0.6187291428571431,80115
2950,7,10.287679498249942,0.6055628571428572,84012
2951,7,10.206708119216747,0.6221760000000001,80216
2952,7,10.322023032891503,0.6002411428571428,84970
2953,7,10.1688779289719,0.6285885714285714,75041
2954,7,10.236911259680424,0.6156285714285715,79443
2955,7,10.155142119476452,0.6321097142857144,75135
2956,7,10.27174557217296,0.6100108571428572,80484
2957,7,10.227848272082541,0.6162645714285713,80557
2958,7,10.206233674942071,0.6217005714285715,77514
2959,7,10.27498267925846,0.6085674285714285,81693
2960,7,10.192562281866278,0.625109142857143,77627
2961,7,10.308048450290707,0.6033731428571429,82696
2962,7,10.265832123838782,0.6092131428571428,82793
2963,7,10.21393522716819,0.6193948571428572,78047
2964,7,10.22765513500473,0.6158582857142857,78229
2965,7,10.294429862080067,0.6031925714285712,82343
2966,7,10.214268713311473,0.6194982857142857,78333
2967,7,10.32976353876901,0.5974531428571428,83305
2968,7,10.286282016167847,0.6036931428571427,83352
2969,7,10.235629097903681,0.6134782857142859,78712
2970,7,10.2731090541263,0.6066074285714286,81008
2971,7,10.256685694220101,0.6216982857142859,75305
2972,7,10.21140915948979,0.6281348571428573,75440
2973,7,10.327419302128579,0.6064925714285715,80843
2974,7,10.246724938278955,0.622436,76723
2975,7,10.314480932801011,0.6095897142857144,80994
2976,7,10.158941095721916,0.638552,69757
2977,7,10.276426580127174,0.6165862857142859,75809
2978,7,10.194925698549646,0.6325234285714287,71181
2979,7,10.262586543144213,0.6199937142857143,75980
2980,7,10.230854493496125,0.6228748571428574,75896
2981,7,10.149249607917005,0.6391737142857142,71330
2982,7,10.21741629540525,0.6263457142857142,76102
2983,7,10.266177758853578,0.6172285714285713,77182
2984,7,10.3328842949871,0.6048325714285716,81257
2985,7,10.253264359156969,0.6203771428571428,77292
2986,7,10.199306489867274,0.6308622857142858,72517
2987,7,10.315727975033074,0.609233142857143,78290
2988,7,10.233187535973999,0.6253937142857141,73831
2989,7,10.30233541900089,0.6123937142857143,78464
2990,7,10.271572956706443,0.6151474285714288,78432
2991,7,10.189149405654446,0.6315245714285718,74025
2992,7,10.258605539213688,0.6184011428571426,78653
2993,7,10.304747640313463,0.6100639999999999,79597
2994,7,10.3729360864562,0.5973817142857146,83551
2995,7,10.292411838758849,0.6130422857142858,79761
2996,7,10.218739834280447,0.6257714285714284,73039
2997,7,10.135553419346916,0.6421222857142859,68115
2998,7,10.205231391546075,0.6292028571428571,73311
2999,7,10.252577483255886,0.6203674285714287,74351
3000,7,10.320852069487703,0.6078777142857144,78788
3001,7,10.23967580929449,0.6234502857142856,74519
3002,7,10.20831559042141,0.626313142857143,74525
3003,7,10.276799428342343,0.6136805714285717,78947
3004,7,10.195565292230057,0.6296794285714284,74733
3005,7,10.310696195165816,0.6083211428571429,80057
3006,7,10.217784705538653,0.6256777142857144,73422
3007,7,10.334223831462236,0.6038051428571428,79050
3008,7,10.25404726141307,0.6196531428571429,74694
3009,7,10.32092031284185,0.607310857142857,79225
3010,7,10.288957780487607,0.6101108571428573,79127
3011,7,10.208708697826129,0.6263017142857142,74838
3012,7,10.275984326162261,0.6137068571428572,79321
3013,7,10.324363771670967,0.604405142857143,80249
3014,7,10.39041851071431,0.5922525714285715,84122
3015,7,10.312060752672588,0.6076571428571428,80387
3016,7,10.23756027184242,0.6202697142857143,73913
3017,7,10.156660215517551,0.636304,69101
3018,7,10.223849065380747,0.6240342857142857,74131
3019,7,10.273810353579023,0.6141737142857143,75185
3020,7,10.339622494956785,0.6023331428571429,79512
3021,7,10.260743369329417,0.6175914285714286,75311
3022,7,10.228283113587672,0.6206914285714286,75287
3023,7,10.29439294071105,0.6085685714285716,79560
3024,7,10.215295925672947,0.6243102857142857,75431
3025,7,10.330639714475774,0.6025159999999999,80656
3026,7,10.278067313196273,0.6126754285714285,76499
3027,7,10.196267306297235,0.6288942857142857,71887
3028,7,10.264676115276805,0.616237142857143,76696
3029,7,10.312118348002578,0.6071605714285712,77635
3030,7,10.379406255535013,0.5949091428571429,81814
3031,7,10.299502647778798,0.6104325714285713,77801
3032,7,10.268158957995668,0.6132274285714288,77825
3033,7,10.335538633750936,0.600829142857143,81938
3034,7,10.255617251700986,0.6167199999999999,77997
3035,7,10.369592749195732,0.5954200000000002,82927
3036,7,10.215801551138979,0.6234451428571429,72428
3037,7,10.283240124274945,0.6113417142857144,77018
3038,7,10.202846645273278,0.6269840000000002,72605
3039,7,10.318194753263105,0.6054222857142858,78144
3040,7,10.27403057083355,0.6115880000000001,78318
3041,7,10.235553725854878,0.6208308571428569,73607
3042,7,10.351909629847249,0.5991942857142857,79235
3043,7,10.270899102242423,0.6152142857142857,74894
3044,7,10.338370321393526,0.6025982857142859,79389
3045,7,10.307348886943123,0.6052085714285714,79319
3046,7,10.226229040885752,0.6216434285714288,75036
3047,7,10.294084639717697,0.6087148571428571,79501
3048,7,10.341888047195058,0.599850857142857,80438
3049,7,10.408517694702358,0.5874228571428571,84272
3050,7,10.329191758877132,0.6031154285714286,80577
3051,7,10.25619136425305,0.6154462857142856,74121
3052,7,10.174381255727239,0.6317262857142856,69314
3053,7,10.242366811411959,0.6190960000000001,74320
3054,7,10.291397089011697,0.6098177142857144,75387
3055,7,10.357992900736528,0.5976314285714286,79684
3056,7,10.278010340480733,0.6132057142857141,75483
3057,7,10.246517257560013,0.6160520000000002,75504
3058,7,10.313388189960778,0.6035588571428573,79751
3059,7,10.233246093817776,0.6196439999999999,75639
3060,7,10.348460185997997,0.597993142857143,80817
3061,7,10.295562948096986,0.6080599999999999,76675
3062,7,10.21290794871074,0.6244731428571428,72043
3063,7,10.282088207227119,0.6114628571428571,76877
3064,7,10.328742609609677,0.6028782857142856,77827
3065,7,10.396735102727549,0.5903708571428571,81985
3066,7,10.315868789951692,0.6061382857142859,77972
3067,7,10.285536071174526,0.60862,77998
3068,7,10.353648187728316,0.5959245714285716,82102
3069,7,10.272755514299332,0.6120680000000001,78171
3070,7,10.386725175838533,0.5908868571428573,83075
3071,7,10.233112648311575,0.6191320000000001,72604
3072,7,10.301445062063033,0.6066388571428573,77205
3073,7,10.219995517873818,0.6225708571428573,72773
3074,7,10.335189006360958,0.6012582857142856,78284
3075,7,10.291751961276214,0.6070177142857145,78470
3076,7,10.31365648045073,0.6027794285714284,77479
3077,7,10.233222675041153,0.6189434285714287,72945
3078,7,10.30019490282234,0.6064662857142858,77658
3079,7,10.349101753251874,0.5971142857142859,78586
3080,7,10.414910772306039,0.5851274285714285,82676
3081,7,10.336241633901746,0.600556,78715
3082,7,10.304623877214699,0.6033365714285714,78701
3083,7,10.37063834596962,0.5910422857142857,82704
3084,7,10.291797643872188,0.6070085714285715,78836
3085,7,10.405910189302846,0.5854274285714284,83660
3086,7,10.25376973083519,0.6132982857142857,73452
3087,7,10.3197972486472,0.6012748571428571,77968
3088,7,10.240482820876549,0.6169782857142857,73587
3089,7,10.355894597304536,0.5952600000000002,79023
3090,7,10.311175528211505,0.6015708571428572,79117
3091,7,10.292329537550733,0.6061148571428571,76020
3092,7,10.359489688731676,0.5937640000000001,80315
3093,7,10.279370681058062,0.6096651428571429,76156
3094,7,10.393567119533879,0.588337714285714,81284
3095,7,10.350408168261131,0.594218857142857,81438
3096,7,10.298800529266183,0.604434857142857,76514
3097,7,10.187514754347378,0.6323920000000001,73787
3098,7,10.304297257352564,0.6105074285714288,79373
3099,7,10.222651479673235,0.6266274285714284,75032
3100,7,10.29114812058473,0.6135640000000001,79573
3101,7,10.258616428991948,0.6170679999999998,79452
3102,7,10.176951531966498,0.6335291428571429,75180
3103,7,10.245923811636112,0.620073142857143,79690
3104,7,10.2930823707251,0.6116274285714287,80573
3105,7,10.360539769451705,0.598773142857143,84423
3106,7,10.280964131850663,0.6144640000000001,80744
3107,7,10.207946044724881,0.6269868571428574,74291
3108,7,10.125390794697822,0.6434125714285716,69514
3109,7,10.194366902788921,0.6303542857142856,74555
3110,7,10.243100786766233,0.6211942857142857,75563
3111,7,10.310460764428582,0.6086365714285714,79865
3112,7,10.2301221877519,0.6242708571428572,75704
3113,7,10.19724001462618,0.6278714285714287,75678
3114,7,10.264867829273754,0.6150474285714285,79924
3115,7,10.184444569817629,0.6311188571428573,75854
3116,7,10.300173365781879,0.6093114285714285,81015
3117,7,10.247570545387799,0.6196674285714285,76890
3118,7,10.164229766184008,0.6361782857142857,72275
3119,7,10.23443520352591,0.6226445714285715,77123
3120,7,10.28068807423299,0.6143742857142858,78038
3121,7,10.34945992909461,0.6013760000000001,82199
3122,7,10.268239230924559,0.6172165714285716,78222
3123,7,10.236251664806518,0.6206702857142862,78184
3124,7,10.305212488460088,0.6074931428571428,82306
3125,7,10.22405232326466,0.6235862857142856,78402
3126,7,10.338438523153968,0.6023937142857142,83306
3127,7,10.184466674894136,0.6307280000000001,72832
3128,7,10.25357796452319,0.6178137142857143,77431
3129,7,10.171701940334998,0.6338617142857145,73042
3130,7,10.287542058472594,0.6122537142857143,78534
3131,7,10.243069041672811,0.618512,78690
3132,7,10.265887360469252,0.6143868571428571,77633
3133,7,10.184825849267,0.6306325714285714,73124
3134,7,10.25277112461963,0.6176731428571428,77853
3135,7,10.30134635087628,0.6085497142857144,78726
3136,7,10.367858664229747,0.5961520000000001,82789
3137,7,10.288981675085921,0.6116131428571427,78883
3138,7,10.255781212562853,0.615309142857143,78848
3139,7,10.32254626779461,0.6025205714285715,82826
3140,7,10.243502703063601,0.6185034285714285,79003
3141,7,10.358096534043504,0.5967971428571428,83804
3142,7,10.205303216401365,0.6249182857142858,73654
3143,7,10.271954125724951,0.6125205714285715,78107
3144,7,10.192309985823439,0.6283222857142856,73799
3145,7,10.308409653512498,0.6062925714285712,79203
3146,7,10.262723654406965,0.6130680000000001,79274
3147,7,10.244337013960699,0.6177542857142858,76254
3148,7,10.312175743056944,0.6049840000000001,80525
3149,7,10.231791728366305,0.6208994285714288,76425
3150,7,10.346546159751899,0.5993748571428572,81524
3151,7,10.302299602084984,0.6057697142857141,81663
3152,7,10.2510900837149,0.615609142857143,76752
3153,7,10.28380867001178,0.6093679999999999,77859
3154,7,10.201845736960482,0.6258708571428572,73356
3155,7,10.270453705922831,0.6126697142857143,78059
3156,7,10.3182891394514,0.6040091428571428,78953
3157,7,10.38543380845935,0.5913817142857144,83004
3158,7,10.305494941335326,0.6071702857142858,79123
3159,7,10.27341833305934,0.6104240000000001,79070
3160,7,10.340801761164295,0.5974462857142857,83035
3161,7,10.260774004464022,0.6137371428571429,79237
3162,7,10.37524806294158,0.592181142857143,83996
3163,7,10.223201736044386,0.6201400000000002,73885
3164,7,10.290679222495823,0.607462285714286,78343
3165,7,10.209924430380848,0.6236045714285716,74031
3166,7,10.325783592747205,0.601814857142857,79388
3167,7,10.280772498342733,0.6082228571428572,79486
3168,7,10.261000668543343,0.6132285714285716,76452
3169,7,10.329611465270418,0.6001954285714286,80730
3170,7,10.248193272463435,0.616396,76633
3171,7,10.362849098529992,0.5950897142857143,81703
3172,7,10.319360424570169,0.6010679999999998,81824
3173,7,10.268297462385515,0.6111165714285715,76945
3174,7,10.281167387957376,0.6076525714285715,77196
3175,7,10.347582779463101,0.5951177142857142,81379
3176,7,10.268348424741264,0.6110702857142859,77342
3177,7,10.383155172255293,0.5894411428571428,82331
3178,7,10.338456110608217,0.5958297142857142,82392
3179,7,10.288592279945362,0.6055434285714285,77634
3180,7,10.326847806301444,0.5984645714285713,80037
3181,7,10.236358626058015,0.6223891428571428,73460
3182,7,10.352263188115478,0.6007074285714286,79083
3183,7,10.27108035594924,0.6166708571428571,74732
3184,7,10.338841647102672,0.6039154285714287,79291
3185,7,10.308138769107156,0.6069097142857142,79235
3186,7,10.226785659699647,0.6230960000000001,74910
3187,7,10.29499400283665,0.610186857142857,79424
3188,7,10.342138132101672,0.6014805714285715,80361
3189,7,10.408998358315072,0.588950285714286,84215
3190,7,10.329548814960129,0.6044651428571429,80508
3191,7,10.256732925470876,0.6169068571428572,74027
3192,7,10.174598778178053,0.6331114285714288,69173
3193,7,10.242974265175235,0.6203251428571428,74227
3194,7,10.291352704531917,0.611209142857143,75267
3195,7,10.358215360586604,0.5988417142857142,79620
3196,7,10.278133228800964,0.6143502857142855,75437
3197,7,10.246830151069284,0.617545142857143,75448
3198,7,10.314035833729717,0.6049491428571429,79731
3199,7,10.233609978227799,0.6209525714285714,75570
3200,7,10.348659809915924,0.5993137142857143,80829
3201,7,10.295733078361689,0.6096411428571429,76585
3202,7,10.212710648987947,0.6259788571428572,71915
3203,7,10.282094293556273,0.6129045714285715,76772
3204,7,10.328281079263364,0.6044691428571428,77736
3205,7,10.396400610754462,0.5917994285714286,81898
3206,7,10.315283975695817,0.6075314285714287,77898
3207,7,10.285551993752625,0.6102502857142861,77976
3208,7,10.353827286021431,0.5975320000000002,82091
3209,7,10.27258756987807,0.6135725714285714,78112
3210,7,10.386372714026477,0.5924782857142858,83096
3211,7,10.23287638044558,0.620524,72527
3212,7,10.301452235097146,0.607892,77178
3213,7,10.219626377738734,0.6238434285714286,72685
3214,7,10.334647542820097,0.6024742857142859,78283
3215,7,10.29165281494216,0.6084142857142856,78511
3216,7,10.315033194005997,0.6042817142857142,77388
3217,7,10.234213513667184,0.6203754285714286,72817
3218,7,10.301483436391761,0.6078868571428573,77573
3219,7,10.349817863652165,0.5985125714285714,78473
3220,7,10.41584579752867,0.5864068571428571,82576
3221,7,10.337015614656766,0.60184,78639
3222,7,10.30573640106087,0.6048714285714288,78666
3223,7,10.372000011329892,0.5925548571428573,82673
3224,7,10.292865429252895,0.6083920000000002,78774
3225,7,10.40677452033672,0.5868280000000001,83649
3226,7,10.25459495859875,0.6146028571428571,73394
3227,7,10.320872738354904,0.6025085714285714,77909
3228,7,10.241218965740723,0.6181874285714287,73522
3229,7,10.356454630497291,0.5963702857142856,79003
3230,7,10.31205802388054,0.6028640000000001,79138
3231,7,10.292940963339337,0.6074994285714285,75971
3232,7,10.36020657585925,0.5951994285714286,80278
3233,7,10.279691058054981,0.6110617142857143,76091
3234,7,10.39370448592842,0.5896480000000001,81262
3235,7,10.35102590741479,0.5956497142857143,81495
3236,7,10.299126863093754,0.6056542857142858,76522
3237,7,10.332143210124332,0.5996199999999998,77575
3238,7,10.250619676531372,0.6158731428571428,73016
3239,7,10.318421954435134,0.6031194285714286,77738
3240,7,10.366199412126551,0.5941942857142858,78691
3241,7,10.432690968645298,0.581876,82743
3242,7,10.352953230904692,0.5975297142857141,78820
3243,7,10.322833948932285,0.600205142857143,78882
3244,7,10.389578201498535,0.5876548571428571,82844
3245,7,10.309543432294584,0.6037417142857142,78952
3246,7,10.423460064820596,0.5822857142857144,83819
3247,7,10.271854767529655,0.6100474285714286,73619
3248,7,10.338822184943803,0.5976594285714286,78117
3249,7,10.258192750495487,0.6136405714285714,73709
3250,7,10.373288220506305,0.5920554285714288,79169
3251,7,10.329574220619861,0.5981342857142858,79324
3252,7,10.309142941274892,0.6031400000000001,76166
3253,7,10.377025105298484,0.5905645714285714,80443
3254,7,10.295625047598252,0.6066234285714286,76258
3255,7,10.409573679180067,0.5854714285714288,81418
3256,7,10.367711401194612,0.5910108571428573,81633
3257,7,10.315866651464521,0.6012525714285716,76693
3258,7,10.33004479486863,0.5975697142857143,76944
3259,7,10.39590539329485,0.5853862857142857,81143
3260,7,10.316643245320149,0.6012794285714287,77031
3261,7,10.430719976441555,0.5797182857142856,82099
3262,7,10.3874169633192,0.5858085714285716,82233
3263,7,10.337007365012129,0.5955114285714287,77439
3264,7,10.374416246696242,0.5886257142857143,79760
3265,7,10.284389981088017,0.6110325714285716,77730
3266,7,10.2022522021144,0.6272885714285715,73213
3267,7,10.271197425516977,0.6141291428571429,77982
3268,7,10.318263527848089,0.6055182857142858,78841
3269,7,10.385696730303724,0.5927902857142857,82916
3270,7,10.305682700975316,0.6084074285714287,79046
3271,7,10.273846003799582,0.6120097142857144,79019
3272,7,10.341550062206958,0.5990394285714287,83012
3273,7,10.261329010491721,0.6150502857142855,79192
3274,7,10.3754985745284,0.5936320000000002,84014
3275,7,10.22327912847503,0.6216148571428572,73777
3276,7,10.291121171074828,0.6088285714285714,78277
3277,7,10.210185679667305,0.6247868571428575,73951
3278,7,10.325750153921053,0.6030205714285715,79378
3279,7,10.281120558459584,0.6095937142857144,79513
3280,7,10.260828228906515,0.6146971428571428,76382
3281,7,10.329676238777747,0.6016840000000001,80680
3282,7,10.2479570548423,0.6177445714285716,76563
3283,7,10.362322507741647,0.596437142857143,81691
3284,7,10.319336157872618,0.6025485714285713,81882
3285,7,10.267989454173954,0.612392,76930
3286,7,10.28204036029425,0.6090297142857143,77094
3287,7,10.348757431370942,0.5964685714285717,81293
3288,7,10.269281024772697,0.6122628571428572,77261
3289,7,10.383762375132088,0.5905982857142856,82266
3290,7,10.339476899454958,0.5971742857142855,82397
3291,7,10.289273656061637,0.6066285714285715,77601
3292,7,10.327267497731736,0.5996600000000002,80024
3293,7,10.298701468776734,0.6043005714285714,77345
3294,7,10.365936764361082,0.5915657142857145,81514
3295,7,10.28551232591898,0.6076520000000001,77482
3296,7,10.399892081895878,0.5862262857142859,82488
3297,7,10.356342859275973,0.592385142857143,82613
3298,7,10.306521129877638,0.6019028571428572,77838
3299,7,10.343281434946949,0.5951742857142857,80206
3300,7,10.36406281316057,0.5897302857142858,80835
3301,8,10.265250299544155,0.6187749999999999,80869
3302,8,10.22635206531095,0.6245629999999999,80893
3303,8,10.325849681164934,0.6053375000000001,85679
3304,8,10.256631327968828,0.6194,81988
3305,8,10.314478524738629,0.6080825000000001,85790
3306,8,10.181816403000143,0.6337314999999999,76003
3307,8,10.282434839031376,0.6141979999999999,81354
3308,8,10.21264393472293,0.6282360000000002,77209
3309,8,10.270255677595822,0.617268,81460
3310,8,10.243199353502467,0.619886,81306
3311,8,10.173420060714978,0.6342740000000001,77235
3312,8,10.231553278021511,0.6229839999999999,81476
3313,8,10.273507290715967,0.6147535000000002,82409
3314,8,10.330484995272416,0.6037534999999999,86029
3315,8,10.262172086783051,0.6175745,82473
3316,8,10.216289124816292,0.6270485000000002,78438
3317,8,10.316130362450377,0.6077685000000002,83535
3318,8,10.245406998742878,0.6220534999999999,79606
3319,8,10.304205145681399,0.6106564999999999,83662
3320,8,10.278062952583625,0.6131805000000001,83535
3321,8,10.207534737368967,0.6276640000000001,79656
3322,8,10.266692245456554,0.6160870000000002,83722
3323,8,10.306620660264453,0.608522,84569
3324,8,10.364781364032515,0.5972415000000002,88054
3325,8,10.29563154162818,0.611228,84692
3326,8,10.233085540216036,0.6225360000000002,78892
3327,8,10.161992149761168,0.6369704999999999,74547
3328,8,10.221208632110875,0.6256360000000001,79121
3329,8,10.26217237947352,0.6175795000000002,80042
3330,8,10.320270567738733,0.606572,83937
3331,8,10.250682512628261,0.6204415,80173
3332,8,10.224034176461695,0.62302,80067
3333,8,10.282409098832828,0.6118505,83967
3334,8,10.212848515887186,0.6260574999999999,80255
3335,8,10.31145848605444,0.6069905000000001,84952
3336,8,10.231819801562175,0.6222409999999998,79159
3337,8,10.331599103793032,0.6028160000000001,84144
3338,8,10.262915013648461,0.6167525000000001,80241
3339,8,10.319911977148887,0.6058874999999999,84249
3340,8,10.292622453707834,0.6085829999999998,84100
3341,8,10.223965213506132,0.6228430000000001,80278
3342,8,10.281411894087066,0.6117020000000001,84259
3343,8,10.323012380248803,0.6033549999999998,85060
3344,8,10.37948274549555,0.5925489999999999,88514
3345,8,10.312248696524911,0.6062044999999999,85157
3346,8,10.248910970747865,0.6174114999999999,79606
3347,8,10.179791876696495,0.6315394999999999,75316
3348,8,10.237022948684743,0.6207330000000001,79756
3349,8,10.280004845262672,0.6118550000000001,80691
3350,8,10.33613420296942,0.6013639999999999,84519
3351,8,10.268567785804457,0.6148904999999997,80760
3352,8,10.240808514233187,0.6178224999999998,80658
3353,8,10.29730231211418,0.6070525000000002,84466
3354,8,10.229619130956682,0.620994,80780
3355,8,10.328305204743893,0.6015480000000001,85406
3356,8,10.28350635156045,0.610902,81865
3357,8,10.213572925308627,0.6251875,77807
3358,8,10.271787506376997,0.6140130000000001,82016
3359,8,10.312808049569577,0.6058030000000001,82869
3360,8,10.370113739329605,0.5949665000000001,86540
3361,8,10.30161241235424,0.6087339999999998,82988
3362,8,10.27492649600064,0.6114105,82909
3363,8,10.332422611663096,0.6003815000000001,86541
3364,8,10.263982429257526,0.614467,83072
3365,8,10.361624596586537,0.5954085000000001,87421
3366,8,10.230335749826935,0.6203245,78242
3367,8,10.287771574526753,0.6096355,82287
3368,8,10.21901554686265,0.6234819999999999,78408
3369,8,10.31773308108361,0.6042474999999999,83289
3370,8,10.279787279149312,0.6098584999999999,83331
3371,8,10.245937310211028,0.6178769999999998,79336
3372,8,10.345668239465486,0.5986355,84323
3373,8,10.276197469755722,0.6128350000000001,80444
3374,8,10.33376519620934,0.6016770000000001,84419
3375,8,10.307315523626421,0.6041045,84276
3376,8,10.237831601710006,0.6186594999999999,80458
3377,8,10.295835380195374,0.607201,84434
3378,8,10.33693733266368,0.5992709999999998,85256
3379,8,10.393967196279037,0.5881544999999998,88669
3380,8,10.325798426461159,0.6021419999999998,85347
3381,8,10.263822984935857,0.6130845,79828
3382,8,10.193854017420325,0.6275174999999998,75553
3383,8,10.251811441704305,0.6163805000000001,79978
3384,8,10.293984487529826,0.608014,80921
3385,8,10.350833907514374,0.5971929999999999,84703
3386,8,10.282230346689023,0.6110689999999999,80956
3387,8,10.25535780997482,0.6137045000000002,80897
3388,8,10.312548534092752,0.6025799999999999,84663
3389,8,10.24387449604785,0.6168875,80999
3390,8,10.342517142215566,0.5975599999999999,85587
3391,8,10.297476562844071,0.6066640000000001,82050
3392,8,10.226742394443463,0.6212315000000002,77968
3393,8,10.285665446921971,0.6097325,82223
3394,8,10.325997064106522,0.601983,83072
3395,8,10.383968413663874,0.590848,86736
3396,8,10.314548383518263,0.6049279999999999,83178
3397,8,10.288753653877603,0.6072555000000001,83089
3398,8,10.34693499958708,0.5959080000000001,86724
3399,8,10.277567591378041,0.6103195000000001,83252
3400,8,10.375275841801066,0.5913509999999998,87596
3401,8,10.244156965016318,0.6164995000000002,78464
3402,8,10.302398239358235,0.6054184999999999,82513
3403,8,10.232648077782972,0.6196095000000001,78620
3404,8,10.331288330867082,0.6005785,83470
3405,8,10.29394870361879,0.6058225,83520
3406,8,10.312597785407588,0.6017955,82692
3407,8,10.243778441542474,0.6161095,78661
3408,8,10.300937676572854,0.6050445000000002,82824
3409,8,10.342979967634042,0.5966605,83650
3410,8,10.399207042386115,0.5859570000000001,87273
3411,8,10.3317342962229,0.5996769999999999,83730
3412,8,10.304690610747777,0.6023950000000001,83626
3413,8,10.361211708868943,0.5914185000000002,87202
3414,8,10.293646836017528,0.6055865000000001,83750
3415,8,10.391365481486384,0.5863105000000001,88034
3416,8,10.261470176641888,0.6110435000000001,79119
3417,8,10.317859193646346,0.6003539999999999,83099
3418,8,10.249993208294926,0.6142835000000001,79215
3419,8,10.34871909029378,0.5948959999999999,84017
3420,8,10.310312679671057,0.6006710000000001,83990
3421,8,10.29439271320423,0.6048979999999999,81370
3422,8,10.351695495754536,0.5939010000000002,85161
3423,8,10.283084037773879,0.6080274999999998,81500
3424,8,10.380897481533875,0.5889219999999998,86031
3425,8,10.343807168095577,0.594327,86052
3426,8,10.299780824826723,0.603336,81808
3427,8,10.205921764846936,0.6282714999999999,79438
3428,8,10.306068349295044,0.6088419999999999,84397
3429,8,10.236075942319808,0.6231385,80528
3430,8,10.29443974067244,0.611563,84511
3431,8,10.266764615146638,0.6147264999999998,84377
3432,8,10.196853242082572,0.6292215000000001,80577
3433,8,10.255710974010293,0.6174015,84558
3434,8,10.296412702576543,0.609809,85357
3435,8,10.354080691150312,0.5983775,88753
3436,8,10.28570366978508,0.6123450000000001,85447
3437,8,10.223635384029624,0.6234759999999999,79919
3438,8,10.153039547841699,0.6379685000000002,75667
3439,8,10.211785292586946,0.6264605000000001,80097
3440,8,10.253816728048522,0.6182534999999998,81028
3441,8,10.311281612165988,0.6070985,84794
3442,8,10.24233998327149,0.621025,81071
3443,8,10.21434407434453,0.6242864999999996,81007
3444,8,10.272140151632355,0.6129364999999999,84766
3445,8,10.203210808715173,0.627135,81124
3446,8,10.302373208960859,0.607752,85700
3447,8,10.257504850326084,0.6170979999999999,82183
3448,8,10.186214908228935,0.6316995000000001,78125
3449,8,10.245932399518505,0.619805,82355
3450,8,10.286028906679537,0.6122909999999998,83215
3451,8,10.344610663852258,0.6008175000000001,86853
3452,8,10.274881328115917,0.6149405000000001,83327
3453,8,10.24774775328217,0.61799,83225
3454,8,10.306584498415305,0.6063480000000001,86858
3455,8,10.236988648171787,0.6206405000000002,83400
3456,8,10.33511629002261,0.6017250000000001,87742
3457,8,10.203612258112827,0.6268715000000001,78605
3458,8,10.2624890050361,0.6154980000000001,82636
3459,8,10.192352158989868,0.6297215,78762
3460,8,10.291596427905638,0.610503,83616
3461,8,10.253373958450881,0.6161720000000002,83653
3462,8,10.272850296705975,0.6122554999999997,82778
3463,8,10.203506141547857,0.626605,78777
3464,8,10.261431662018419,0.6151464999999999,82920
3465,8,10.303298135675336,0.607014,83743
3466,8,10.360089076963911,0.5959615,87315
3467,8,10.29239266203912,0.6097184999999999,83816
3468,8,10.264086844266636,0.613107,83737
3469,8,10.321194811209695,0.6017875,87273
3470,8,10.253439630342594,0.6158945000000001,83857
3471,8,10.351638816343158,0.596582,88119
3472,8,10.221116760220127,0.621484,79234
3473,8,10.278038005439866,0.610527,83161
3474,8,10.209830650001331,0.624469,79317
3475,8,10.309214135513715,0.6049045000000001,84117
3476,8,10.26997637544418,0.6110519999999999,84077
3477,8,10.254455685815406,0.6153579999999998,81525
3478,8,10.312299329808909,0.6040689999999999,85274
3479,8,10.243428125052374,0.6181520000000003,81654
3480,8,10.341761324132618,0.5989835,86174
3481,8,10.303749250125692,0.604766,86195
3482,8,10.260004095545199,0.6134205000000001,81938
3483,8,10.287172179182592,0.6076465000000001,83006
3484,8,10.21699654277146,0.6223000000000002,79010
3485,8,10.275559260326503,0.6106065,83150
3486,8,10.316756497148324,0.6028799999999999,83990
3487,8,10.374148659480941,0.5915624999999999,87534
3488,8,10.305476783392313,0.6056925000000001,84065
3489,8,10.278156552367982,0.6086215000000001,83970
3490,8,10.335857593424482,0.5970795000000001,87488
3491,8,10.267180301133491,0.6115455000000001,84095
3492,8,10.365337230235218,0.592341,88327
3493,8,10.235412932052412,0.617213,79498
3494,8,10.293089033288632,0.6059535,83412
3495,8,10.223867276308136,0.6202915,79582
3496,8,10.323085861067772,0.6008920000000001,84330
3497,8,10.284436269987081,0.6066914999999999,84313
3498,8,10.267718912545957,0.611196,81748
3499,8,10.326285145540092,0.599639,85515
3500,8,10.25646607268835,0.614079,81887
3501,8,10.354758697966993,0.5950460000000001,86388
3502,8,10.317381627974042,0.6004585000000002,86389
3503,8,10.273788123461431,0.6094179999999999,82179
3504,8,10.28457508851255,0.6061065,82318
3505,8,10.34139399297797,0.5949300000000001,86015
3506,8,10.273471106778755,0.6090884999999999,82422
3507,8,10.371798293425215,0.5898184999999999,86862
3508,8,10.333432120786885,0.5956155,86817
3509,8,10.290896236481428,0.6041205000000001,82680
3510,8,10.323483401321221,0.5980895,84809
3511,8,10.248006132956428,0.6190014999999999,79265
3512,8,10.347315844588666,0.599784,84241
3513,8,10.277740543644224,0.6138440000000002,80338
3514,8,10.33550388196461,0.6025915000000001,84389
3515,8,10.30941502067367,0.605365,84264
3516,8,10.239828553560962,0.6195875000000002,80414
3517,8,10.298063537956216,0.6081974999999998,84427
3518,8,10.3385936930879,0.6004314999999999,85218
3519,8,10.395756125726255,0.5892625,88671
3520,8,10.32756499425007,0.6030209999999999,85333
3521,8,10.265671113214552,0.6141804999999999,79804
3522,8,10.19551587218082,0.6284020000000001,75483
3523,8,10.253751370033712,0.6171705,79966
3524,8,10.295349077061669,0.6090145000000001,80845
3525,8,10.352369383029293,0.598034,84718
3526,8,10.283750864550509,0.6117635000000001,80976
3527,8,10.257125234247642,0.6147235,80882
3528,8,10.314545149634142,0.6035355000000001,84713
3529,8,10.245758431562274,0.6176670000000001,81012
3530,8,10.34414002163979,0.5984369999999999,85638
3531,8,10.29899761854431,0.6078755000000001,82025
3532,8,10.228042509048286,0.6222535000000002,77919
3533,8,10.287094014590284,0.6107589999999999,82178
3534,8,10.326976950763623,0.6031334999999998,83021
3535,8,10.385012049836336,0.5919154999999999,86707
3536,8,10.31545493418014,0.605898,83157
3537,8,10.29024452594902,0.6084060000000001,83111
3538,8,10.348512260182467,0.5971035000000002,86763
3539,8,10.27896834426623,0.6113069999999999,83255
3540,8,10.376400569567265,0.5924984999999999,87644
3541,8,10.2453956835625,0.6174615,78433
3542,8,10.303784185051953,0.6063075,82542
3543,8,10.233838256454701,0.6204044999999999,78612
3544,8,10.332200902221691,0.6014125000000001,83504
3545,8,10.295363703547213,0.6067615000000001,83598
3546,8,10.315167844343868,0.602964,82692
3547,8,10.246075299304895,0.6170975000000001,78611
3548,8,10.303432789452595,0.6060725000000001,82819
3549,8,10.345005228526567,0.597684,83597
3550,8,10.401361447077903,0.586901,87266
3551,8,10.333778156731825,0.6005565,83711
3552,8,10.307143987075989,0.6035065000000001,83661
3553,8,10.363812278611316,0.5925319999999998,87254
3554,8,10.296078435886992,0.6064955000000001,83760
3555,8,10.393550994919602,0.5872739999999999,88075
3556,8,10.263635631127856,0.6119645000000001,79128
3557,8,10.320190185132825,0.6012475,83151
3558,8,10.252105801317434,0.615069,79241
3559,8,10.350604651153331,0.5956589999999999,84069
3560,8,10.312584379580871,0.6015630000000001,84085
3561,8,10.29635541218629,0.6058874999999999,81375
3562,8,10.353702716915324,0.5949799999999998,85195
3563,8,10.284835962695816,0.6089739999999999,81501
3564,8,10.382402278597114,0.5898800000000001,86061
3565,8,10.34582640447602,0.5953565000000002,86152
3566,8,10.301512153932933,0.6041629999999999,81882
3567,8,10.328830802039933,0.598652,82862
3568,8,10.259067223941212,0.6130445,78814
3569,8,10.316961340100232,0.6017305000000001,82997
3570,8,10.357993177500736,0.5938155000000002,83818
3571,8,10.41482745042854,0.5827650000000001,87424
3572,8,10.346392291756828,0.5967225000000002,83914
3573,8,10.320767183844005,0.5992320000000002,83868
3574,8,10.377928653905316,0.587997,87417
3575,8,10.309343523193109,0.6022885,83954
3576,8,10.406867512830459,0.583173,88258
3577,8,10.277419758968257,0.607894,79372
3578,8,10.334622941171391,0.5968574999999998,83356
3579,8,10.265629366984307,0.6110165000000001,79465
3580,8,10.364038137825316,0.5918425,84250
3581,8,10.326620923611092,0.5973255000000002,84280
3582,8,10.309266554005434,0.6019249999999999,81584
3583,8,10.367212060365693,0.5906919999999999,85376
3584,8,10.297510418377824,0.6049910000000002,81691
3585,8,10.395060752965584,0.586106,86242
3586,8,10.359178755424088,0.591139,86315
3587,8,10.314938581290289,0.6002370000000001,82080
3588,8,10.326729619741071,0.5968109999999999,82200
3589,8,10.38305060379831,0.5858944999999998,85945
3590,8,10.315192290207413,0.5999815000000001,82281
3591,8,10.41278792527917,0.5807395000000001,86767
3592,8,10.375706794052562,0.5863330000000002,86778
3593,8,10.332721251878024,0.5948275,82652
3594,8,10.364599270289881,0.588936,84692
3595,8,10.28903970573293,0.608999,82957
3596,8,10.218792617423707,0.6233204999999999,78942
3597,8,10.277560159172788,0.6116535000000001,83133
3598,8,10.318128572563904,0.6040504999999999,83920
3599,8,10.375690037801355,0.592654,87519
3600,8,10.307012395890212,0.6065674999999997,84037
3601,8,10.280015988458898,0.609847,83977
3602,8,10.337901737972613,0.5983185000000001,87525
3603,8,10.26917108809155,0.6124235,84109
3604,8,10.366982483294935,0.593424,88379
3605,8,10.236929038764597,0.618332,79450
3606,8,10.294837506543342,0.6069780000000002,83430
3607,8,10.225565644013907,0.6210555000000001,79584
3608,8,10.32444075845693,0.6017734999999999,84366
3609,8,10.286239607310389,0.6076855000000001,84391
3610,8,10.269012976692588,0.6123255,81731
3611,8,10.327701055426706,0.6008045000000001,85518
3612,8,10.257733282501478,0.6150084999999998,81875
3613,8,10.35567828973541,0.5960785000000001,86412
3614,8,10.31884057534939,0.6015705000000002,86477
3615,8,10.274961818976465,0.6103330000000001,82212
3616,8,10.286780234279062,0.6071555,82296
3617,8,10.343773012993434,0.595964,86026
3618,8,10.275709686426742,0.60991,82412
3619,8,10.373711627362523,0.5906624999999999,86865
3620,8,10.335796591637745,0.5966335,86888
3621,8,10.292933031074972,0.604923,82734
3622,8,10.32528513891137,0.5989629999999999,84855
3623,8,10.30005505324738,0.602819,82551
3624,8,10.357573490126311,0.5913880000000001,86242
3625,8,10.288644069158842,0.6056890000000003,82654
3626,8,10.386582669426694,0.5866540000000002,87094
3627,8,10.349315598708609,0.59216,87110
3628,8,10.306768844405308,0.6006325,82977
3629,8,10.338107374930578,0.594815,85063
3630,8,10.35556025233693,0.5897625,85556
3631,8,10.295092622243132,0.6105425000000002,78298
3632,8,10.393782540435671,0.5916165000000001,83309
3633,8,10.324944627757564,0.6054585,79424
3634,8,10.382455269520316,0.5943475,83462
3635,8,10.354905700052127,0.5973065000000002,83351
3636,8,10.286013588233411,0.6113585,79512
3637,8,10.343960656834355,0.6000185,83536
3638,8,10.384146598381857,0.592469,84363
3639,8,10.440970375380063,0.5814505000000001,87814
3640,8,10.373610501140542,0.5949640000000002,84491
3641,8,10.311705868153915,0.6061534999999999,78732
3642,8,10.242320686202913,0.620197,74477
3643,8,10.300156071750962,0.6090815,78951
3644,8,10.341586786089616,0.6009820000000001,79873
3645,8,10.398183466832755,0.5902640000000002,83703
3646,8,10.330397136695126,0.6037089999999998,79990
3647,8,10.302479568461827,0.6067944999999999,79928
3648,8,10.359413439896903,0.5958260000000001,83737
3649,8,10.291475467228507,0.6096595,80078
3650,8,10.389208287550447,0.5907260000000001,84714
3651,8,10.345476208941298,0.5997420000000002,81070
3652,8,10.27527689305918,0.6139205,76955
3653,8,10.33425524822557,0.602448,81280
3654,8,10.373570463411882,0.595085,82112
3655,8,10.431479201949893,0.5840009999999999,85828
3656,8,10.362809209351274,0.5976685000000003,82259
3657,8,10.335782119933551,0.6004385000000002,82209
3658,8,10.393900959300224,0.5892195,85917
3659,8,10.325229517302887,0.6031470000000002,82398
3660,8,10.42190498031344,0.5847415,86807
3661,8,10.291692233281236,0.609491,77443
3662,8,10.349797978748452,0.5984665000000001,81546
3663,8,10.280757938613565,0.6122735000000001,77628
3664,8,10.378463039579511,0.5936104999999999,82538
3665,8,10.34062917986694,0.598972,82655
3666,8,10.360322245891407,0.5950730000000002,81711
3667,8,10.292008050793555,0.6089775,77677
3668,8,10.349115221005555,0.5980135000000001,81899
3669,8,10.390379731282623,0.589865,82696
3670,8,10.446437052160617,0.5792760000000001,86357
3671,8,10.379666427742201,0.5926104999999999,82830
3672,8,10.351531724933661,0.5957350000000002,82773
3673,8,10.407844075763082,0.5849180000000002,86368
3674,8,10.340937255768791,0.5985965,82909
3675,8,10.437782857292966,0.5797375000000001,87232
3676,8,10.308723631954768,0.6042155000000002,78124
3677,8,10.364812008164911,0.593709,82121
3678,8,10.297611667495236,0.6072240000000001,78267
3679,8,10.395537839974645,0.5881435000000002,83092
3680,8,10.356594416501373,0.5940359999999999,83134
3681,8,10.341795189119035,0.5980385000000001,80452
3682,8,10.399011980518818,0.5872110000000001,84302
3683,8,10.331018924350449,0.6008920000000002,80611
3684,8,10.427927460134542,0.5822015,85182
3685,8,10.390261523498806,0.5877254999999999,85295
3686,8,10.346743668215392,0.5965000000000001,80904
3687,8,10.375327980984148,0.590666,81896
3688,8,10.306285429222967,0.6048265,77860
3689,8,10.363967003587552,0.5935925,82078
3690,8,10.404638362989727,0.5858655,82887
3691,8,10.461233353180106,0.5750235000000002,86531
3692,8,10.39361580341172,0.588631,83018
3693,8,10.366399733124952,0.5914105000000002,82956
3694,8,10.423263474546308,0.5803305000000001,86540
3695,8,10.35551239125704,0.5943035000000001,83099
3696,8,10.452353385917297,0.5755559999999998,87397
3697,8,10.323636330216354,0.6000835000000002,78321
3698,8,10.38044891562739,0.5892625000000001,82322
3699,8,10.312330813895876,0.6030805000000001,78454
3700,8,10.410133920453427,0.584217,83255
3701,8,10.37178070873773,0.5897574999999999,83313
3702,8,10.355893052317796,0.594027,80633
3703,8,10.413763236419586,0.5829040000000001,84491
3704,8,10.344943397302409,0.5968504999999998,80793
3705,8,10.441807318380704,0.5783674999999999,85352
3706,8,10.404827784980952,0.583447,85450
3707,8,10.361239273841482,0.5925455000000002,81076
3708,8,10.372234462220508,0.5890985000000001,81253
3709,8,10.428313046892649,0.5783504999999998,85044
3710,8,10.361274432777622,0.5920780000000001,81388
3711,8,10.45829732569736,0.5732345000000001,85881
3712,8,10.420192149047004,0.5788555,85918
3713,8,10.377803761664701,0.5874159999999999,81646
3714,8,10.410350593119288,0.5813114999999999,83799
3715,8,10.335072741613663,0.6009964999999999,82012
3716,8,10.265474115701407,0.6151694999999999,77995
3717,8,10.324012953627223,0.6035790000000001,82241
3718,8,10.364260099590446,0.5960535000000001,83005
3719,8,10.421522500473127,0.5848875000000001,86646
3720,8,10.353643102155052,0.5985374999999997,83167
3721,8,10.325104098653663,0.6020660000000001,83072
3722,8,10.382655163981154,0.5906680000000002,86662
3723,8,10.314708475790304,0.604576,83252
3724,8,10.411828769374981,0.585843,87538
3725,8,10.28274210522902,0.6104375,78471
3726,8,10.340164128032717,0.599319,82457
3727,8,10.271727538799874,0.6132100000000001,78639
3728,8,10.370002651892468,0.59411,83421
3729,8,10.330838859195548,0.600126,83467
3730,8,10.315167893939634,0.6044499999999999,80805
3731,8,10.37371652176838,0.5929899999999999,84660
3732,8,10.304585547343244,0.6069745000000002,80997
3733,8,10.40184811904733,0.588322,85551
3734,8,10.363919778299584,0.5939370000000003,85634
3735,8,10.320785613890905,0.6026335000000002,81265
3736,8,10.33176627292305,0.5995115,81389
3737,8,10.388443138997344,0.5884480000000001,85147
3738,8,10.321170683245473,0.6021509999999999,81542
3739,8,10.418605535622813,0.5832135000000002,86002
3740,8,10.379634777241003,0.5892715,86041
3741,8,10.337483462540092,0.5975185000000002,81791
3742,8,10.370439477182366,0.5914149999999999,83997
3743,8,10.346188209885085,0.595106,81610
3744,8,10.403448711002355,0.5838375000000001,85374
3745,8,10.335300224146579,0.5978955,81777
3746,8,10.432648114226643,0.5790925,86216
3747,8,10.394306641632918,0.5847775000000002,86248
3748,8,10.352363717902138,0.5932295000000002,82011
3749,8,10.384372001185062,0.5872695,84195
3750,8,10.400629654075264,0.5824699999999999,84692
3751,8,10.376472286652529,0.5921025000000001,81799
3752,8,10.307210174673491,0.6060890000000002,77747
3753,8,10.365122357380237,0.5948350000000003,82002
3754,8,10.405233400317774,0.5871749999999999,82792
3755,8,10.461993644877728,0.5762444999999998,86447
3756,8,10.394291549242324,0.5897530000000001,82962
3757,8,10.367380859266516,0.5928280000000001,82922
3758,8,10.424431740638912,0.5817290000000003,86516
3759,8,10.35649299323621,0.5955285,83052
3760,8,10.453074959004438,0.576871,87403
3761,8,10.324387937926288,0.601357,78261
3762,8,10.38140660813918,0.5903894999999999,82283
3763,8,10.313090013753358,0.6041475000000001,78407
3764,8,10.410653885999478,0.5852610000000003,83253
3765,8,10.372612599776726,0.5910035000000001,83341
3766,8,10.356326379729692,0.595372,80590
3767,8,10.414298880969792,0.5842080000000001,84447
3768,8,10.345189245173087,0.598127,80736
3769,8,10.441824693430133,0.5796104999999998,85336
3770,8,10.405279853580925,0.5848670000000001,85497
3771,8,10.361506759488796,0.5936725000000002,81085
3772,8,10.373653324817607,0.5903154999999999,81209
3773,8,10.429889569803805,0.5795795,84993
3774,8,10.362605659284926,0.5932204999999998,81338
3775,8,10.459375223319764,0.5743265000000001,85848
3776,8,10.4216220222333,0.5801080000000001,85945
3777,8,10.37899820702447,0.5884524999999999,81661
3778,8,10.41122473773217,0.5824905,83818
3779,8,10.3875442835753,0.5861864999999997,81412
3780,8,10.444244860613981,0.5752115,85175
3781,8,10.376196239662747,0.5891120000000001,81517
3782,8,10.472933160144516,0.5704170000000001,86027
3783,8,10.435834909788875,0.5757720000000002,86119
3784,8,10.393345271987712,0.584299,81851
3785,8,10.424749201272288,0.5784525000000001,83981
3786,8,10.441706922990813,0.573559,84522
3787,8,10.346987222868187,0.5964914999999998,81540
3788,8,10.40446365735704,0.5852240000000001,85312
3789,8,10.336184307081076,0.5990360000000002,81725
3790,8,10.433176147244493,0.580284,86194
3791,8,10.395226933878911,0.5861409999999998,86277
3792,8,10.353034155046576,0.5943835,82004
3793,8,10.384699337196666,0.5885360000000002,84200
3794,8,10.401893879996338,0.5835340000000001,84665
3795,8,10.415699334672626,0.579234,84894
3796,9,10.306238071970219,0.6077822222222224,83301
3797,9,10.392314401244105,0.5908040000000001,87786
3798,9,10.33226924675552,0.6031666666666667,84280
3799,9,10.382129407156448,0.5932831111111112,87877
3800,9,10.35833231571018,0.595936,87721
3801,9,10.298329284605629,0.6084751111111112,84278
3802,9,10.348641638670825,0.5983457777777779,87876
3803,9,10.383867226279692,0.5915684444444443,88609
3804,9,10.433270746244512,0.5816675555555555,91697
3805,9,10.374412922067005,0.5938008888888888,88689
3806,9,10.320927272194249,0.6037551111111112,83717
3807,9,10.260569427119568,0.6162880000000001,79890
3808,9,10.31067433125758,0.6064048888888888,83886
3809,9,10.34699378238051,0.5991133333333334,84708
3810,9,10.396089438235013,0.5894937777777777,88120
3811,9,10.336954441754397,0.6016004444444444,84770
3812,9,10.312823848406074,0.6043462222222223,84646
3813,9,10.362292863263356,0.5944915555555557,88063
3814,9,10.303095633233104,0.6068995555555555,84772
3815,9,10.388211413819707,0.5899497777777779,88910
3816,9,10.350287889825111,0.59818,85773
3817,9,10.289187386607178,0.6108306666666669,82122
3818,9,10.340231508492707,0.6006679999999999,85944
3819,9,10.374873619819493,0.5938955555555556,86708
3820,9,10.425047275324726,0.5840013333333334,90000
3821,9,10.365092651252336,0.5963435555555555,86815
3822,9,10.341813236170857,0.5987955555555555,86681
3823,9,10.392244989735454,0.5887431111111112,89979
3824,9,10.332365438608347,0.6012493333333334,86853
3825,9,10.416671019057171,0.584656888888889,90778
3826,9,10.303599225052334,0.6067924444444446,82535
3827,9,10.353930158200562,0.5969720000000001,86182
3828,9,10.29380365156423,0.6093866666666666,82712
3829,9,10.378911069434324,0.5926182222222223,87069
3830,9,10.34589972514078,0.5974524444444446,87078
3831,9,10.362976530928943,0.5938537777777778,86306
3832,9,10.303525554320096,0.6062506666666667,82683
3833,9,10.35304797419915,0.5964466666666667,86435
3834,9,10.389205146366058,0.5891444444444444,87161
3835,9,10.43786661287171,0.5795888888888889,90429
3836,9,10.379613218695656,0.5915773333333333,87236
3837,9,10.35525203572199,0.5945022222222223,87124
3838,9,10.404224230670895,0.584717777777778,90355
3839,9,10.345919102275023,0.5969546666666666,87244
3840,9,10.430272882750279,0.5800524444444444,91104
3841,9,10.318192722766346,0.6019102222222222,83078
3842,9,10.366873157370916,0.5924453333333332,86648
3843,9,10.308385221958348,0.6045737777777779,83183
3844,9,10.393602354817183,0.587444888888889,87493
3845,9,10.359648414873282,0.5927871111111112,87439
3846,9,10.346916105791243,0.5965817777777778,85146
3847,9,10.396520625878159,0.586844,88564
3848,9,10.337299096424813,0.5991173333333335,85287
3849,9,10.421731711920726,0.5823044444444445,89357
3850,9,10.388872054196565,0.5872959999999999,89360
3851,9,10.351064557901449,0.5950835555555557,85540
3852,9,10.375127803564414,0.5898168888888887,86479
3853,9,10.31498799519488,0.6025177777777778,82864
3854,9,10.36506204737074,0.5924808888888888,86620
3855,9,10.40068298137927,0.5855115555555555,87361
3856,9,10.449869107751349,0.5757360000000002,90602
3857,9,10.390804848885828,0.5880515555555557,87433
3858,9,10.367272552062772,0.5905400000000001,87305
3859,9,10.416779788674353,0.5805342222222223,90524
3860,9,10.357661707999927,0.5930995555555555,87430
3861,9,10.442071392910531,0.5762551111111112,91280
3862,9,10.33027290498325,0.5981866666666669,83304
3863,9,10.379623290781062,0.5884542222222222,86864
3864,9,10.320267049279343,0.6009062222222222,83403
3865,9,10.405421107445514,0.5839666666666669,87681
3866,9,10.371988706775445,0.5889484444444445,87637
3867,9,10.358296220350159,0.5928959999999999,85334
3868,9,10.408520805093476,0.58294,88772
3869,9,10.348510942600184,0.5955173333333336,85485
3870,9,10.432952207792031,0.5788435555555557,89548
3871,9,10.400676167482588,0.5834591111111112,89532
3872,9,10.362843070353893,0.5915728888888889,85749
3873,9,10.37222247863134,0.5883604444444444,85819
3874,9,10.420980431268438,0.5786466666666669,89211
3875,9,10.362561747731254,0.5909848888888889,85928
3876,9,10.447047498529088,0.5740644444444444,89949
3877,9,10.413829350233643,0.5791617777777778,89885
3878,9,10.377064439995975,0.5867057777777779,86169
3879,9,10.405266820719318,0.5814266666666668,88083
3880,9,10.341047287243326,0.5991173333333335,86538
3881,9,10.280441957237416,0.6118026666666668,82943
3882,9,10.33119223511594,0.6015155555555556,86695
3883,9,10.366554728049074,0.5947057777777779,87434
3884,9,10.416267551748723,0.5846915555555556,90642
3885,9,10.356960784172728,0.5970133333333333,87501
3886,9,10.332351295815323,0.6000555555555556,87396
3887,9,10.38239193390578,0.589893777777778,90595
3888,9,10.32310408666669,0.6023284444444447,87526
3889,9,10.40781808435589,0.5855515555555555,91358
3890,9,10.295633065487209,0.607516,83379
3891,9,10.34548899536495,0.5975973333333334,86914
3892,9,10.285827761745601,0.6100582222222223,83482
3893,9,10.371450323544275,0.5929755555555556,87758
3894,9,10.33730707110454,0.5983333333333335,87718
3895,9,10.323822379820887,0.6022622222222225,85448
3896,9,10.374585241587695,0.5920893333333336,88858
3897,9,10.314295564103993,0.6046680000000001,85594
3898,9,10.399122543174226,0.5879017777777777,89661
3899,9,10.366021901849003,0.5929062222222224,89648
3900,9,10.328530056429107,0.6007248888888888,85842
3901,9,10.33799519441029,0.5977511111111111,85906
3902,9,10.387234627615278,0.5878479999999999,89244
3903,9,10.328584145897917,0.6001333333333333,86002
3904,9,10.413480553413615,0.5831364444444445,90006
3905,9,10.379511486146543,0.5885924444444445,89961
3906,9,10.34290889269317,0.5958991111111112,86232
3907,9,10.371459484172986,0.5906462222222224,88194
3908,9,10.349648790077975,0.5937079999999999,86137
3909,9,10.399456266442954,0.5836035555555557,89476
3910,9,10.339987509531086,0.596266666666667,86247
3911,9,10.424847533807464,0.579360888888889,90232
3912,9,10.391432918996552,0.584457777777778,90176
3913,9,10.355011305623437,0.5920004444444444,86476
3914,9,10.382756114487126,0.5868426666666666,88417
3915,9,10.39668737261199,0.582349777777778,88793
3916,9,10.377280800011974,0.5909462222222222,86448
3917,9,10.316999297597079,0.603364888888889,82805
3918,9,10.367232212109245,0.5933399999999999,86603
3919,9,10.402367636599484,0.5865084444444447,87297
3920,9,10.451653586412451,0.576684888888889,90580
3921,9,10.39255118878022,0.5887928888888889,87414
3922,9,10.369372483256331,0.5915755555555557,87317
3923,9,10.418991349595965,0.5815995555555555,90557
3924,9,10.359786759162695,0.5938933333333333,87437
3925,9,10.443901333950254,0.5772319999999999,91312
3926,9,10.332129617997635,0.599150222222222,83275
3927,9,10.381619915184801,0.5893093333333336,86890
3928,9,10.32216292816394,0.6015773333333332,83414
3929,9,10.407034813719932,0.5847222222222224,87710
3930,9,10.373970644010493,0.5898386666666666,87703
3931,9,10.359872519489233,0.5939146666666667,85329
3932,9,10.410148677782548,0.5839537777777778,88777
3933,9,10.349963313921933,0.5963933333333336,85474
3934,9,10.434123565461693,0.5797835555555555,89560
3935,9,10.402315024966393,0.5844920000000001,89606
3936,9,10.364281852101369,0.5923773333333333,85791
3937,9,10.374672777439248,0.5892875555555555,85834
3938,9,10.423524984558686,0.5796284444444444,89240
3939,9,10.364932780156662,0.5917680000000002,85934
3940,9,10.44915703945408,0.5748755555555558,89965
3941,9,10.416327584246059,0.5801004444444445,89965
3942,9,10.379323175244235,0.5874644444444443,86247
3943,9,10.407241672890331,0.5823124444444444,88145
3944,9,10.385890634306907,0.5854804444444445,86034
3945,9,10.435214245065376,0.5755946666666667,89413
3946,9,10.375898421158674,0.58804,86133
3947,9,10.460122714091824,0.5713075555555557,90153
3948,9,10.427876383243088,0.5761071111111112,90143
3949,9,10.390995972498041,0.5837017777777778,86448
3950,9,10.418223281034784,0.5786191111111113,88325
3951,9,10.432725126028016,0.5740471111111112,88752
3952,9,10.351550393898894,0.5948115555555555,86115
3953,9,10.401481521318937,0.5847360000000001,89478
3954,9,10.341963296432851,0.597072,86243
3955,9,10.426461840744633,0.5803186666666666,90244
3956,9,10.393477541191997,0.5855137777777777,90243
3957,9,10.356802022328711,0.5929097777777779,86516
3958,9,10.384242933560834,0.5878311111111114,88458
3959,9,10.398998596801666,0.5831831111111112,88831
3960,9,10.41021250476122,0.5791986666666668,89062
3961,9,10.417066735110396,0.5834999999999999,85597
3962,9,10.357410909635236,0.5957924444444445,81982
3963,9,10.407445210024779,0.5858182222222222,85791
3964,9,10.442301563264042,0.5790675555555554,86497
3965,9,10.491354182887873,0.5693995555555557,89780
3966,9,10.432959303956057,0.5813119999999999,86630
3967,9,10.408414430329566,0.5842720000000001,86531
3968,9,10.457770061135387,0.5744146666666667,89782
3969,9,10.399272287353389,0.5865111111111111,86685
3970,9,10.482830902759156,0.5700826666666665,90568
3971,9,10.371720554397758,0.5918746666666668,82394
3972,9,10.420849687486985,0.5821893333333334,85977
3973,9,10.362127354683526,0.5942786666666667,82550
3974,9,10.4465186113153,0.577587111111111,86847
3975,9,10.412623986324476,0.5827591111111112,86867
3976,9,10.399783451310666,0.5865946666666667,84505
3977,9,10.44996369002291,0.5766831111111113,87986
3978,9,10.390531931594461,0.588901777777778,84682
3979,9,10.474128488242682,0.572544,88787
3980,9,10.441360687979717,0.5773333333333334,88853
3981,9,10.403924192342192,0.5852440000000001,84926
3982,9,10.413531358943636,0.5821382222222223,85007
3983,9,10.462147063676035,0.5725768888888889,88416
3984,9,10.404270201964342,0.5845115555555557,85150
3985,9,10.488027002067664,0.5678684444444445,89178
3986,9,10.45428430127307,0.5731360000000001,89201
3987,9,10.417838253643573,0.5805573333333334,85362
3988,9,10.446282548826838,0.5752586666666669,87351
3989,9,10.425835237560854,0.5782404444444444,85190
3990,9,10.47497428775421,0.5684808888888889,88609
3991,9,10.416362720699402,0.5806786666666668,85342
3992,9,10.500085488811662,0.5641831111111111,89360
3993,9,10.466916517109945,0.5690746666666666,89377
3994,9,10.430503502202898,0.5767280000000001,85552
3995,9,10.4583132314717,0.5715182222222224,87536
3996,9,10.471751768305191,0.5671462222222221,87953
3997,9,10.391075852948596,0.5875600000000001,85292
3998,9,10.440773895117582,0.5776053333333333,88699
3999,9,10.381922492327005,0.5897920000000001,85473
4000,9,10.465926049242302,0.5731933333333334,89474
4001,9,10.432004403099882,0.5785111111111111,89489
4002,9,10.395876742474494,0.5859284444444445,85679
4003,9,10.423854980127828,0.5807395555555556,87691
4004,9,10.437505389602334,0.5763426666666668,88057
4005,9,10.449730706198864,0.5722964444444444,88287
4006,9,10.427042327463107,0.579508,85139
4007,9,10.476293500479985,0.5697031111111113,88550
4008,9,10.417537951033477,0.5817591111111111,85294
4009,9,10.500977506019332,0.5652866666666667,89335
4010,9,10.468141398216277,0.5703622222222223,89395
4011,9,10.431547197685333,0.5777928888888889,85557
4012,9,10.45898448750427,0.5727253333333333,87540
4013,9,10.473316344047136,0.5682102222222223,87954
4014,9,10.485074505543214,0.564331111111111,88142
4015,9,10.450824634195323,0.5735075555555558,88274
4016,10,10.419471226295212,0.5824736,89652
4017,10,10.366798616137014,0.5935076,86383
4018,10,10.410778292745757,0.5846204,89795
4019,10,10.44179686450205,0.5784555999999997,90454
4020,10,10.484960708209355,0.5697896,93394
4021,10,10.433255810128768,0.5805160000000003,90523
4022,10,10.411828707022917,0.5831732000000001,90388
4023,10,10.455324202920702,0.5742732,93321
4024,10,10.403597141160619,0.5851744,90517
4025,10,10.477430022941753,0.5703931999999999,94011
4026,10,10.379604635275486,0.589884,86765
4027,10,10.422822704346586,0.5812256000000001,89992
4028,10,10.370956803097362,0.5920728000000003,86889
4029,10,10.445450678493584,0.5770964,90753
4030,10,10.415547603784868,0.5817244000000001,90693
4031,10,10.404322963809719,0.5852700000000001,88650
4032,10,10.448420359538082,0.5764315999999998,91766
4033,10,10.395893263492455,0.5874439999999999,88809
4034,10,10.469774364296148,0.5726416,92490
4035,10,10.440826647251525,0.5769852,92461
4036,10,10.407855635519521,0.5840496000000002,89033
4037,10,10.416254419233079,0.5811652,89055
4038,10,10.459049776282622,0.5725503999999997,92123
4039,10,10.407925938995021,0.5832584,89160
4040,10,10.48186656395624,0.5682916000000001,92793
4041,10,10.452092993235366,0.5730828000000002,92735
4042,10,10.420022457460105,0.5796344,89365
4043,10,10.445005188307896,0.575044,91141
4044,10,10.426299529935628,0.577628,89240
4045,10,10.469604706602144,0.5688496,92313
4046,10,10.417776684222705,0.5798632,89359
4047,10,10.491729019639209,0.5649823999999998,92984
4048,10,10.462465044577117,0.5694016,92913
4049,10,10.430436593259522,0.5761912000000001,89578
4050,10,10.454865314122062,0.5716600000000002,91340
4051,10,10.466554294449606,0.5675404,91658
4052,10,10.396491328352417,0.5860200000000002,89297
4053,10,10.44024369636462,0.5771092000000001,92334
4054,10,10.388192009014402,0.5881211999999997,89412
4055,10,10.462438298441704,0.5731712000000001,93028
4056,10,10.432508977983323,0.5778972,92976
4057,10,10.400688765987125,0.5845400000000003,89619
4058,10,10.425269132894758,0.5800312000000002,91419
4059,10,10.437173194960224,0.5759127999999999,91700
4060,10,10.447206720762825,0.5722244000000001,91936
4061,10,10.428386012991488,0.5785864000000001,89223
4062,10,10.471757012484723,0.5697852000000001,92310
4063,10,10.419842430470812,0.5805784,89349
4064,10,10.493501328763822,0.5658028000000002,92982
4065,10,10.46460558413942,0.5703444000000001,92964
4066,10,10.432381714093104,0.5769796,89613
4067,10,10.456484177098915,0.5725680000000001,91369
4068,10,10.468967327526132,0.5683608,91706
4069,10,10.478617262482866,0.5648288000000001,91896
4070,10,10.449193137365057,0.5731808,91961
4071,10,10.463029684636458,0.5717935999999999,88491
4072,10,10.506220663080276,0.5630744000000001,91590
4073,10,10.454918674649017,0.5737575999999999,88657
4074,10,10.528161864836491,0.5590984,92289
4075,10,10.49844264049716,0.5637251999999999,92293
4076,10,10.466658010904307,0.57043,88837
4077,10,10.491229557417855,0.5659196,90672
4078,10,10.50271983385621,0.5618855999999999,90991
4079,10,10.513330027938679,0.5582676000000001,91188
4080,10,10.483484016166296,0.5666420000000001,91274
4081,10,10.514653187132259,0.5593859999999999,91172
4082,11,10.465485821553928,0.5709858181818183,92091
4083,11,10.503927323517525,0.563125090909091,94892
4084,11,10.458057138735118,0.5728156363636365,92215
4085,11,10.523488481221815,0.5595549090909091,95513
4086,11,10.497005512073363,0.5637378181818183,95448
4087,11,10.468714421897122,0.5697378181818182,92406
4088,11,10.490540318584697,0.5657538181818181,94048
4089,11,10.500690241064934,0.5619767272727273,94299
4090,11,10.509468887949891,0.5586941818181816,94499
4091,11,10.483565366196546,0.5663250909090909,94521
4092,11,10.511530322805202,0.5595549090909092,94510
4093,11,10.541947964710912,0.5533865454545455,93886
